subject,trial_order,video_label,category,main_condition,previous_category,previous_video_label,recovery_is_endvid,baseline_hr_bpm,baseline_scl_us,stimulus_end_hr_bpm,stimulus_end_scl_us,stimulus_end_valence,stimulus_end_arousal,hr_reactivity_bpm,scl_reactivity_us,recovery_hr_min_rr_count,hr_low_quality,hr_early_residual,hr_late_residual,hr_recovery_auc_abs,hr_recovery_slope_per_s,scl_early_residual,scl_late_residual,scl_recovery_auc_abs,scl_recovery_slope_per_s
1,1,boring-1,boring,False,,,False,74.44340474875553,8.145602399999996,74.67465686009626,7.045141599999997,5.163487130600571,2.0333617731172544,0.2312521113407371,-1.1004607999999987,12,False,1.6414846821521014,2.177469944932985,332.7103755163936,0.022874041059109607,-1.3007415999999983,-1.8662336000000002,174.76531199999988,-0.006298282237762256
1,2,amusing-1,amusing,True,boring,boring-1,False,78.54453360049307,6.368009199999997,74.45233421771586,5.392692799999996,8.865371456399368,6.17763097377103,-4.09219938277721,-0.9753164000000005,12,False,-4.680391101331968,-1.2862830442447166,289.1685998995614,0.026085785888426784,-1.0792676000000005,-1.373842,135.010352,-0.0032604562237762134
1,3,relaxed-1,relaxed,False,amusing,amusing-1,False,76.36885693859641,5.043482399999998,78.73436907505442,4.698147999999998,3.9575591992373687,6.276034699714013,2.3655121364580083,-0.3453343999999996,12,False,1.5372658650401074,0.2859945961639738,156.53277125906425,-0.012612235543331723,-0.3889623999999999,-0.6222296000000002,53.86648800000005,-0.0026488027972027964
1,4,scary-1,scary,True,relaxed,relaxed-1,False,76.95887537676427,4.467084799999997,72.9376048887313,16.627962,0.5,8.96978503336511,-4.021270488032968,12.160877200000003,11,False,-6.599612027950054,-5.397159473350034,729.9794047525772,0.025629094762496325,12.102793599999998,9.46726,1190.920592,-0.028901965594405624
1,5,boring-2,boring,False,scary,scary-1,False,71.68996196416583,14.414941599999993,73.15662859636672,9.476373599999997,6.229085986653955,4.161751382268828,1.4666666322008837,-4.9385679999999965,12,False,6.055031611187299,4.833545107662322,496.49781363637436,-0.028011220043289754,-5.600780799999996,-6.585761599999995,662.3373079999998,-0.011049332307692285
1,6,amusing-2,amusing,True,boring,boring-2,False,73.71132452810212,8.060476399999997,94.61697766322246,9.299353599999996,9.373223260247853,7.2305277407054325,20.905653135120332,1.2388771999999992,10,False,0.2821950071846828,0.2875299265592967,319.6641212126984,0.011171040299828353,3.3179788,1.8068668000000006,304.604828,-0.01670185426573427
1,7,relaxed-2,relaxed,False,amusing,amusing-2,False,73.0468598326998,10.273688399999996,73.2758960317362,6.976146399999998,5.083669859680338,4.943570583957056,0.2290361990364005,-3.2975419999999973,12,False,2.4255088193344627,2.053583609888335,286.9265760715118,0.010984691495948894,-3.6161011999999997,-4.309523599999998,437.95259999999985,-0.007701208111888081
1,8,scary-2,scary,True,relaxed,relaxed-2,True,76.6183384285451,6.063877199999998,82.42468265742087,6.519205599999996,0.5,9.5,5.806344228875773,0.4553283999999982,11,False,-3.886533217946725,-5.182529728641754,574.1547929190559,-0.002314538441298805,1.2396307999999996,1.3378168444444458,163.5474786666666,0.0009020207925408035
2,1,amusing-2,amusing,True,,,False,64.7957238766225,9.0024796,68.69801325980451,30.092176799999997,4.290807721639657,5.623001334604385,3.9022893831820085,21.089697199999996,10,False,-0.21521566063690756,1.0134894071618703,301.67905285014984,0.0016512802945986688,18.291053199999997,13.873725599999998,1779.1915059999997,-0.04829786643356642
2,2,relaxed-2,relaxed,False,amusing,amusing-2,False,64.23453286435932,23.794923200000003,61.51483612942886,11.000429599999997,5.195438703527168,4.877054337464251,-2.7196967349304657,-12.794493600000006,10,False,-1.1088273852257207,1.3457230158722666,124.66106301616833,0.025652936399144483,-14.160124800000006,-16.179824800000006,1667.4255760000008,-0.02252991692307683
2,3,boring-2,boring,False,relaxed,relaxed-2,False,65.31458719543181,7.945912399999997,62.924897467042285,5.666039999999997,5.100485414680648,3.7630207816968544,-2.389689728389527,-2.2798724000000004,10,False,9.22486429466636,4.669543737646658,634.3945763957503,-0.035102620630983475,0.06383719999999975,3.7570775999999992,390.8801719999999,0.03543418993006993
2,4,scary-2,scary,True,boring,boring-2,False,69.53128355858077,11.635507799999997,64.77061867020912,32.1425888,1.3571157292659677,8.63728808388942,-4.76066488837165,20.507081,10,False,-7.158672504169381,-2.65516173017429,447.9920822714008,0.05307464737615954,19.0728314,10.6909042,1675.3871099999997,-0.09317787020979024
2,5,amusing-1,amusing,True,scary,scary-2,False,67.59522951432649,24.055460800000002,62.269486720927596,15.186170399999998,6.788244518589132,5.98446558627264,-5.325742793398895,-8.869290400000004,10,False,-2.4214156854293356,-3.010756761058687,273.0538240441033,-0.007466995579093729,-7.990231200000005,-8.724797600000008,805.6235840000006,-0.006661017482517465
2,6,boring-1,boring,False,amusing,amusing-1,False,64.86803149617302,16.333649999999995,63.39316594450843,14.445889999999999,5.169704480457579,4.144011058150619,-1.4748655516645854,-1.8877599999999966,10,False,-0.34851054979830093,5.775888691004799,497.74436107272146,0.06180034414035037,-3.981975599999999,-2.6999899999999983,401.0112719999999,0.017241010909090908
2,7,relaxed-1,relaxed,False,boring,boring-1,False,70.3845769952934,13.469979199999996,62.997663689539834,11.836446,6.611359771210677,2.930863679694948,-7.386913305753566,-1.6335331999999951,10,False,2.3397728165960436,-2.991856488926724,468.1324118085578,-0.0464594720122078,-1.9303391999999977,-4.519933599999999,330.98960799999975,-0.029383460559440567
2,8,scary-1,scary,True,relaxed,relaxed-1,True,67.02017391072998,9.398936199999996,62.2105124497592,29.9191632,2.173908287038559,8.386295782518655,-4.80966146097078,20.520227000000006,10,False,-3.115401291975168,7.294705121430828,314.4213701103614,0.10380513599356944,18.9859014,14.296068066666665,1812.717662,-0.05169836671328681
3,1,relaxed-1,relaxed,False,,,False,60.56840574782301,18.7906874,63.69174639793204,16.791382399999996,6.425575387005032,2.6302965380814225,3.1233406501090357,-1.9993050000000032,9,False,4.2994622780842136,3.9163633981180723,414.0093067079041,0.015542128866867788,-2.761995000000001,-2.4277314000000025,287.6152360000003,0.002413781538461526
3,2,scary-1,scary,True,relaxed,relaxed-1,False,65.10234232107632,16.182484199999998,66.94456284469473,33.094265199999995,2.456988308661538,8.478089341337983,1.8422205236184084,16.911780999999998,8,False,-0.6732170959114493,-8.982282036375928,904.7335087441982,-0.0949125503809931,18.1407526,15.072494999999998,1787.3309459999998,-0.03428547734265736
3,3,amusing-1,amusing,True,scary,scary-1,False,55.46973303784688,31.4017744,65.87224468229881,29.47759439999999,8.42257273593899,6.561681601525263,10.402511644451934,-1.9241800000000104,8,False,4.837670789053249,5.763442834681375,480.375969638926,0.0059309059054223606,-1.7447932000000013,-3.0763352000000026,266.13144200000045,-0.015450863076923092
3,4,boring-1,boring,False,amusing,amusing-1,False,59.218598021818494,28.4246596,60.88579500235191,27.826439199999996,4.920770257387988,1.327244995233556,1.6671969805334186,-0.5982204000000024,9,False,4.32383439482651,1.9019172853895394,235.30479816801608,-0.020461044686416085,-1.290671200000001,-1.774030400000002,177.8333960000001,-0.0065242732867132796
3,5,amusing-2,amusing,True,boring,boring-1,False,60.24603964620397,26.530184199999997,64.39844153030286,29.364243999999992,6.855250905624404,7.0437750238322225,4.152401884098893,2.834059799999995,9,False,6.391130747350677,5.05198483246819,462.76589905541954,-0.015651199989942733,3.588999800000002,0.9595566000000014,214.74853000000016,-0.028836437622377642
3,6,boring-2,boring,False,amusing,amusing-2,False,62.32701848535153,27.496050199999996,63.15186023333933,21.292670799999993,5.619508865586273,4.522231839847473,0.8248417479877972,-6.203379400000003,10,False,2.5286057227212453,1.6064030729278163,350.6003769987702,-0.01846342137710403,-6.9282173999999985,-8.026618199999998,840.8528859999997,-0.012510834965034941
3,7,scary-2,scary,True,boring,boring-2,False,62.0402897049445,19.4268528,76.4183445267356,34.075184,1.9886680648236412,8.478234890371784,14.378054821791096,14.648331200000001,9,False,1.815095023479086,-4.120474380813214,333.2495958284219,-0.06528286852304635,14.8802872,13.249626399999997,1594.3401119999999,-0.020146910349650403
3,8,relaxed-2,relaxed,False,scary,scary-2,True,58.36907816864676,33.1838914,64.75045870935992,31.9003816,5.979210295519542,4.877881410867492,6.38138054071316,-1.283509800000001,9,False,10.244302115314339,1.387793217638728,738.7350352490195,-0.11051524254872132,0.6185285999999977,-1.1697594888888918,80.80526933333344,-0.021814939906759912
4,1,boring-2,boring,False,,,False,56.30985915866727,20.7153812,55.804724945171564,15.1880088,5.814529140559974,4.851002576585379,-0.5051342134957082,-5.527372399999999,9,False,10.778665411147353,7.3806861762565275,779.7053549711917,-0.05946686282629848,-5.889691599999999,-2.1814528,299.63861200000014,0.039283944755244764
4,2,amusing-2,amusing,True,boring,boring-2,False,60.63310843101463,18.9587718,55.225592857724514,13.093790799999997,6.5573912297426125,6.228775977121067,-5.407515573290112,-5.864981000000004,8,False,12.419898862606445,-2.619991556420281,791.3852194443427,-0.17700394561425878,-6.886954200000005,-3.9410790000000033,473.35829400000046,0.032298614265734306
4,3,scary-2,scary,True,amusing,amusing-2,False,57.15814144226873,15.577305199999996,60.299879689776866,23.306407200000002,0.6317680404741935,7.788713060057198,3.141738247508137,7.729102000000006,9,False,4.980819324748938,-0.09569919378092588,320.5480505493202,-0.04983005850191167,12.738672399999999,11.821822400000002,1414.78577,-0.009596911468531491
4,4,relaxed-2,relaxed,False,scary,scary-2,False,57.505340061831355,28.018573,55.53714151522909,16.1507816,5.440984270734033,6.057157673975214,-1.9681985466022667,-11.867791400000002,9,False,1.399644388037063,-0.13928139157004674,251.99850372982556,-0.02454991860756956,-12.929653000000004,-16.314201000000004,1610.7752420000004,-0.03747587874125874
4,5,boring-1,boring,False,relaxed,relaxed-2,False,56.22930539415175,12.193642199999998,55.95225875073901,11.911747199999997,5.881468064823642,6.379548141086749,-0.27704664341273855,-0.28189500000000045,9,False,9.558136942142854,4.520903060824153,453.39154239453944,-0.051214984476654346,-0.24811740000000052,-2.2848398000000008,107.77353000000002,-0.023219002237762246
4,6,relaxed-1,relaxed,False,boring,boring-1,False,58.835002370569256,10.430041999999998,52.68115872984944,19.980652000000003,4.966661963775024,2.642861963775024,-6.153843640719813,9.550610000000004,9,False,8.263622223713142,-0.2753203264516036,524.3054570697348,-0.08642687132420811,10.472711599999997,5.7026724,962.903972,-0.05348643482517484
4,7,scary-1,scary,True,relaxed,relaxed-1,False,56.77202829169062,17.2516762,56.05791746568192,33.96491999999999,0.7154509056244042,8.270735271687322,-0.7141108260086995,16.713243799999994,9,False,8.72492159439617,20.070723066438344,850.0154249813377,0.1021604834007592,20.666233000000002,18.745326199999997,2130.2785959999997,-0.01937856083916091
4,8,amusing-1,amusing,True,scary,scary-1,True,69.02963779826364,35.81929019999999,52.4252861891218,23.131352799999995,7.559980934223069,5.901273212583413,-16.604351609141837,-12.687937399999996,9,False,-1.639882700635141,-3.252878756523392,895.8037837875145,-0.0021805742856153922,-13.345886199999994,-4.73096584444444,968.6023206666661,0.0996195641025641
5,1,amusing-1,amusing,True,,,False,62.497336597460766,17.234034399999995,60.467180278082736,15.100812399999997,6.571444041944709,5.701393708293613,-2.0301563193780297,-2.133221999999998,10,False,8.517181000939145,2.611256258491141,558.5787193861438,-0.0686513867067649,3.6774696000000007,15.6584372,1456.1467280000002,0.1249080952447552
5,2,scary-1,scary,True,amusing,amusing-1,False,63.64421745347474,32.733025399999995,67.75307756982163,34.05034359999999,0.6557546234509055,9.25592583412774,4.108860116346889,1.3173181999999954,9,False,1.0282861103310854,2.96891996188009,274.88642451518035,0.014224715546553498,-0.400272600000001,-3.042072599999996,185.17051999999964,-0.03094438447552443
5,3,relaxed-1,relaxed,False,scary,scary-1,False,65.49198698377619,30.0594872,62.746131763213235,17.339529599999995,5.417135843660629,0.632697807435653,-2.7458552205629516,-12.719957600000004,11,False,4.654314984097098,3.086097972034674,682.4999377959087,0.006685322143080846,-9.573332,4.482300799999997,585.0265859999998,0.16739337986013983
5,4,boring-1,boring,False,relaxed,relaxed-1,False,72.5334639847287,34.9562544,60.15366216402607,20.417947199999997,4.961881410867494,0.8666177311725453,-12.379801820702625,-14.538307200000002,10,False,-3.6225483739379882,-6.442210242025493,823.6210096431848,-0.0050546233171515475,-10.877563200000003,0.8812736000000001,712.6216619999999,0.13988529986013992
5,5,scary-2,scary,True,boring,boring-1,False,66.11825877351296,33.364072799999995,73.96686143515586,35.739882,1.0102835954611973,9.5,7.8486026616429,2.375809200000006,10,False,-4.087694850703592,2.426220222637179,394.89785625401976,0.06206743995481383,1.2865340000000007,1.5376760000000023,112.94150400000011,-0.0007313165034964784
5,6,amusing-2,amusing,True,scary,scary-2,False,65.76812223937098,34.1146424,61.74872035039278,32.00124479999999,8.594773307912298,5.8463374642516674,-4.0194018889782015,-2.113397600000013,11,False,3.943938213044459,0.8826682103386313,414.1328608645392,-0.024470576937382273,0.3681403999999991,0.7957151999999988,233.63766799999974,0.005989843636363633
5,7,boring-2,boring,False,amusing,amusing-2,False,68.0782663353133,35.8331234,64.7322768073675,21.611820799999997,5.490513441372735,4.08054118207817,-3.345989527945804,-14.221302600000001,10,False,11.954620701917728,-2.247932513836188,584.9424832345401,-0.13637070541374252,-3.204722600000005,3.484409399999999,433.84845999999965,0.07959833496503502
5,8,relaxed-2,relaxed,False,boring,boring-2,True,65.56565459953586,39.680191799999996,61.638658414052266,19.2017344,7.808381792183031,5.192805338417541,-3.9269961854835955,-20.478457399999996,10,False,2.970984486372506,-2.7539539850865538,436.94839784411727,-0.08280571737782172,-20.2915174,-0.7206974888888903,876.9036793333332,0.21896540205128207
6,1,relaxed-2,relaxed,False,,,False,71.13036729164912,13.071320799999997,66.59901437232409,10.046991999999996,5.69570661133853,4.8509846111943355,-4.53135291932503,-3.024328800000001,9,False,-5.555153231251299,-12.088866768956402,982.2780174985087,-0.058350998681070416,-3.189391199999999,-2.6184439999999998,316.0183159999999,0.006727286433566431
6,2,scary-2,scary,True,relaxed,relaxed-2,False,69.08216225656007,10.401229199999998,63.53912720955462,11.045900799999995,3.3114444232602476,7.724314585319353,-5.543035047005446,0.644671599999997,9,False,-3.057698191766981,-2.485509314343664,732.1244386099283,0.025948483212664714,1.4881139999999984,1.5843767999999987,183.8898539999999,-0.0007678518881118856
6,3,boring-2,boring,False,scary,scary-2,False,69.85298293965491,11.950780599999998,66.6008883221901,9.752416799999999,3.253137464251668,3.2866399428026694,-3.252094617464806,-2.198363799999999,10,False,1.427212675021129,0.19692841454773694,640.2665937290717,0.018611977087096564,-2.181607000000001,-2.3778158000000005,256.20233000000013,-0.0024465255944055827
6,4,amusing-2,amusing,True,boring,boring-2,False,74.7325567482024,9.5031496,59.60001193622343,11.090975199999994,7.212252907530983,5.140750047664443,-15.132544811978967,1.5878255999999933,10,False,-8.485474544131662,-11.214169513219725,1028.7973415341023,-0.031473950012060124,2.3628671999999966,3.345023199999997,387.3830079999996,0.008870191888111875
6,5,scary-1,scary,True,amusing,amusing-2,False,64.41718013691455,13.111271599999998,58.57800700178941,13.035244799999996,2.6840343183984743,7.016593708293614,-5.839173135125144,-0.07602680000000284,10,False,0.3013457709421227,5.182193719760306,370.83912916366774,0.038783049100493544,0.21165079999999983,0.060583999999999825,54.87233399999994,-0.0037278004195804232
6,6,boring-1,boring,False,scary,scary-1,False,66.09288845716395,13.330936199999996,67.9322594512903,11.175151199999997,3.3983225929456626,2.972626596758818,1.8393709941263552,-2.155785,9,False,4.950608072542129,-3.800783932068306,497.0065348358935,-0.10437805288090315,-2.3652673999999987,-3.1150714,286.4687339999999,-0.00782710153846154
6,7,relaxed-1,relaxed,False,boring,boring-1,False,62.883183756160946,10.485239199999999,63.71792134935509,8.448095599999998,7.408861010486177,2.984725834127741,0.8347375931941414,-2.0371436000000003,9,False,-0.014479854833922445,11.138743158888943,603.5827959979756,0.11546588973379227,-2.206937200000001,-2.003370400000002,242.10078800000014,0.002316096923076917
6,8,amusing-1,amusing,True,relaxed,relaxed-1,True,69.96432835672778,8.366318399999995,59.05833799208417,8.044771999999996,6.30669507966089,5.877378789880178,-10.905990364643607,-0.321546399999999,9,False,-3.5894660086505845,-10.027134489263021,785.3455730347816,-0.028634610568639796,-0.11627199999999742,-0.2742497333333323,16.601287999999848,-0.001373844615384624
7,1,relaxed-1,relaxed,False,,,False,67.59753775047679,24.020799999999994,69.04925641579513,16.186462399999996,5.9870020019065775,4.926141944709247,1.4517186653183387,-7.834337599999998,11,False,6.529993326006135,0.13191946347977535,446.4593367516673,-0.03310079663067857,-8.507199199999995,-10.003465999999998,1008.4420999999998,-0.016817567412587397
7,2,boring-1,boring,False,relaxed,relaxed-1,False,70.66723674013535,14.322586199999996,70.03433177746146,14.287333599999998,5.1411956148713065,5.003286558627264,-0.6329049626738907,-0.03525259999999797,10,False,6.510989948889493,3.5657939574316657,471.6483161439643,-0.011712355776978498,0.1495234000000026,-1.3815021999999975,61.10112000000002,-0.01743995874125875
7,3,scary-1,scary,True,boring,boring-1,False,72.06550786172492,13.3039616,66.07360831161228,24.408945599999992,3.9490505243088654,8.354692087702572,-5.991899550112649,11.104983999999993,10,False,-4.71600688581118,3.649534590188798,843.1571812727897,0.07944583532289748,12.452094799999998,11.947841999999994,1373.9364619999994,-0.005516471328671422
7,4,amusing-1,amusing,True,scary,scary-1,False,77.28687568414978,25.531332999999997,66.64570408866125,22.6573912,6.234983889418494,5.256263489037178,-10.64117159548853,-2.873941799999997,10,False,-14.951028248231538,0.6672581137555037,1145.1156658173998,0.1789689370627484,-3.066533800000002,-1.5686849999999997,369.08508400000005,0.013868221258741282
7,5,boring-2,boring,False,amusing,amusing-1,False,78.37105272793845,22.557778799999998,69.1210044190788,23.181686400000004,5.02483378022069,3.255314314317506,-9.250048308859647,0.6239076000000061,11,False,12.803338016884425,-12.621874662131674,1272.4376060640675,-0.2917007210248894,0.5391423999999994,-1.1482772000000037,61.500473999999954,-0.01805746279720283
7,6,amusing-2,amusing,True,boring,boring-2,False,68.7109880454235,21.927522399999997,71.44274902211525,18.6202704,6.457399313822371,5.788917739579252,2.7317609766917457,-3.3072519999999983,10,False,1.0478993368362122,-2.7439044635535104,886.7829094781046,-0.0025887347129360696,-2.839534399999998,-1.9815003999999992,274.3138399999999,0.009639707412587404
7,7,scary-2,scary,True,amusing,amusing-2,False,75.84331530499284,19.658773199999995,64.88616000180855,26.89632,4.397207054337464,8.418862917063871,-10.957155303184294,7.237546800000004,11,False,-2.4720003748472457,-7.019536335609193,710.4079529802241,-0.05155489422452295,9.006648000000002,10.541694800000002,1135.5743700000003,0.011449918741258731
7,8,relaxed-2,relaxed,False,scary,scary-2,True,73.06389775729369,30.029950799999998,63.78685627698422,22.15655199999999,5.528964346997141,4.989499714013347,-9.277041480309471,-7.8733988000000075,10,False,5.201144392128806,3.203318581872727,954.4352576689432,-0.06557662942985411,-9.540709200000002,-12.794360311111113,1250.8948066666667,-0.035954001212121174
8,1,boring-1,boring,False,,,False,71.61662349459061,21.841049999999992,75.04368857653745,18.149002,4.638809723546235,2.645991229742612,3.427065081946836,-3.6920479999999927,11,False,11.540247320504141,1.4609921652318196,465.9900920049413,-0.08841408842801084,-4.28106759999999,-5.5091075999999966,542.3236319999992,-0.013594442517482552
8,2,relaxed-1,relaxed,False,boring,boring-1,False,72.66117310891737,16.5044944,73.42720244132506,14.942783199999996,6.280193517635842,0.808869018112488,0.7660293324076974,-1.561711200000003,11,False,4.036605497726986,0.5845905814119826,164.93754915394717,-0.03556697338111909,-1.9972308000000034,-2.235362800000002,231.97510400000027,-0.002313499720279696
8,3,amusing-1,amusing,True,relaxed,relaxed-1,False,72.64596534753876,14.345454599999995,72.52014121232371,14.138503199999997,7.307073212583412,7.8230062917063865,-0.12582413521505487,-0.20695139999999768,11,False,1.7303008313642703,1.988574680925576,230.3724287229843,0.009534396226260514,-0.10911219999999903,1.100596600000003,122.7638880000001,0.012340006573426598
8,4,scary-1,scary,True,amusing,amusing-1,False,75.25671847305543,15.675442399999998,86.18342266232062,41.797901599999996,0.5,9.5,10.926704189265195,26.122459199999998,11,False,-1.587861374027426,-5.505210649124791,750.0713024504079,-0.04416331890791978,23.668311199999994,18.830863199999996,2323.46714,-0.05359368713286712
8,5,boring-2,boring,False,scary,scary-1,False,68.49693485098356,35.3250532,72.1932858876558,22.9413228,7.174807244995234,2.3241192564346997,3.6963510366722403,-12.383730400000001,11,False,7.677717425713273,6.708268793032777,612.0148009634904,-0.022251353097915365,-13.9120668,-16.0645124,1674.7922360000002,-0.024444001678321694
8,6,amusing-2,amusing,True,boring,boring-2,False,73.38261936615251,19.340214,75.62164991667862,17.8869532,9.25589094375596,5.69976701620591,2.2390305505261097,-1.453260799999999,11,False,2.0023935907211317,-0.5519154429328618,394.5863777687146,-0.008473411193239803,-1.0001956000000025,1.8242579999999957,100.63192800000016,0.029478662937062923
8,7,relaxed-2,relaxed,False,amusing,amusing-2,False,75.96695782703353,20.0573352,73.60794790689904,18.025140799999996,7.387546139180172,4.93474528122021,-2.3590099201344827,-2.032194400000005,12,False,-0.18526196407779594,-3.328644184402203,206.80618094479746,-0.030224900023353582,-2.6541992000000065,-1.8591160000000049,287.65276800000055,0.01065429020979024
8,8,scary-2,scary,True,relaxed,relaxed-2,True,74.07046857886539,17.868521999999995,87.78972260238393,31.5465332,0.7702390848427073,8.948862535748333,13.719254023518545,13.678011200000004,11,False,3.6647545654026126,-3.1059008353900452,555.687010082416,-0.06261628445627516,16.797263600000004,16.35720368888889,1770.1407853333335,-0.009565627785547835
9,1,amusing-2,amusing,True,,,False,75.66897702304314,25.236425999999998,82.72891753886762,23.695537599999998,7.6000651096282175,3.7091709246901816,7.059940515824479,-1.5408884,11,False,0.2391734645067629,-5.661265347898033,448.1083042166135,-0.05488857173636604,1.0688991999999995,1.1851379999999996,192.104112,0.003100766013986008
9,2,boring-2,boring,False,amusing,amusing-2,False,70.74937503354201,27.011472799999996,76.00597730360258,16.898487199999995,5.126918589132507,3.1447625357483315,5.256602270060569,-10.112985600000002,12,False,6.142101756602362,4.674463148763674,500.38677352140337,-0.0054796475443607915,-11.015702399999995,-11.692961599999999,1270.6757559999996,-0.009064514685314667
9,3,relaxed-2,relaxed,False,boring,boring-2,False,75.38839611352512,15.133931599999995,77.49478213292488,13.577543199999996,6.1722089609151585,4.009103431839847,2.106386019399764,-1.5563883999999995,11,False,-0.06327771611448914,3.315304188570811,443.4102045348417,0.04462665830379899,-1.569858799999998,-2.6835003999999976,202.7729919999998,-0.013105140839160834
9,4,scary-2,scary,True,relaxed,relaxed-2,False,76.03835333883212,12.7595952,78.79475242248131,15.753306399999996,2.6991435653002855,7.112512488083888,2.7563990836491854,2.9937111999999964,11,False,1.2678692917923702,0.7644781109821631,480.8800584086513,-0.012191248566373807,6.616067999999995,9.657236399999999,938.1002999999996,0.03605212951048953
9,5,boring-1,boring,False,scary,scary-2,False,75.9451638192969,22.34458339999999,78.24639490740199,20.938431999999995,5.223584366062916,3.59567397521449,2.301231088105098,-1.4061513999999953,11,False,1.9676594782106918,-4.590342876537932,292.4525481402989,-0.057857623778504744,-2.3873257999999935,-4.487395799999992,370.8622599999992,-0.02437260293706293
9,6,relaxed-1,relaxed,False,boring,boring-1,False,75.28747240876972,18.138851,72.45450590958545,15.542442399999995,5.912569971401335,5.1504787416587225,-2.8329664991842662,-2.5964086000000037,12,False,3.4070542421525545,7.925048846436401,522.3828037016882,0.05551780871205139,-3.276694200000002,-2.414323000000003,440.7338480000002,0.008567507832167831
9,7,amusing-1,amusing,True,relaxed,relaxed-1,False,82.03275570238227,14.408667199999996,77.19531863833643,18.9551248,7.356700762631077,4.077772545281221,-4.837437064045844,4.546457600000004,11,False,0.8869941355634694,-6.900648058874495,639.7370579695569,-0.07290400954885783,8.981782399999998,14.5276756,1376.3065279999998,0.062164590209790205
9,8,scary-1,scary,True,amusing,amusing-1,True,77.99278645330976,28.280164399999997,73.148290293194,33.42689119999999,2.0936674928503334,6.044153288846521,-4.844496160115767,5.146726799999996,10,False,1.0352799701856032,1.8332964084265058,758.758213052011,-0.00768179745750678,6.195916399999999,4.7192886222222254,523.1481293333336,-0.02042718624708621
10,1,scary-2,scary,True,,,False,74.11510763032803,26.917903599999995,71.41336637585259,27.23057999999999,1.77241134334154,8.97290176987066,-2.7017412544754364,0.31267639999999375,12,False,0.6757428396493784,-1.3643207077481538,172.68130593947745,-0.018989078326985195,2.498578800000002,7.5570588,591.2351560000002,0.052755143916083894
10,2,relaxed-2,relaxed,False,scary,scary-2,False,74.41789545296726,33.78533579999999,73.04225421335002,26.7031316,6.881504766444233,5.887241563393709,-1.375641239617238,-7.0822041999999925,12,False,0.17055408681372342,4.039728135824684,392.74885596259065,0.0431509952543988,-8.688345399999994,-1.7985489999999942,364.33784399999934,0.0650805528671329
10,3,boring-2,boring,False,relaxed,relaxed-2,False,78.06997143567789,32.0198738,66.86874547410285,22.380951999999997,4.987786081982841,3.3263717826501433,-11.201225961575034,-9.638921800000002,11,False,-6.520330632907057,-4.801760822032293,593.6053915654234,0.025648359674977476,-10.923345800000002,-11.791365000000004,1289.5482460000003,-0.009176104615384534
10,4,amusing-2,amusing,True,boring,boring-2,False,75.26318429273495,20.099783199999997,70.0492238267024,17.8389176,7.183764201855332,5.338456181338137,-5.213960466032546,-2.260865599999999,12,False,3.5545518609673223,7.419033505668385,594.0585078916013,0.017732842627032584,-1.2361263999999974,8.467136800000002,443.01966000000016,0.10451664419580418
10,5,boring-1,boring,False,amusing,amusing-2,False,78.83671197992544,26.685520399999994,73.5617942999964,28.274909599999994,6.851212774070544,3.213723069590085,-5.274917679929047,1.5893891999999994,12,False,-2.876073643801765,0.06962840146628461,532.8179757764262,0.02960924154888184,0.8643464000000035,4.239331600000003,449.8108080000003,0.03069317874125872
10,6,amusing-1,amusing,True,boring,boring-1,False,78.08065899133618,31.296409399999998,69.67491619585965,23.905479199999995,6.401412392755005,5.172076739752145,-8.405742795476527,-7.390930200000003,12,False,-1.6695997078862206,6.691330441330365,466.3705295350108,0.0986111735198276,-8.561741400000002,5.851514600000002,788.2825080000001,0.1529586423776225
10,7,relaxed-1,relaxed,False,amusing,amusing-1,False,82.99986472064597,31.255158399999996,79.92924816704578,36.79249040000001,6.793747383246068,3.068308175769218,-3.070616553600189,5.537332000000017,12,False,-0.8651213835918602,-4.221029466640886,563.7024812963489,-0.07455026155515443,7.065950000000004,5.4496732,638.3197780000004,-0.022101053286713378
10,8,scary-1,scary,True,relaxed,relaxed-1,True,78.29153899896525,36.193739199999996,71.36411330558087,30.0921112,2.5434890371782655,8.361143946615824,-6.927425693384379,-6.1016279999999945,12,False,0.6412185209784506,-1.6001720876743377,316.1427070915333,-0.01916001790351732,-5.8559384,-9.561210311111111,812.3870946666668,-0.04198199981351981
11,1,boring-1,boring,False,,,False,63.671176899207325,23.684167999999993,66.75442044331054,21.637318399999995,2.8022714966634887,2.3406535748331745,3.0832435441032118,-2.046849599999998,10,False,1.2614433637903133,5.359639820908238,250.33852393075668,0.04256600191436552,-2.5208787999999935,-3.887241199999996,356.55871599999955,-0.015368295944055959
11,2,scary-1,scary,True,boring,boring-1,False,67.51078895233506,19.973356600000002,66.76756292725254,27.5388924,5.208665014299333,6.902726406101049,-0.7432260250825209,7.565535799999999,10,False,-3.169845340315753,0.40372010090232874,322.8145869928026,0.04037733811231465,6.690612999999996,4.873544999999996,640.8204579999995,-0.02013843650349652
11,3,amusing-1,amusing,True,scary,scary-1,False,66.51852458390432,25.2040648,68.14046676759105,20.859514,5.401526978074357,4.980814585319352,1.621942183686727,-4.3445508,11,False,2.385570085143167,4.7175920757300105,359.9578694840358,0.026322647707358756,-4.906366800000003,-5.839376400000003,601.1093780000004,-0.010498814265734268
11,4,relaxed-1,relaxed,False,amusing,amusing-1,False,70.2913982880832,19.436411799999995,68.448694191426,18.182645599999997,4.893246615824594,4.008180552907531,-1.8427040966572008,-1.2537661999999976,11,False,1.717965900805666,3.111731626256083,357.09200717349984,0.016483503997814068,-1.4832245999999962,-1.5663461999999992,167.56177399999973,-0.0011346482517482805
11,5,scary-2,scary,True,relaxed,relaxed-1,False,72.59401021493282,17.861852999999996,65.11813812928571,25.619053999999995,4.657088560533842,5.771506196377502,-7.4758720856471115,7.7572009999999985,10,False,-12.798046621740001,-6.239750405606529,891.5793531002057,0.048413228299386775,7.813053400000002,7.3323882,857.696928,-0.005197372447552483
11,6,boring-2,boring,False,scary,scary-2,False,65.06117456426041,25.452972999999993,65.0906164638351,22.02473999999999,5.200951382268827,3.881014013346044,0.029441899574692343,-3.4282330000000023,11,False,1.780210595300332,0.47627520894959713,428.5932382896309,0.010467011302876108,-4.179884599999995,-5.685613799999995,558.1193899999995,-0.01707192755244752
11,7,amusing-2,amusing,True,boring,boring-2,False,69.34146427554926,19.872689400000002,68.30417596935956,17.989919199999992,6.424616205910391,4.982498474737846,-1.0372883061896943,-1.8827702000000102,11,False,1.8622620281823334,-0.4324138997911338,298.4725135512407,-0.015159571941224833,-1.8842158000000044,-1.9503870000000052,207.0699900000005,-0.001022528391608381
11,8,relaxed-2,relaxed,False,amusing,amusing-2,True,69.42289521877943,17.9311412,66.01760820323301,16.654968,4.997406101048617,4.874315443279314,-3.4052870155464205,-1.2761731999999988,10,False,-0.3434729756262982,-6.001005989317837,537.3742855419171,-0.06398021799746859,-1.4852588000000015,-1.2875482222222228,159.0122053333335,0.002381159953379973
12,1,boring-2,boring,False,,,False,52.993057810072024,16.666993799999997,54.09538836180135,10.788844799999998,5.052335557673976,3.6093231012602827,1.1023305517293238,-5.878148999999999,9,False,5.4957068837489045,2.477434216124491,362.5006903360011,-0.043038885698124606,-6.603050599999999,-8.551913800000001,834.053946,-0.021643504195804183
12,2,amusing-2,amusing,True,boring,boring-2,False,54.18052547398632,8.432488599999996,59.97110248093973,11.874427599999995,8.579318303145852,6.901683126787417,5.790577006953406,3.4419389999999996,8,False,1.3552855996002886,8.271099068547857,360.71373792236125,0.06877481090794302,7.021577000000001,7.323776200000001,826.4589580000002,0.0030022783216783052
12,3,relaxed-2,relaxed,False,amusing,amusing-2,False,58.20581393449664,15.939264199999995,51.374921762822666,11.034271199999997,6.823540991420401,5.994184556720687,-6.830892171673973,-4.9049929999999975,8,False,-2.182099052141318,-2.88342100216641,557.8024734591595,-0.026866245458001387,-5.790949399999998,-8.026566599999997,764.8958499999998,-0.02479209188811188
12,4,scary-2,scary,True,relaxed,relaxed-2,False,53.798011874763546,8.247715199999998,55.71058251981084,26.387461199999997,2.3581353670162057,7.845102764537653,1.9125706450472961,18.139746,8,False,4.847547903672509,-3.5853282722646207,439.90324872393086,-0.08900491111121427,24.304640799999998,21.4733312,2554.9769159999996,-0.030946194545454497
12,5,relaxed-1,relaxed,False,scary,scary-2,False,49.78586013641692,30.406269999999996,53.37115643723717,26.313539999999993,6.505952526215443,5.2507199237368924,3.5852963008202465,-4.092730000000003,8,False,19.955370467791024,1.7923666268274256,878.6577980272738,-0.19203424990499987,-3.738228399999997,-7.361323599999998,593.4233659999998,-0.04008041958041957
12,6,boring-1,boring,False,relaxed,relaxed-1,False,52.09224037786896,23.72964,55.713771039728954,18.4502792,5.035903622497617,2.6763029551954243,3.6215306618599925,-5.279360799999999,8,False,8.401617024437137,3.449991098354045,445.86987802258193,-0.04915701415379913,-6.1856244000000045,-9.262458800000003,853.9824840000003,-0.03421391034965032
12,7,scary-1,scary,True,boring,boring-1,False,54.77805530159049,14.921625999999998,54.15371374028478,44.1609168,4.758261773117255,7.778117826501431,-0.6243415613057124,29.239290800000006,7,False,-1.0665893845972978,-2.809092531080713,557.8886466326239,-0.007061362714327909,29.819248400000003,26.136311200000005,3058.2194860000004,-0.04136427062937081
12,8,amusing-1,amusing,True,scary,scary-1,True,50.89425367831355,41.47079539999999,50.619824099719224,34.984937599999995,7.2205170638703535,7.434902955195425,-0.27442957859432227,-6.485857799999998,8,False,10.89020272876589,1.601937867689858,514.6217673123278,-0.08084119981563394,-6.197259399999997,-9.886830155555552,888.8383833333329,-0.04109093696969693
13,1,relaxed-1,relaxed,False,,,False,75.74622996350386,28.498093400000002,79.53043241886051,25.2465464,5.895977025738798,2.3293608198284077,3.784202455356649,-3.251547000000002,12,False,3.190112098990042,0.8479574296360634,174.97302471416538,-0.02457100999103918,-3.495460600000005,-4.846387000000006,448.40896600000053,-0.015068445734265728
13,2,boring-1,boring,False,relaxed,relaxed-1,False,75.82789855159918,23.929922599999994,78.482009951296,24.283178,3.547738036224976,4.969844137273594,2.6541113996968306,0.35325540000000544,12,False,13.093292967723315,0.6385598564587601,503.28281797592115,-0.12482868435920397,0.20862820000000207,-1.9145773999999978,92.10801799999993,-0.023693894685314677
13,3,scary-1,scary,True,boring,boring-1,False,76.66056101242874,22.434965,90.70341485131748,37.504000399999995,2.2919283126787415,7.594911344137273,14.042853838888732,15.069035399999997,12,False,3.1132363464253623,0.07460127543031565,294.8410548397041,-0.03363207226167109,13.1840094,7.239824999999997,1084.906502,-0.06648193636363642
13,4,amusing-1,amusing,True,scary,scary-1,False,75.50555168252411,30.355017199999995,93.28120268414965,31.183027199999994,8.760284938036227,5.696999809342231,17.775651001625533,0.828009999999999,11,False,4.046605238052872,0.3675875146126562,353.9174635310232,-0.030448603354479947,1.192172799999998,-1.9711647999999968,113.60074799999977,-0.03556236587412581
13,5,relaxed-2,relaxed,False,amusing,amusing-1,False,74.93442494306952,29.041444599999995,75.66541153051429,24.318858399999993,5.462216603804865,4.912865701049893,0.7309865874447752,-4.722586200000002,11,False,4.905263358583393,-2.9772168487888186,356.6167899410142,-0.07840892918161788,-5.162447799999998,-5.000735399999999,529.0929439999999,0.0005305426573426702
13,6,amusing-2,amusing,True,relaxed,relaxed-2,False,72.96644848675193,24.119593599999998,88.91539270970216,29.145166,8.213318161346127,5.107586460433738,15.948944222950232,5.0255724000000015,11,False,7.971061353365177,5.125879512130406,580.150248626203,-0.03592383629805422,4.7398648,3.150285599999999,405.44393199999996,-0.01637105034965039
13,7,boring-2,boring,False,amusing,amusing-2,False,77.71962635203342,27.389273599999992,72.76771495264417,22.191184399999994,5.0608711153479495,4.313064632983794,-4.951911399389246,-5.198089199999998,11,False,-1.4281743246647427,-5.185321919030201,439.08262230668925,-0.042774975753156703,-5.964917999999995,-6.165857999999996,667.0393779999994,-0.003370628811188799
13,8,scary-2,scary,True,boring,boring-2,True,73.17796134165013,21.193976199999998,90.35631932235987,36.4421896,2.7410575936061212,7.0343087223542256,17.178357980709734,15.248213400000001,11,False,1.0427515234662177,-0.9019915442989989,219.38261551095135,-0.026859292403090557,12.7825774,8.264714955555553,1116.081171333333,-0.05027402023310028
14,1,amusing-2,amusing,True,,,False,62.29024821554776,29.773979,66.67742339430545,28.7482144,7.79286707588593,5.015599688709018,4.387175178757687,-1.0257646000000022,10,False,1.1999454539230239,2.8847231289832678,231.4835518732063,0.018251335008095622,0.8958557999999973,0.004171399999993497,95.748424,-0.015448896083916124
14,2,boring-2,boring,False,amusing,amusing-2,False,64.90929714418154,29.035038399999998,62.60959397330349,28.897244800000003,5.41172223804848,4.128258537027871,-2.299703170878047,-0.13779359999999485,10,False,3.541729201243333,-2.035445747074315,302.8291821320131,-0.058623781150874625,4.223763199999998,-1.6694872000000014,254.75204,-0.06615754111888114
14,3,scary-2,scary,True,boring,boring-2,False,62.8234181083126,28.468324799999998,65.27451439345825,43.7695452,4.604273689227836,9.11053279313632,2.4510962851456455,15.301220400000005,9,False,-0.13141810531706,0.14657735221660792,220.14671473056376,0.014750855085335187,17.167003999999995,10.6943976,1508.31168,-0.07024873426573422
14,4,relaxed-2,relaxed,False,scary,scary-2,False,62.78898577591483,40.05237419999999,65.8628025769785,32.572068800000004,5.215386558627265,4.129763775023831,3.073816801063664,-7.480305399999985,10,False,3.740685566215838,6.197924792667538,542.9153429648463,0.04184869586146224,-7.11371019999999,-6.878271399999991,665.738177999999,0.0009500160839161247
14,5,scary-1,scary,True,relaxed,relaxed-2,False,70.71113362336318,33.7781094,60.22535145096422,42.75346400000001,4.961349475691135,7.014845757864632,-10.485782172398963,8.97535460000001,10,False,-8.036171552180098,-8.75822386425954,889.2153673536006,-0.028970273596714557,8.6213058,3.4906478000000027,648.4461240000002,-0.05648983174825177
14,6,amusing-1,amusing,True,scary,scary-1,False,61.07697060141605,37.981713400000004,63.12499996339919,30.0400024,6.778307054337463,5.682973879885605,2.04802936198314,-7.941711000000005,10,False,7.799120769603012,1.5882258911653058,363.8933166534246,-0.06162552363618799,-7.585362200000003,-10.286495800000004,963.4617860000008,-0.03127505622377619
14,7,boring-1,boring,False,amusing,amusing-1,False,62.914880620747745,28.051167199999995,62.93210020223123,22.853600399999994,4.956118207816968,3.6340396568160154,0.0172195814834879,-5.197566800000001,9,False,4.685763923700949,0.0519385890758907,366.0376699636595,-0.05269702903698065,-6.173615599999998,-7.248821600000002,770.0646639999998,-0.014023843636363647
14,8,relaxed-1,relaxed,False,boring,boring-1,True,61.74285203635424,20.599534399999996,76.59001456351797,20.559683999999997,5.084642897998093,3.2113968541468068,14.847162527163725,-0.03985039999999884,10,False,10.698214479128929,-1.40599943877132,593.1074233884053,-0.14285505145115027,8.2422552,7.364565200000004,1035.4586720000004,-0.01087751454545455
15,1,boring-1,boring,False,,,False,70.71138736128597,23.9212816,72.52746958819867,18.109116799999995,6.088090848427074,4.071652716873212,1.8160822269126982,-5.812164800000005,11,False,1.5568397775324503,-2.462907286171955,361.4700593526437,-0.0239542965080137,-6.426810000000001,-8.417932000000004,811.1778500000003,-0.02198878027972029
15,2,relaxed-1,relaxed,False,boring,boring-1,False,72.16888200549062,15.865144399999995,72.3107918763362,15.681027199999994,2.112440800762631,3.9155637750238323,0.1419098708455806,-0.1841172000000011,11,False,0.3668097436584503,-2.0951364086387847,313.3424369686628,-0.012820023467625424,0.23254360000000082,-0.3334735999999978,28.203043999999995,-0.005489094125874118
15,3,amusing-1,amusing,True,relaxed,relaxed-1,False,69.94724206055346,15.802424999999998,72.72415606634199,13.128093599999998,6.527911147731028,5.425585793600989,2.7769140057885267,-2.6743314,11,False,6.368254547115825,-0.7299261714854879,395.1908393884818,-0.09068393810310629,-0.38719020000000093,5.5868405999999995,521.9511719999998,0.06637093342657342
15,4,scary-1,scary,True,amusing,amusing-1,False,69.58608992942985,21.81000239999999,67.64097405852041,48.55228799999999,5.414618875119161,6.9542211630123925,-1.945115870909433,26.7422856,10,False,-0.6327233714364127,-5.276467857862353,413.2754725529097,-0.03372088770090998,24.441492400000005,22.209829600000003,2722.4048820000007,-0.026629873846153992
15,5,amusing-2,amusing,True,scary,scary-1,False,69.46208496574995,45.82763,69.1645195488414,40.67392799999998,7.599638131553861,5.244362440419446,-0.2975654169085544,-5.153702000000017,10,False,-1.0635150562961588,6.23723592105101,554.5995142596079,0.07175110758528325,-6.268872400000002,-4.204910000000003,584.4136960000002,0.02438125174825171
15,6,boring-2,boring,False,amusing,amusing-2,False,76.00773553796826,41.2983416,74.26634421399146,30.099208399999995,4.923762821734986,4.963956244041944,-1.7413913239767993,-11.199133200000006,11,False,0.1390411399127013,-0.4734985857801206,300.84533138504844,-0.0013439057290100108,-12.878215599999999,-12.073665600000004,1351.1029960000003,0.008372206153846155
15,7,scary-2,scary,True,boring,boring-2,False,74.36036640079324,29.287987599999994,76.05431293526665,38.914471999999996,2.8900636796949475,8.935017063870353,1.6939465344734117,9.626484400000002,10,False,-1.2983323321957225,-7.000712249064644,593.5932360269396,-0.08744639469206611,12.333088400000003,11.985350000000002,1394.4909760000003,0.006508914965034925
15,8,relaxed-2,relaxed,False,scary,scary-2,True,67.66080435601721,42.559223999999986,73.28507482641615,33.64300839999999,6.038835081029552,4.911123927550047,5.62427047039894,-8.916215599999994,11,False,8.474960123529712,0.39440964211061197,715.2454432556696,-0.07736965493678365,-8.780392799999992,-10.69370524444443,1009.6883466666653,-0.024074037156177123
16,1,amusing-2,amusing,True,,,False,56.8300838945397,22.0602554,65.56616103115255,18.377143999999994,8.901127904626554,5.275921356057363,8.736077136612849,-3.683111400000005,9,False,-0.11629126748154779,-0.8549816195286795,174.66001473862417,-0.003909144137589206,-3.8226105999999995,-5.8210929999999985,523.801294,-0.02224380923076919
16,2,relaxed-2,relaxed,False,amusing,amusing-2,False,55.59502807040837,16.615216399999998,57.74564165398397,13.684057599999996,6.208631077216396,4.953006673021926,2.1506135835755984,-2.931158800000002,9,False,1.992512951564926,1.8342378443454617,159.37484046986157,0.0008702840368432184,-3.2826356000000003,-4.127918400000001,409.28335000000004,-0.009388993426573445
16,3,boring-2,boring,False,relaxed,relaxed-2,False,57.171909733160106,12.617007399999995,58.07451479905376,11.020535999999998,4.940972354623452,2.7667302192564347,0.9026050658936526,-1.5964713999999969,9,False,1.5652601755952393,0.9920362937893591,168.32202731307495,-0.011524825622490511,-1.751216999999998,-1.8343377999999984,201.0372019999998,-0.0011624777622377595
16,4,scary-2,scary,True,boring,boring-2,False,57.28599467170244,10.737462799999998,58.404514790611785,15.8640292,0.5295081029551955,9.206097235462344,1.1185201189093448,5.1265664000000015,8,False,-1.704786851436893,-2.7351294252821368,316.3210078145446,-0.0029195223882225968,7.78122,9.762753599999998,1009.311824,0.02127718489510484
16,5,boring-1,boring,False,scary,scary-2,False,54.51082062540301,20.441045799999998,55.46392667905353,16.409673999999995,5.0,5.0,0.9531060536505223,-4.031371800000002,9,False,0.8233005604778588,3.575704313711268,165.13689721516076,0.02687095137340502,-4.542391400000001,-6.117177000000001,557.3562860000001,-0.017943353706293703
16,6,amusing-1,amusing,True,boring,boring-1,False,56.725214347888226,14.734945799999998,62.8343923433791,14.703012799999994,9.339883759236477,5.8846836242800595,6.1091779954908745,-0.031933000000003986,9,False,-0.8133121039919331,-2.4466539006002086,216.57591897482064,-0.019488212708178063,1.3807481999999993,-1.111011800000001,93.86258399999998,-0.02806497818181819
16,7,scary-1,scary,True,amusing,amusing-1,False,54.255954037238865,14.128219399999997,54.6428416165263,27.719598399999995,0.693630534526085,8.926738654032539,0.386887579287432,13.591378999999998,8,False,0.041440975739367523,-2.0491994431471574,157.97126760425527,-0.017537923708911028,14.308992599999998,12.5937702,1478.9737039999998,-0.017735708811188834
16,8,relaxed-1,relaxed,False,scary,scary-1,True,53.1942946227537,27.089996399999993,54.36572574207827,22.084012799999996,7.157795614871307,3.5808244041944706,1.1714311193245663,-5.005983599999997,9,False,1.4321196708420985,2.5844235382988763,272.70818780949713,0.015208540070640694,-5.434281199999997,-8.158543022222217,722.108517333333,-0.029641102703962682
17,1,scary-1,scary,True,,,False,66.37351684502069,31.452041999999995,69.31971260190151,36.8119424,4.097136939700851,7.687628827067597,2.946195756880826,5.359900400000004,10,False,-0.7366390218127208,0.5469059867618474,150.62324456388916,0.012957259544269267,5.326123600000006,3.7840412000000008,475.47680400000013,-0.012333998181818271
17,2,relaxed-1,relaxed,False,scary,scary-1,False,66.91726828165372,35.5829988,67.33421073613988,28.59557039999999,5.225121818856022,5.609202563535349,0.4169424544861613,-6.9874284000000095,10,False,-1.6294517608006391,-1.340449029367922,148.77162938948032,0.008793136613729824,-8.227501200000003,-11.1213548,1072.6957680000003,-0.03205956251748253
17,3,boring-1,boring,False,relaxed,relaxed-1,False,67.15114382539424,24.889711199999997,71.21081807458492,21.686862400000003,3.682163203050525,3.859996568160153,4.059674249190678,-3.2028487999999946,11,False,-0.4036347031223926,2.9232325031306865,206.10058662059302,0.03483486794981682,-3.8077048,-5.406284,507.392832,-0.01775974741258743
17,4,amusing-1,amusing,True,boring,boring-1,False,69.77084885473914,19.74629879999999,67.32843794638723,18.092425600000002,5.649907530981888,5.325198856053385,-2.442410908351917,-1.653873199999989,11,False,-3.0182384906819046,-3.713864771137897,336.9795679069895,0.0029943801877721677,-1.9221003999999933,-3.134698799999993,277.65212399999916,-0.013474497902097905
17,5,scary-2,scary,True,amusing,amusing-1,False,67.14355591339947,16.8155296,70.50678976192083,20.419457599999998,3.5035356353375744,7.53355834557437,3.363233848521361,3.6039279999999962,10,False,-1.0804269937801934,4.780907680961495,484.1484608645105,0.07315940568894823,10.010807199999997,17.287578399999997,1536.2512599999995,0.09051676489510486
17,6,relaxed-2,relaxed,False,scary,scary-2,False,72.69182631938708,34.0075678,69.38239905308372,25.558139200000003,4.188713060057197,4.262305433746425,-3.3094272663033593,-8.449428599999994,11,False,-6.080244559697476,-3.4617615255741945,577.5909888418535,0.02875593804403794,-10.344753399999997,-14.497001400000002,1382.964794,-0.046101999020979036
17,7,boring-2,boring,False,relaxed,relaxed-2,False,68.33446778247627,20.0779674,69.3835259538335,15.965877599999995,5.103232030505243,3.0494812202097235,1.0490581713572311,-4.112089800000003,11,False,0.8179806953831653,0.9595840282955995,117.2753852191336,-0.0005562109373485252,-4.5423526,-5.563017000000005,558.0308160000002,-0.01133798223776225
17,8,amusing-2,amusing,True,boring,boring-2,True,69.08485772058451,14.668775599999996,67.50511062274092,13.819481599999998,7.494886060426058,5.397058409301033,-1.579747097843594,-0.8492939999999987,10,False,-4.1854796856831245,-3.5762834228081934,425.3258092030975,-0.000262089190139011,-0.9236075999999992,-0.8796451999999993,124.2711519999999,-0.00014251384615384952
18,1,amusing-2,amusing,True,,,False,76.7189170994994,18.652170399999992,78.60657805578379,15.1365608,7.026783412774071,5.830913632030506,1.8876609562843925,-3.5156095999999923,13,False,2.050979142251009,0.9090358925515716,331.78123164470105,-0.011365085315610046,-3.815441199999998,-4.8395207999999945,452.3557219999995,-0.01188590223776219
18,2,scary-2,scary,True,amusing,amusing-2,False,79.0265189135068,14.141919999999995,74.19020189718962,25.9491132,6.5791476420026385,7.510783304236008,-4.836317016317182,11.807193200000004,12,False,-2.910848795950457,-0.7880330582748485,407.5380405738374,0.014248554150544528,13.153584400000005,11.134523199999999,1486.0695819999999,-0.015583677902097984
18,3,boring-2,boring,False,scary,scary-2,False,77.44495118059565,27.233935199999998,75.956343295551,13.8188272,5.614546139180171,4.467816587225929,-1.488607885044658,-13.415107999999998,12,False,10.121951235815928,0.5800338798947422,438.420147261723,-0.08491647995872563,-10.257051200000001,-9.7951192,916.6350000000001,0.0066484011188811
18,4,relaxed-2,relaxed,False,boring,boring-2,False,77.74450981235644,18.651614,77.1593266683944,11.430036,6.786493422306959,5.432082364156339,-0.5851831439620412,-7.221577999999999,12,False,0.08365539760931522,0.008086933384641762,236.049985595399,0.00946518015568712,-7.3788188,-8.254526800000002,859.3609360000003,-0.009415753426573446
18,5,amusing-1,amusing,True,relaxed,relaxed-2,False,78.27876344932335,10.538526399999995,74.09955103495251,11.346323999999997,6.97328217349857,5.622182268827455,-4.179212414370838,0.8077976000000024,12,False,-0.36498574232948044,1.7521467212231794,322.3573131039712,-0.0023284778464530676,3.160778400000003,7.317150000000001,791.4763960000002,0.03415014587412583
18,6,boring-1,boring,False,amusing,amusing-1,False,78.14319880213175,18.1198274,73.99561766988694,13.9474856,5.497997712106768,4.0455264061010485,-4.1475811322448095,-4.172341799999998,12,False,3.5368552250696723,2.4746786494724424,451.65655397589524,0.005893112293401098,-4.312694600000002,-2.3006082000000005,411.2878760000001,0.020434814265734295
18,7,scary-1,scary,True,boring,boring-1,False,77.89261178113516,14.999591599999999,74.31069454874319,29.6571116,5.7400041944709255,5.7958093422306955,-3.581917232391973,14.657520000000002,12,False,-2.7206375272473386,5.42843612733616,308.89372894158237,0.07660293251716906,11.9236004,5.586243599999997,947.2542559999998,-0.07046881006993017
18,8,relaxed-1,relaxed,False,scary,scary-1,True,80.01956505445624,21.4864812,76.41651878878237,17.548483199999996,7.4922009532888465,4.145336034318397,-3.6030462656738678,-3.937998000000004,12,False,0.6481500472449634,-2.269186697510212,394.94826264161924,-0.02268618288613121,-4.747274800000003,-5.6345804444444525,575.6940906666672,-0.005385644568764591
19,1,boring-1,boring,False,,,False,65.95027891688405,22.576929999999997,63.589161279571826,17.744691999999997,4.417444041944709,5.141117254528122,-2.361117637312219,-4.832238,10,False,-4.041995236080477,-2.658086506518115,332.21878367007525,-0.0038870671487165028,-5.701901599999999,-7.591171599999999,734.266166,-0.020839828111888087
19,2,amusing-1,amusing,True,boring,boring-1,False,63.56168641602125,15.291404399999998,72.06740548415291,18.289160799999998,6.159666444232602,6.123872640610105,8.505719068131661,2.9977564,10,False,6.1862381332064045,1.5193461806140907,446.6946973415733,-0.014880986350192804,6.9788284,5.2825391999999995,710.3560439999999,-0.019617991468531493
19,3,scary-1,scary,True,amusing,amusing-1,False,68.46281197346849,21.015280999999998,73.05564232508465,40.749428399999985,0.5,9.5,4.592830351616158,19.734147399999987,8,False,5.411231436685337,5.386003837571006,580.4525850138103,0.03326410077715347,20.6176894,16.665611000000002,1978.7101339999997,-0.04284623412587412
19,4,relaxed-1,relaxed,False,scary,scary-1,False,73.27970017148621,37.929277,61.927642811530895,31.472281599999995,8.345922592945662,4.997216491897045,-11.352057359955317,-6.456995400000004,9,False,-8.900734281050212,-5.04506512142201,912.1739034115425,0.015606716447961197,-7.981465,-11.338837400000003,1063.652888,-0.03706745496503496
19,5,boring-2,boring,False,relaxed,relaxed-1,False,65.15583664749727,27.143747799999996,58.366059179366566,20.420838399999994,5.0,5.0,-6.789777468130701,-6.7229094000000025,10,False,0.3354196400307998,2.8524265527124535,693.6083208279965,0.027063624554735217,-7.483824599999998,-9.383940599999997,917.1259939999999,-0.02080443860139854
19,6,amusing-2,amusing,True,boring,boring-2,False,71.88567282338353,18.159581999999997,70.22580623835795,24.728362399999998,6.987331267874167,4.987228979980934,-1.6598665850255827,6.568780400000001,10,False,-6.427767015592461,-11.26682682494564,1148.2310875008593,-0.040562028800410765,10.1464716,9.932391599999997,1052.03154,-0.0032636542657342774
19,7,relaxed-2,relaxed,False,amusing,amusing-2,False,61.24656038518196,27.695019600000002,61.699468435607784,20.630516799999995,5.391868893993,5.301299415870661,0.45290805042582605,-7.064502800000007,10,False,-1.816006032769027,1.9016417627862363,255.19791989102288,0.04821494418837434,-8.410427200000004,-11.507968400000005,1102.7193840000004,-0.034327398461538455
19,8,scary-2,scary,True,relaxed,relaxed-2,True,64.11580651642296,16.653423999999998,69.54296313238643,22.9656356,0.5004246901811249,9.483095614871305,5.427156615963469,6.312211600000001,9,False,3.53200957143882,10.306453471309439,575.6273084014394,0.051146775565799725,10.192034399999999,12.349329066666664,1207.909232,0.019297114125874072
20,1,boring-2,boring,False,,,False,74.90513187642851,26.256895599999996,70.18580023521227,21.563852799999996,6.392148164592502,5.3740370476775015,-4.719331641216243,-4.693042800000001,11,False,-0.1832966942837544,0.17731460443013702,353.88326206808574,0.024914454128005012,-5.788681199999998,-7.694250000000001,750.505436,-0.02038427496503497
20,2,scary-2,scary,True,boring,boring-2,False,75.70965114310809,18.889514,69.43617671269351,27.684570800000003,2.5668775278151963,9.032773315788006,-6.273474430414581,8.795056800000005,11,False,-4.481699535319966,1.4662183109587612,406.3907986394131,0.06893386723491247,12.258423200000001,8.355985199999997,1072.779584,-0.043039048951049035
20,3,amusing-2,amusing,True,scary,scary-2,False,75.38645071161719,27.376820399999996,72.29692561085645,28.142500000000002,8.366410676835082,6.163226692087703,-3.0895251007607385,0.7656796000000057,11,False,-2.365894043795123,-2.195469052432093,423.58338990458424,0.007187451586179437,1.892277600000001,-2.4004068000000003,146.75140799999988,-0.046974437202797224
20,4,relaxed-2,relaxed,False,amusing,amusing-2,False,72.55757353790788,25.5726306,70.6255346719855,22.217138399999996,5.04440142993327,5.1116835081029555,-1.9320388659223795,-3.355492200000004,11,False,1.1961160609407955,1.150668466647493,224.34966757155712,0.00041264871767808276,-4.2775282000000034,-6.512700200000001,613.8574740000003,-0.02500075468531466
20,5,boring-1,boring,False,relaxed,relaxed-2,False,73.84020529427593,19.2578808,70.08697533694861,16.843818399999993,5.231306865112016,4.463835754220173,-3.7532299573273207,-2.414062400000006,11,False,5.227382054460378,-3.669370856019422,492.84717380201846,-0.09423331406017434,-2.827834400000004,-4.239532800000002,387.0750480000001,-0.015743415104895072
20,6,amusing-1,amusing,True,boring,boring-1,False,69.56823666997197,15.224609199999996,68.68353971588496,16.6549048,5.931595233555767,6.305986653956149,-0.8846969540870049,1.4302956000000044,11,False,2.152942832146801,7.938916250702339,417.0622080891106,0.07361561064694745,4.0865968,2.201917999999998,340.59418600000004,-0.02022026895104898
20,7,relaxed-1,relaxed,False,amusing,amusing-1,False,75.99437883945053,17.635417999999998,71.6779714217031,24.4820808,5.420018017159198,3.52683956148713,-4.316407417747428,6.846662800000001,12,False,0.39784781860785284,0.6997592897791615,307.52760436338974,0.0024255734285691965,7.383445600000001,5.301963199999997,653.5501100000001,-0.0234237138461539
20,8,scary-1,scary,True,relaxed,relaxed-1,True,74.49035662273582,22.789435799999996,71.30072780109016,27.765131199999995,2.4440926596758814,8.640247473784557,-3.1896288216456554,4.975695399999999,11,False,-2.7676789980002447,-1.9052655614311078,239.40463919059653,0.010609851069354465,3.9834149999999995,2.1785682444444454,283.7358786666668,-0.021614766200466182
21,1,amusing-1,amusing,True,,,False,75.67376086786925,10.764206399999997,71.31972498734127,10.285974,5.275604194470925,5.750560533841754,-4.354035880527974,-0.4782323999999978,11,False,3.9706401143160264,6.184582313454361,514.1819670608827,-0.007451795648652918,-0.4231687999999985,-0.44103840000000005,50.271095999999964,-0.0004334467132867216
21,2,relaxed-1,relaxed,False,amusing,amusing-1,False,78.05582180293294,10.262287599999997,73.35364041959718,10.353391599999998,5.1873103908484275,4.597025357483318,-4.7021813833357555,0.0911040000000014,13,False,3.0805477070093255,3.695019356508747,437.3127467588299,0.010185499568989839,0.0554212000000008,0.5029052000000002,30.882839999999973,0.005317940139860132
21,3,boring-1,boring,False,relaxed,relaxed-1,False,82.73891099981826,10.714333199999997,70.95265405363229,11.091436799999997,4.326403745677177,2.4349950584943767,-11.786256946185972,0.37710359999999987,11,False,4.78941031840445,2.923319595138518,676.5475068497844,0.013691109214116426,0.7681388000000003,0.5602339999999995,70.46725200000002,-0.0014280658741258883
21,4,scary-1,scary,True,boring,boring-1,False,82.853316631836,11.318691799999998,71.7435104869244,10.993925599999999,4.8374817921830315,6.107780743565299,-11.109806144911602,-0.3247661999999991,11,False,-3.489623928801469,-3.6243172857401142,606.8080018032954,0.026939757263703023,-0.34723980000000115,-0.40092300000000236,53.201662000000155,-0.0004580647552447656
21,5,relaxed-2,relaxed,False,scary,scary-1,False,81.01365068053003,10.817003799999998,72.3897071387639,10.262714799999998,5.0,5.1875446048466545,-8.623943541766138,-0.5542890000000007,12,False,12.980343957367637,-2.1081340311026886,857.8445701488927,-0.14087425470108808,-0.6418782000000002,-0.7877557999999999,73.80944600000007,-0.0014890279720279661
21,6,boring-2,boring,False,relaxed,relaxed-2,False,76.34515192561679,10.093873999999998,68.12810345292147,10.094170399999994,4.866158245948522,1.5496385128693995,-8.217048472695325,0.0002963999999963107,12,False,15.793413184515595,3.232418797850689,1204.2460520894033,-0.0405301477777867,0.044650799999998846,-0.1719924000000006,10.952507999999987,-0.002513096223776218
21,7,amusing-2,amusing,True,boring,boring-2,False,88.98226587110129,9.963803199999996,66.21968443121547,10.770381199999997,4.958594852240229,5.670867492850333,-22.76258143988582,0.8065780000000018,11,False,-20.49519867495479,-8.135236588512418,1454.734782886766,0.134260005597033,0.821692800000001,1.4599272000000003,115.26113200000012,0.008460092307692298
21,8,scary-2,scary,True,amusing,amusing-2,True,79.73349756582518,11.350135999999994,68.40455674374552,10.446105599999997,4.781070352716873,6.847657959961869,-11.328940822079659,-0.9040303999999963,12,False,0.12686509330423235,-0.3784837028683323,281.56473239467596,-0.019865435755170056,-0.3109399999999963,0.12123724444444643,21.96487866666679,0.004610604009323989
22,1,amusing-2,amusing,True,,,False,85.82038427821031,10.478337199999997,82.1408255724394,10.301548799999994,4.2325520926997795,7.1377749697223365,-3.6795587057709156,-0.17678840000000307,12,False,-8.110341245098207,4.93446195341699,807.6578276224411,0.13092265630676622,-0.4615083999999996,-1.2450219999999999,108.05816799999998,-0.008858167972027969
22,2,scary-2,scary,True,amusing,amusing-2,False,84.43667078440839,9.226777399999998,87.77388427388217,11.604167999999998,1.16726577693041,8.606721258341276,3.3372134894737826,2.3773906,13,False,-4.5811196882654315,1.2555554613441682,498.8158531199575,0.041980910846823004,1.5300041999999994,0.5525113999999984,120.36880999999988,-0.010825983776223787
22,3,boring-2,boring,False,scary,scary-2,False,82.32901529104683,9.998364799999996,80.22458802156473,8.574849599999997,5.295803110045181,5.029775937334388,-2.104427269482102,-1.4235151999999989,13,False,-0.8853797221932259,-0.19542158033719184,522.1445474191901,0.00048050228387924715,-1.8475387999999977,-2.403309599999998,234.26641599999977,-0.005991591188811195
22,4,relaxed-2,relaxed,False,boring,boring-2,False,85.51405022279037,7.703509999999997,87.47355020030257,6.770739999999997,8.550796854146807,5.696761868446139,1.9594999775121948,-0.9327699999999997,13,False,-1.454592167353951,-2.1675302794514266,390.86244250013294,-0.016768295303260464,-1.0595899999999985,-1.4529884000000008,137.199856,-0.004321413146853171
22,5,scary-1,scary,True,relaxed,relaxed-2,False,83.6280512036027,6.327893599999997,81.11054266094817,11.436277599999999,0.5714014299332698,6.495794852240229,-2.517508542654525,5.108384000000002,13,False,-1.2379925934732228,-1.1207319467862409,266.59767733424053,0.02027872070072261,4.9451616,4.8461408000000015,542.1691880000001,0.0007495212587412627
22,6,relaxed-1,relaxed,False,scary,scary-1,False,84.35505865325831,11.317772599999994,82.54967273179254,9.640383599999996,5.10738484270734,2.219807340324118,-1.8053859214657706,-1.677388999999998,13,False,1.6486924133303897,-0.04435117387474463,331.8641392090146,-0.008049625462143996,-2.061129799999996,-3.1921793999999983,291.75351399999965,-0.012651490909090941
22,7,boring-1,boring,False,relaxed,relaxed-1,False,85.2236116952288,8.285693799999997,81.45495784799056,7.374605599999998,5.0,5.043356720686368,-3.768653847238241,-0.9110881999999991,13,False,3.5241548701588434,-0.775968405600608,364.8635573546517,-0.0480541423256475,-0.9444022000000004,-1.0138562000000002,100.69535,-0.0005699416783216693
22,8,amusing-1,amusing,True,boring,boring-1,True,84.8626064787073,7.343000399999996,84.99377879130762,8.394935999999998,7.298829361296472,5.509152335557674,0.13117231260031303,1.051935600000002,13,False,3.846864181677603,1.7716132353360052,311.66373942467885,-0.012416833552697893,0.800138400000001,0.0836983555555566,50.16523733333349,-0.008052529184149181
23,1,scary-1,scary,True,,,False,83.1320992129204,16.320510599999995,80.68531141704534,16.2042032,4.809189704480459,7.412020591039086,-2.4467877958750535,-0.11630739999999662,13,False,-2.0668129597560068,0.8496058742219598,354.9471042879286,0.02807681473237974,-0.152511799999998,-0.7519117999999979,50.831447999999746,-0.006714763636363641
23,2,amusing-1,amusing,True,scary,scary-1,False,83.78720909305711,15.665091399999998,79.37090071047629,15.722555199999999,7.4528071496663495,5.039588274547188,-4.416308382580823,0.05746380000000073,13,False,0.6374983235201673,-2.2586485188037337,407.89347463692457,-0.01651958014958327,0.7364365999999988,-0.19525299999999804,29.650639999999903,-0.009815222937062905
23,3,boring-1,boring,False,amusing,amusing-1,False,82.66227712004687,15.574971999999999,82.07051373598217,15.373705199999995,3.7485905034576636,3.2830654453516805,-0.5917633840646914,-0.2012668000000044,12,False,-1.0862016188533659,-4.699233898735656,379.5144963484453,-0.030505175407365383,-0.09573640000000161,-0.4526064000000005,40.08387999999999,-0.0040495044755244555
23,4,relaxed-1,relaxed,False,boring,boring-1,False,78.72401507676608,15.1017328,80.31247858296031,15.483044399999995,2.8440781696854147,2.959059675881792,1.5884635061942305,0.38131159999999475,12,False,1.5721155482643923,5.78266180765021,215.52816339250933,0.050897203301779576,0.4085791999999966,-0.10795960000000626,19.088500000000057,-0.005583801818181854
23,5,scary-2,scary,True,relaxed,relaxed-1,False,82.06633770985455,15.034447799999997,81.05937927324729,16.422358799999994,3.473896282173498,7.753950810295518,-1.0069584366072633,1.3879109999999972,12,False,-3.0733436866190686,-1.3742483549673306,357.6018012234724,0.017890001255715625,0.8655217999999975,-0.000527799999999227,40.16081999999996,-0.009876537062937046
23,6,relaxed-2,relaxed,False,scary,scary-2,False,80.25783382829805,15.107121199999998,79.72367992528737,14.484724799999997,5.072919733079123,3.463191229742612,-0.5341539030106759,-0.6223964000000013,13,False,1.540816127220334,0.057095872771583345,309.08406671092314,-0.016531036520633455,-0.4575988000000007,-0.21749640000000112,34.1353120000001,0.0015345763636363495
23,7,boring-2,boring,False,relaxed,relaxed-2,False,81.86196573755822,14.818559399999998,79.70124151132661,14.734419999999997,2.834247800990211,3.078286276300984,-2.1607242262316078,-0.08413940000000153,12,False,-1.5502691673377786,-3.658070114691365,310.61263405962836,-0.01738870832716864,0.42852139999999866,0.16161180000000108,42.04596000000006,-0.003709154685314668
23,8,amusing-2,amusing,True,boring,boring-2,True,79.46308549977819,15.0568216,77.07527613276439,16.226411999999996,8.417046043851288,5.159900571973308,-2.3878093670138014,1.169590399999997,12,False,-4.481637521526726,-1.2816469063170548,386.53585297811446,0.01305727023219299,0.7149483999999967,0.3085775999999978,40.170393999999845,-0.006138277342657327
24,1,relaxed-2,relaxed,False,,,False,69.30821433736828,6.000698399999996,67.73628016374525,5.522201999999998,6.75644787692485,5.622885603279478,-1.5719341736230348,-0.4784963999999974,11,False,10.282292284744045,6.894395222820511,855.0787041942749,-0.04043921132945366,-0.33827199999999813,0.689220800000002,40.55301599999993,0.01208382503496503
24,2,scary-2,scary,True,relaxed,relaxed-2,False,74.3060177524733,6.546902999999998,66.382018696018,8.633458399999997,3.0937638982252897,7.239406197080172,-7.923999056455301,2.086555399999999,10,False,-7.886055246740298,-1.8524446840574076,490.6494072267925,0.07143986219621236,2.5015077999999997,5.2555722,491.13181799999995,0.03339452181818181
24,3,boring-2,boring,False,scary,scary-2,False,73.62527465751468,12.022928799999994,67.01603032332628,8.825395599999998,5.018017159199238,2.0548818826410975,-6.6092443341884035,-3.197533199999995,10,False,-3.486181650378422,-1.7466967104233884,420.2506825349133,0.012503701587161308,-3.774065599999998,-5.123135999999996,494.00855599999966,-0.014995293566433561
24,4,amusing-2,amusing,True,boring,boring-2,False,70.7534122110541,7.087554599999998,75.65761244573855,11.347837599999998,7.381415443279314,5.124003241182078,4.904200234684453,4.260283,11,False,2.516092244958898,6.504799929953326,400.5748325939943,0.04404638916157619,6.2147318,5.567696599999999,632.8219260000001,-0.006133820979021004
24,5,relaxed-1,relaxed,False,amusing,amusing-2,False,75.54271255700324,12.613426399999996,73.43754578676928,10.577132799999996,5.828498474737845,3.0271170638703526,-2.1051667702339643,-2.0362936000000005,12,False,3.5747603612779435,4.253128966489991,632.3048065908092,-0.017559603766956366,-2.4832479999999975,-3.5813083999999997,333.8263359999999,-0.012255907132867144
24,6,boring-1,boring,False,relaxed,relaxed-1,False,80.0669620867629,9.206015599999997,68.62332163645131,7.652618399999998,3.7445607948423736,3.683553682575503,-11.443640450311591,-1.5533971999999991,12,False,-3.330212707030455,-5.153110634655945,523.2288871273289,-0.038789577249488054,-1.8487575999999992,-2.2119956,221.64739599999996,-0.0037385693706293603
24,7,amusing-1,amusing,True,boring,boring-1,False,74.18757410145544,7.095934399999998,73.57861986669747,6.198810399999997,7.006018493803623,5.121798284080076,-0.6089542347579737,-0.8971240000000016,12,False,4.838244264205902,2.979428305346578,461.4894012777324,-0.03131297649430724,-0.8930488000000011,-0.8843776000000002,97.5658960000001,0.0001252825174825293
24,8,scary-1,scary,True,amusing,amusing-1,True,77.35911204329807,6.203146799999996,68.1347446332263,11.529650399999996,2.6630602959174094,6.601662001015356,-9.224367410071764,5.3265036,11,False,-1.9207869987198432,-5.542011600058335,462.0764247428198,-0.0544637476939188,6.5672276000000025,5.50684617777778,672.7490426666668,-0.01123435221445224
25,1,amusing-1,amusing,True,,,False,68.929800891041,9.705565999999996,69.68298747101346,6.618359599999996,3.608736709259634,5.934904217547199,0.7531865799724642,-3.0872063999999995,11,False,1.7574853876429397,3.028390708664437,288.9829899890982,0.0063369335414670425,-3.136289199999998,-2.088364399999999,262.67700399999984,0.011254057342657353
25,2,scary-1,scary,True,amusing,amusing-1,False,71.10093149446524,7.619697999999998,70.58212028296543,26.464081599999993,1.9665612964728314,8.294371782650142,-0.5188112114998091,18.844383599999993,11,False,-2.528216270957311,-1.8362060516154866,243.16157798813953,0.013344958606031802,19.2711008,16.251937199999997,1947.896644,-0.03325657384615383
25,3,relaxed-1,relaxed,False,scary,scary-1,False,70.2877087428038,24.342774199999997,70.66451650318014,16.868590799999996,5.898179807146006,2.6146902606982403,0.37680776037633734,-7.474183400000001,11,False,1.4198103778799311,-0.7928435959218803,315.0862930229031,-0.049443430526450866,-9.008560600000001,-12.428331,1194.815722,-0.03811138657342655
25,4,boring-1,boring,False,relaxed,relaxed-1,False,70.13647070692669,12.349109599999997,68.42683989399202,9.659045599999995,4.350988751191611,2.3205000953288843,-1.7096308129346625,-2.6900640000000013,11,False,-0.3935983497628162,5.026224428050081,303.532394073927,0.040612604118812026,-3.0681544000000005,-3.5908663999999995,360.14206,-0.005748975104895082
25,5,amusing-2,amusing,True,boring,boring-1,False,73.77444799470756,8.887723199999998,73.15669314782258,11.456121599999996,7.016212774070542,6.271105433746425,-0.6177548468849778,2.5683983999999977,11,False,-2.962137069243937,-1.8027812926285331,372.9703759672285,0.017238137989543507,3.4742683999999984,3.0942679999999996,386.35437599999995,-0.004255443356643365
25,6,relaxed-2,relaxed,False,amusing,amusing-2,False,71.31252749174503,12.2176254,71.65041901275778,9.297713199999999,6.479484747378456,3.8798368922783597,0.3378915210127502,-2.9199122000000006,11,False,3.1261141193788546,2.206383304130057,328.12709960417385,-0.007403229091808849,-3.612026200000004,-2.967355400000003,409.5579300000003,0.0069277137062937425
25,7,scary-2,scary,True,relaxed,relaxed-2,False,74.09333978241837,8.736327399999995,80.05514098404547,17.490596799999995,1.9295674928503335,7.9895094375595805,5.961801201627097,8.7542694,11,False,-4.757196000505085,0.9275594013635811,523.4395910051763,0.0520290191104904,9.480817400000005,11.905558200000002,1159.6889740000004,0.026574591608391564
25,8,boring-2,boring,False,scary,scary-2,True,72.68986225352518,20.087266399999997,71.0069238335965,16.785467999999995,4.945994797629711,2.3601767656202846,-1.682938419928675,-3.3017984000000027,11,False,5.030435622002439,-3.32434880107904,419.90495500449487,-0.0901802784696711,-4.325419199999998,-2.526822666666663,384.48631999999986,0.018629477902097926
26,1,relaxed-2,relaxed,False,,,False,67.76355033530963,26.45852759999999,65.01108653412751,19.696325599999998,6.2083107721639665,5.3227325071496665,-2.7524638011821168,-6.762201999999991,10,False,-2.0078121414170105,1.502654341500924,412.65063415276836,0.06631088434991533,-5.218556799999994,-1.4478799999999896,396.7551659999991,0.04192072573426578
26,2,scary-2,scary,True,relaxed,relaxed-2,False,71.46392870165593,23.89595179999999,71.66198209037255,50.758396,2.0886833174451853,7.900001906577693,0.19805338871661604,26.862444200000006,10,False,8.158816455239176,-9.100548760003562,764.2389808411415,-0.1928548664391704,25.3486642,16.615343400000004,2194.4699720000003,-0.09870478909090905
26,3,boring-2,boring,False,scary,scary-2,False,62.75469674807136,40.97514399999999,65.10154729088931,31.133415199999998,5.216840428359308,4.029931169044053,2.346850542817954,-9.841728799999995,10,False,4.846064738497728,2.9319549150955617,421.07756255423664,-0.022651963653240542,-10.502112399999994,-13.727080799999996,1297.8705439999994,-0.03165172615384615
26,4,amusing-2,amusing,True,boring,boring-2,False,65.5849870151286,28.382245199999993,73.73107533475174,44.94241159999999,9.241177399256147,6.789898703113387,8.146088319623132,16.5601664,10,False,3.269131271812635,1.587051750867109,217.86596745396145,-0.02888541812261267,14.358533200000005,9.212634000000003,1330.5235920000005,-0.05852266867132874
26,5,boring-1,boring,False,amusing,amusing-2,False,65.65060195940164,38.767541800000004,66.41932229891266,33.02960799999999,3.345226310772164,1.9567016205910392,0.7687203395110203,-5.737933800000015,10,False,4.761087688915471,-1.0908095349876632,401.8536579848375,-0.07974719374010554,-5.794381000000006,-5.959969800000003,498.4604300000005,-0.004771765594405572
26,6,relaxed-1,relaxed,False,boring,boring-1,False,65.06305560459084,33.8294622,65.92738703385302,32.801725600000005,3.7685437559580546,2.7631199237368924,0.8643314292621795,-1.0277365999999972,11,False,2.622679847692107,3.0049210162441873,381.3556563560298,0.0029159330728386586,3.7788289999999933,2.468823799999998,431.28865799999966,-0.007929554265734256
26,7,scary-1,scary,True,relaxed,relaxed-1,False,68.3414688196653,36.918457,67.00549305844983,44.723527999999995,3.6802299332697808,8.195289990467112,-1.3359757612154652,7.805070999999998,10,False,-3.3762867936349727,5.787075395100094,618.9863731341813,0.10095310689109258,5.116267000000003,1.8808242000000017,259.13800800000024,-0.03569438895104899
26,8,amusing-1,amusing,True,scary,scary-1,True,69.67133316994375,38.311809399999994,64.64947885846304,35.9885924,8.49398360343184,5.596887321258341,-5.021854311480709,-2.3232169999999925,11,False,1.2237205808801452,0.5897156486687388,463.30837189617205,0.04084907439057303,1.7404978000000024,1.3161203777777832,171.92085066666718,-0.0027584194871794637
27,1,boring-1,boring,False,,,False,79.45992299059438,31.592233999999994,76.83318123764556,28.654446399999998,5.195299142040039,1.862059485224023,-2.626741752948817,-2.9377875999999965,12,False,1.7068471553423308,-2.904515782327451,294.95526317357894,-0.03521638790358531,-3.880787199999993,-5.011322799999995,474.5093499999996,-0.011936861118881117
27,2,relaxed-1,relaxed,False,boring,boring-1,False,77.9055289223469,26.918757600000003,79.3568479062042,24.058846399999997,7.375605338417542,2.7339415633937083,1.4513189838572913,-2.859911200000006,12,False,1.0664526878520302,0.11064015689400246,294.7595753490187,-0.01727024891558848,-3.8174312000000064,-6.089468000000007,538.1405040000006,-0.025293933146853156
27,3,scary-1,scary,True,relaxed,relaxed-1,False,76.3697672004785,21.24358519999999,77.4773307108343,43.7920148,1.6788538327445994,6.839275437029799,1.1075635103557886,22.548429600000006,12,False,1.6115373264382338,-1.0405656460480752,301.4990124515332,-0.032959206043032714,22.214029200000002,18.311164800000004,2238.2359400000005,-0.042004608251748336
27,4,amusing-1,amusing,True,scary,scary-1,False,76.49823303769882,40.2440186,75.8012466397009,35.0790312,6.099371020019066,6.120054146806482,-0.6969863979979181,-5.164987399999994,12,False,1.7513083820969417,3.4155842658986635,205.485732027142,0.026640639890310035,-5.719839,-7.695539800000003,684.8891080000002,-0.02467879636363638
27,5,boring-2,boring,False,amusing,amusing-1,False,79.8900424529194,33.124984999999995,75.7306073548656,27.608743199999996,5.128663342622198,3.4577386206117287,-4.159435098053805,-5.5162417999999995,13,False,-0.8898746944370117,-2.997891025319935,262.4671426499969,-0.0005564138856637799,-6.162959399999998,-9.178174999999998,836.4433479999999,-0.033505414405594396
27,6,amusing-2,amusing,True,boring,boring-2,False,79.96082504582185,24.446005,76.29525527557163,33.390092,7.823759936723265,5.662073522601221,-3.6655697702502152,8.944087000000003,12,False,-4.325036878968528,-2.5367277580569216,440.7935082290744,0.02246182709789185,9.425740199999998,7.3002861999999995,948.2694339999995,-0.023507879580419597
27,7,scary-2,scary,True,amusing,amusing-2,False,77.35947490027233,32.2695384,83.46198016033713,41.8209028,1.473975595805529,7.695991611058151,6.102505260064802,9.551364399999997,12,False,0.2998958036903569,6.073003237923122,301.9508544759717,0.055134764038526116,9.504839999999994,2.3813943999999956,612.4040639999994,-0.07856288223776223
27,8,relaxed-2,relaxed,False,scary,scary-2,True,81.08416702987104,35.630638,75.5936941146392,19.831753599999992,5.577569780743565,4.164328408007626,-5.490472915231834,-15.798884400000006,11,False,-1.708101904569465,-6.437053050353451,739.80452297863,-0.04341604138176124,-17.0101708,-19.588788000000005,2016.8487080000002,-0.02863805076923074
28,1,scary-2,scary,True,,,False,84.60365555909655,18.46135159999999,80.12518810647212,20.669153599999994,4.533727645376548,7.932673021925643,-4.478467452624429,2.2078020000000045,13,False,-0.9100181237855812,6.331644793423,450.3951532850622,0.07530595410053945,1.8461412000000088,0.8819852000000061,145.6731560000008,-0.010642936783216815
28,2,relaxed-2,relaxed,False,scary,scary-2,False,86.72025620964692,19.4857612,82.81690700012099,17.782936,3.2323325071496662,4.442270829361298,-3.9033492095259277,-1.7028251999999995,12,False,-3.2636542993386066,-5.247934008797491,545.0720639752695,-2.132195612573155e-05,-2.0694836000000003,-3.2374004000000007,302.0518460000002,-0.013200346573426568
28,3,amusing-2,amusing,True,relaxed,relaxed-2,False,85.65345036023506,16.349222799999996,86.59316900703658,18.4383216,7.733859961868446,6.954129647283127,0.9397186468015235,2.089098800000002,10,False,4.945942497315973,-5.4024352184389,644.9498778777845,-0.09341185904933341,3.0278236,1.0347260000000016,228.60100000000006,-0.02173731524475522
28,4,boring-2,boring,False,amusing,amusing-2,False,81.45517702087376,17.744199999999992,80.79124589960524,15.751991999999996,4.608207435653003,4.97631515729266,-0.6639311212685186,-1.9922079999999962,12,False,7.694997926220656,1.4730352766398578,678.4436951530308,-0.08144449346712553,-2.2533335999999964,-3.0759519999999956,286.8385039999996,-0.008606534265734255
28,5,relaxed-1,relaxed,False,boring,boring-2,False,84.47823145437448,14.889260799999995,83.9298148988512,14.946398399999998,4.026796568160153,4.441031077216397,-0.548416555523275,0.057137600000002564,12,False,1.7663386071035536,-1.3699145831532178,657.3245574171958,-0.038413808658296,-0.2812655999999987,-1.6983527999999986,115.05037999999985,-0.015604538181818173
28,6,boring-1,boring,False,relaxed,relaxed-1,False,80.07607390065486,13.3800856,79.92193248507093,14.258090799999998,4.269224022878933,3.446348903717826,-0.15414141558393624,0.8780051999999987,12,False,-0.852505419289642,-0.17171300364191686,269.52777341064143,0.014699898264742094,0.227094399999998,-1.0576536000000036,57.96532800000017,-0.013903092587412598
28,7,scary-1,scary,True,boring,boring-1,False,80.92950187790434,12.547223199999994,74.39719798629189,21.024640799999993,4.369218684461392,7.96216968541468,-6.532303891612457,8.477417599999999,12,False,-4.028998535219126,-0.98804547802519,549.7258817687732,0.024142919271383474,7.8396424000000025,6.340812000000003,771.1041640000001,-0.01692990293706292
28,8,amusing-1,amusing,True,scary,scary-1,True,77.17706517342971,19.065221599999997,78.44905800926047,15.393877599999994,6.374248236415633,5.770692850333651,1.2719928358307584,-3.671344000000003,12,False,15.105696922977662,1.7609704730262052,549.7528853680711,-0.13588858682069369,-3.859537600000001,-5.593980622222223,516.3577213333334,-0.01954163836829836
29,1,amusing-1,amusing,True,,,False,67.99559825948636,40.11102,78.47786387281705,51.9511128,5.354581153719829,5.074572437936089,10.482265613330696,11.840092799999994,10,False,1.4684820782792467,3.3495912742815506,302.26704031653975,0.009052354084073642,10.535207199999995,4.512364799999996,773.9317439999994,-0.06740728279720277
29,2,boring-1,boring,False,amusing,amusing-1,False,70.8386455880848,45.2152736,70.07711395101917,43.5743176,5.0,5.029851286939943,-0.7615316370656302,-1.6409560000000027,11,False,-2.5412196643166474,-5.208160462030771,371.3071477129014,-0.03579456897319642,-3.413888800000007,-6.9479176000000065,525.0472960000009,-0.03787122881118881
29,3,scary-1,scary,True,boring,boring-1,False,66.16268656834538,39.3517388,81.68202325366344,63.896164399999996,4.25993403241182,5.3219340324118205,15.519336685318066,24.544425599999997,10,False,1.804305421566383,1.5101476844398054,226.10813647204117,-0.0028561072355254304,17.508250799999992,9.299245999999997,1356.2879239999993,-0.08681977510489516
29,4,relaxed-1,relaxed,False,scary,scary-1,False,66.2539398608873,49.45725519999999,72.80498826298862,43.529041599999985,5.445339847473785,5.089214108674928,6.551048402101316,-5.9282136000000065,11,False,3.4026497582170236,4.948826810617049,273.2163096738957,0.015997921735159768,-5.558526399999994,-10.627287999999995,876.4845079999996,-0.05652101622377625
29,5,boring-2,boring,False,relaxed,relaxed-1,False,69.4080726166988,39.66133279999999,68.1372077498351,32.759538400000004,5.0,5.084517220470725,-1.270864866863704,-6.901794399999986,11,False,0.675258154346281,1.4031176365390507,374.4773699683505,0.025366866642297405,-3.7973255999999913,-2.75956639999999,425.6408859999992,0.012148245314685373
29,6,relaxed-2,relaxed,False,boring,boring-2,False,73.64081304114902,36.09474839999999,68.37957006357396,30.086723599999996,5.3665016205910385,5.097964442326024,-5.261242977575051,-6.008024799999998,10,False,-8.683999156728959,-10.184095253427051,821.5230425959198,-0.031812119582525764,-6.129327599999999,-9.875765599999994,881.7973859999995,-0.041577071748251676
29,7,amusing-2,amusing,True,relaxed,relaxed-2,False,65.05124729037742,26.8335652,69.18620235412622,37.4761392,6.064347378455671,5.351328884652051,4.134955063748805,10.642574,11,False,7.689752727891786,0.6622908153711103,274.9172770457602,-0.07288737746000906,12.6948996,5.440441200000001,960.9359979999999,-0.07913096349650349
29,8,scary-2,scary,True,amusing,amusing-2,True,65.96825718463121,33.3052924,80.20227603200564,51.619139600000004,2.624346615824595,6.036447664442326,14.23401884737443,18.313847200000005,10,False,5.288871751345103,-5.52014960542714,460.5448806474491,-0.11632276688169543,15.732268399999997,8.117301911111111,1246.1372666666664,-0.08344627738927736
30,1,relaxed-2,relaxed,False,,,False,82.00615944461568,6.748266399999997,83.78955035303409,5.305034399999996,5.25518512614339,5.7261979716308895,1.7833909084184114,-1.443232000000001,13,False,3.6107499454300958,7.89477772247461,595.2771211400436,0.05455679803074789,-1.6209708000000012,-1.981189199999999,201.498236,-0.004104121678321654
30,2,scary-2,scary,True,relaxed,relaxed-2,False,89.23918792209984,4.793065399999999,85.4049081695839,4.6972283999999975,0.5,9.440538512869399,-3.8342797525159398,-0.09583700000000128,13,False,-0.6009065304945219,-2.3247811225397945,432.94353840403903,-0.012611398783202181,0.2572185999999987,1.7614913999999977,142.87419799999986,0.016631962657342653
30,3,amusing-2,amusing,True,scary,scary-2,False,85.36630860073757,6.572429199999998,90.10388309313196,5.233478799999997,7.031482459485224,8.097702192564348,4.737574492394387,-1.3389504000000017,14,False,2.3682509114395223,3.618385633796047,336.59944454644886,0.009255339732659313,-1.123817200000001,1.9262619999999986,96.02090000000005,0.03328694391608393
30,4,boring-2,boring,False,amusing,amusing-2,False,88.79419174967914,7.622263199999997,83.7547270956058,6.991391199999996,6.512744709246902,4.897842707340325,-5.039464654073342,-0.630872000000001,13,False,2.5497120499718733,0.9602617793226121,352.8335804543605,-0.016753818700742832,-1.025655200000002,-0.7175424000000001,78.72469200000008,0.002815222657342679
30,5,relaxed-1,relaxed,False,boring,boring-2,False,87.13636501504932,6.943193599999996,88.14043601049518,5.685885599999997,6.890790467111536,3.9206863679694948,1.0040709954458578,-1.2573079999999992,13,False,6.358259237851295,-0.872024758912905,494.58005873486286,-0.07251452486981823,-1.5955111999999991,-2.3429503999999994,219.7389039999999,-0.008288624475524474
30,6,boring-1,boring,False,relaxed,relaxed-1,False,86.22826960211916,4.702025999999998,83.12508411167525,4.042963199999997,5.907054432793137,5.009485891325071,-3.103185490443906,-0.659062800000001,13,False,1.7327216153151614,-4.322193695325329,528.7426599572033,-0.07116427118199259,-0.7709644000000005,-1.0317604000000014,99.5490120000001,-0.002902355244755249
30,7,amusing-1,amusing,True,boring,boring-1,False,81.2018271609747,3.710281999999997,87.53724980495055,3.931851999999997,6.453520591039085,7.774292469018113,6.335422643975846,0.22156999999999982,12,False,1.0124675712986477,0.649371974554081,527.0642003880192,-0.014897943113413952,2.39719,5.880622,532.999304,0.04128825356643355
30,8,scary-1,scary,True,amusing,amusing-1,True,81.81553942259414,9.753467999999998,84.78801850361099,16.021138399999998,0.5,8.584260803277148,2.972479081016843,6.2676704,13,False,2.9941403877621013,5.071043000954494,671.8452848996789,0.03052799738864467,5.320995599999999,1.3410516888888886,371.7316393333332,-0.04348246890442891
