outcome,variant,model_type,formula,n_observations,n_participants,converged,optimizer,log_likelihood,aic,bic,random_intercept_variance,random_time_slope_variance,random_intercept_time_covariance,residual_variance,warning_count,warnings
hr_delta_bpm,primary,MixedLM_random_intercept_time,hr_delta_bpm ~ condition_scary * time_linear + condition_scary * time_quadratic + arousal_z + order_z + recovery_is_endvid,1440,30,True,lbfgs,-4495.108018481975,9016.21603696395,9084.75721606736,1.8798336145436025,1.0119013330499798,-0.7906424949816748,29.039280164909183,0,
hr_delta_bpm,exclude_endvid,MixedLM_random_intercept_time,hr_delta_bpm ~ condition_scary * time_linear + condition_scary * time_quadratic + arousal_z + order_z,1200,30,True,lbfgs,-3722.7223476963545,7469.444695392709,7530.525617422022,2.965707372832892,1.25176925218549,-1.1097592250829522,27.550170470785062,0,
hr_delta_bpm,previous_condition,MixedLM_random_intercept_time,hr_delta_bpm ~ condition_scary * time_linear + condition_scary * time_quadratic + arousal_z + order_z + recovery_is_endvid + C(previous_category_filled),1440,30,True,lbfgs,-4483.935171891875,9001.87034378375,9091.50111645744,1.7825413342641026,1.039523304207326,-0.8070982881631849,28.60533260200589,0,
hr_delta_bpm,within_subject_z,GEE_exchangeable,hr_delta_bpm_within_z ~ condition_scary * time_linear + condition_scary * time_quadratic + arousal_z + order_z + recovery_is_endvid,1440,30,True,GEE_IRLS,,,,,,,0.9476522783739945,0,
scl_delta_us,primary,MixedLM_random_intercept_time,scl_delta_us ~ condition_scary * time_linear + condition_scary * time_quadratic + arousal_z + order_z + recovery_is_endvid,1440,30,True,lbfgs,-4530.225360141219,9086.450720282439,9154.99189938585,12.473487899122055,1.072147952084038,-2.739592788352349,29.531354446768088,0,
scl_delta_us,exclude_endvid,MixedLM_random_intercept_time,scl_delta_us ~ condition_scary * time_linear + condition_scary * time_quadratic + arousal_z + order_z,1200,30,True,lbfgs,-3764.00967875306,7552.01935750612,7613.100279535433,15.592358213755471,1.6980087416667393,-2.79721442043971,28.392457676011528,0,
scl_delta_us,previous_condition,MixedLM_random_intercept_time,scl_delta_us ~ condition_scary * time_linear + condition_scary * time_quadratic + arousal_z + order_z + recovery_is_endvid + C(previous_category_filled),1440,30,True,lbfgs,-4413.098792730876,8860.197585461752,8949.828358135443,13.624487457863008,1.3624531062511611,-3.1970198623668042,24.91433725353035,0,
scl_delta_us,within_subject_z,GEE_exchangeable,scl_delta_us_within_z ~ condition_scary * time_linear + condition_scary * time_quadratic + arousal_z + order_z + recovery_is_endvid,1440,30,True,GEE_IRLS,,,,,,,0.7096394229840629,0,
scl_delta_us,exclude_eda_review,MixedLM_random_intercept_time,scl_delta_us ~ condition_scary * time_linear + condition_scary * time_quadratic + arousal_z + order_z + recovery_is_endvid,1392,29,True,lbfgs,-4388.4722229109275,8802.944445821855,8871.044904753482,12.92039822221365,1.0634620517444369,-2.7643390009347124,29.914946607155013,0,
