subject,physiology_start_s,physiology_end_s,annotation_start_s,annotation_end_s,ecg_finite_fraction,r_peak_count,rr_valid_fraction,median_hr_bpm,rr_median_s,rr_p01_s,rr_p99_s,ecg_qc_flag,scl_finite_fraction,scl_min_us,scl_max_us,scl_negative_fraction,scl_over_100_fraction,scl_jump_count_gt_1us_per_sample,scl_jump_fraction_gt_1us_per_sample,scl_abs_diff_p9999_us,scl_start_end_drift_us,scl_drift_per_min_us,eda_qc_flag,participant_exclusion_flag
1,1e-05,2451.59901,0.001,2451.417127,1.0,3083,0.999675535366645,75.28230865746549,0.797,0.5788,0.9871999999999999,False,1.0,4.289832000000004,17.264759999999995,0.0,0.0,0,0.0,0.09791886239990172,-3.8321520000000078,0.017442090092900302,False,False
2,0.00101,2451.60001,0.001,2451.535129,1.0,2659,1.0,64.58557588805166,0.929,0.72514,1.0574299999999999,False,1.0,5.287295999999998,42.335663999999994,0.0,0.0,0,0.0,0.09069599999999411,3.098855999999998,0.1418107718674675,False,False
3,0.00101,2451.70001,0.001,2451.54914,1.0,2653,0.9996229260935143,64.1025641025641,0.936,0.6315,1.173,False,1.0,-33.846048,59.51774400000001,4.078802463596688e-07,0.0,176,7.178695263978164e-05,0.5709917424007767,9.37151999999999,0.24231768243388419,False,False
4,1e-05,2451.59901,0.001,2451.457736,1.0,2340,1.0,55.452865064695004,1.082,0.6955199999999999,1.217,False,1.0,1.4669759999999883,40.731024000000005,0.0,0.0,29,1.1829014451384586e-05,0.2878080000000125,-0.05519999999999925,0.20449782034069888,False,False
5,0.001,2451.7,0.001,2451.54819,1.0,2659,0.9996237772761475,63.76195536663125,0.941,0.68912,1.061,False,1.0,13.46808,58.85932799999999,0.0,0.0,89,3.630135673261685e-05,0.2365440000000092,13.223495999999983,0.26278327899808956,False,False
6,0.00101,2451.60001,0.0,2451.428128,1.0,2644,1.0,64.23982869379014,0.934,0.657,1.19458,False,1.0,5.082287999999998,17.946816,0.0,0.0,20,8.157947656160453e-06,0.20107199999999636,-7.829904000000013,-0.09195540585366162,False,False
7,0.00101,2451.60001,0.0,2451.489143,1.0,2822,1.0,66.96428571428571,0.896,0.597,1.0524000000000004,False,1.0,11.193215999999993,38.042159999999996,0.0,0.0,11,4.486867550525188e-06,0.20894400000000246,-16.953072000000006,0.06148670660864658,False,False
8,0.00301,2451.80201,0.0,2451.612621,1.0,3036,1.0,73.52941176470588,0.816,0.62434,0.9246599999999999,False,1.0,-49.190208000000005,60.783336000000006,3.2629088832694347e-06,0.0,218,8.891430333400087e-05,0.7680843071998388,6.958680000000001,0.14315641734590218,False,False
9,0.00201,2451.60101,0.0,2451.44212,1.0,3072,1.0,75.09386733416771,0.799,0.6227,0.9643000000000002,False,1.0,8.307288,46.15608,0.0,0.0,217,8.851365986036052e-05,0.7491081647999968,-1.2497999999999934,0.10648590003367929,False,False
10,0.00201,2451.70101,0.0,2451.243156,1.0,3034,0.9996702934388394,73.484412124703,0.8165,0.63831,0.926,False,1.0,17.30023200000001,41.882279999999994,0.0,0.0,6,2.447282476356192e-06,0.1774079999999998,-7.1558160000000015,0.11833625603490533,False,False
11,1e-05,2451.59901,0.0,2451.54213,1.0,2776,0.9996396396396396,67.64374295377678,0.887,0.71973,1.02627,False,1.0,-49.261176000000006,32.94832799999999,8.157937673356176e-07,0.0,38,1.5500087901814287e-05,0.19713600000000042,-11.595095999999998,-0.16930433445464604,False,False
12,0.002,2451.601,0.0,2451.51085,1.0,2259,1.0,54.24954792043399,1.106,0.7325699999999999,1.3004299999999998,False,1.0,2.5354079999999897,45.32812799999999,0.0,0.0,86,3.507914630410601e-05,0.35484000000001004,10.065408000000005,0.696381379854084,False,False
13,0.00101,2451.70001,0.0,2451.422136,1.0,3164,1.0,76.92307692307692,0.78,0.5818599999999999,0.928,False,1.0,17.59197599999999,46.873632,0.0,0.0,28,1.1420651556328897e-05,0.44157600000001196,-1.813608000000002,-0.018372673430879442,False,False
14,0.00201,2452.20101,0.0,2452.171107,1.0,2584,1.0,62.37006237006237,0.962,0.72264,1.05218,False,1.0,-11.432952,60.570432,8.15594160345812e-07,0.0,112,4.567329160480043e-05,0.4731120000000004,-0.6150480000000016,-0.09797042989392568,False,False
15,0.001,2451.6,0.0,2451.418821,1.0,2938,1.0,72.46376811594203,0.828,0.6763600000000001,1.0026399999999998,False,1.0,6.785448000000002,53.02811999999999,0.0,0.0,47,1.9171161352243984e-05,0.18926400000000854,-3.98990400000001,0.5201222401141901,False,False
16,0.00301,2451.50201,0.0,2451.331715,1.0,2308,1.0,55.97014925373134,1.072,0.8452999999999999,1.2088200000000002,False,1.0,-2.9841359999999995,58.875096,8.158270446665307e-07,0.0,106,4.323885100503814e-05,0.20107200000001058,-9.158591999999999,0.07701971161387347,False,False
17,0.001,2452.8,0.0,2452.641621,1.0,2778,1.0,67.56756756756756,0.888,0.73576,0.982,False,1.0,-49.269048000000005,63.949319999999986,4.076973255055447e-07,0.0,9,3.6692774255044953e-06,0.18134400000000597,-26.620295999999996,-0.5446615733245816,True,False
18,0.00101,2451.60001,0.0,2451.593135,1.0,3150,1.0,76.33587786259541,0.786,0.61948,0.88252,False,1.0,10.034111999999993,36.173376000000005,0.0,0.0,17,6.934249850811654e-06,0.2043790271999043,-5.50775999999999,0.05376426000582149,False,False
19,0.00101,2451.60001,0.0,2451.483124,1.0,2649,0.9966012084592145,63.492063492063494,0.945,0.6593800000000001,1.07862,False,1.0,7.723776000000001,43.991568,0.0,0.0,19,7.750043950907143e-06,0.18530400000000213,-2.8781039999999933,-0.02430926671342813,False,False
20,0.00101,2451.60001,0.0,2451.604136,1.0,2939,1.0,72.02881152460985,0.833,0.67274,1.0072600000000003,False,1.0,-6.008040000000001,62.084424,4.078968836678088e-07,0.0,42,1.7131676102005262e-05,0.2089679999999987,-6.241127999999989,-0.09590467052909746,False,False
21,0.00101,2451.60001,0.0,2451.434128,1.0,3072,1.0,74.62686567164178,0.804,0.5653999999999999,0.964,False,1.0,-7.344552,29.955888,2.8552781856746613e-06,0.0,207,8.443468935988309e-05,0.6774708623999144,0.2562719999999956,-0.00406129476858573,False,False
22,1e-05,2451.59901,0.0,2451.505543,1.0,3421,1.0,84.74576271186442,0.708,0.601,0.89581,False,1.0,3.611711999999997,29.577408000000005,0.0,0.0,27,1.1013220351289098e-05,0.2247119999999967,-4.108128000000008,-0.06287012007224538,False,False
23,1e-05,2451.59901,0.0,2451.428128,1.0,3309,1.0,81.08108108108108,0.74,0.609,0.8839299999999999,False,1.0,-49.276944,54.78259199999998,5.7105563713493226e-06,0.0,314,0.00012807967371499172,1.6784405471992683,-2.1723599999999976,-0.044482566084872124,False,False
24,0.00101,2451.60001,0.0,2451.139151,1.0,2916,1.0,71.25890736342043,0.842,0.656,1.018,False,1.0,-17.248128,51.83349600000001,3.2631750693424703e-06,0.0,356,0.000145211349816997,1.8998455199993602,4.482672000000001,0.06099127785169417,False,False
25,0.00101,2451.60001,0.0,2451.473123,1.0,2927,1.0,70.92198581560284,0.846,0.676,0.92,False,1.0,-49.304544,43.609151999999995,4.486865720345896e-06,0.0,218,8.892155691040826e-05,0.7523950271999061,2.613911999999999,0.08592750326201114,False,False
26,1e-05,2451.69901,0.0,2451.606136,1.0,2806,1.0,67.87330316742081,0.884,0.64104,0.9999600000000001,False,1.0,18.676199999999994,53.292264,0.0,0.0,7,2.855162889082224e-06,0.20896800000001292,4.356576000000004,0.31965896762316315,False,False
27,0.00201,2451.70101,0.0,2451.554131,1.0,3216,1.0,77.92207792207792,0.77,0.62156,0.839,False,1.0,-2.511024000000006,51.384024,4.078802463596688e-07,0.0,185,7.545787635431593e-05,0.6064836672007746,-20.801063999999997,-0.07099610732988633,False,False
28,0.00301,2451.60201,0.0,2451.492125,1.0,3312,0.9996979764421625,80.97165991902834,0.741,0.59,0.867,False,1.0,12.032975999999998,23.982888000000003,0.0,0.0,19,7.750043950907143e-06,0.2089679999999987,-6.319920000000003,-0.08762327101765799,False,False
29,0.00201,2451.50101,0.0,2451.501126,1.0,2845,1.0,69.12442396313364,0.868,0.626,1.009,False,1.0,21.31377599999999,66.500256,0.0,0.0,58,2.3658993946152945e-05,0.5283120000000139,-4.632600000000011,-0.37685366796842956,False,False
30,0.00201,2451.50101,0.0,2451.391115,1.0,3506,1.0,85.71428571428572,0.7,0.53128,0.8588800000000001,False,1.0,-30.77484,31.942967999999993,4.487048745665919e-06,0.0,222,9.055683889734404e-05,0.850978387200862,2.1881040000000027,0.10979552166760956,False,False
