outcome,model_outcome,variant,model_type,term,estimate,std_error,z_value,p_value,ci_lower,ci_upper
hr_delta_bpm,hr_delta_bpm,primary,MixedLM_random_intercept_time,condition_scary,-2.7074585851043755,0.5996511396498144,-4.515056181975211,6.3299982163227965e-06,-3.8827532221064103,-1.5321639481023408
hr_delta_bpm,hr_delta_bpm,primary,MixedLM_random_intercept_time,time_linear,-0.24283470131590898,0.3944276587589399,-0.6156634706602075,0.5381166513098157,-1.0158987069898855,0.5302293043580676
hr_delta_bpm,hr_delta_bpm,primary,MixedLM_random_intercept_time,condition_scary:time_linear,0.5626997153345754,0.49364589243517343,1.1398853387774726,0.25433407389944174,-0.40482845495449804,1.5302278856236489
hr_delta_bpm,hr_delta_bpm,primary,MixedLM_random_intercept_time,time_quadratic,2.2212919922584176,0.6855409340799637,3.24020329324247,0.0011944450831462012,0.8776564515337413,3.564927532983094
hr_delta_bpm,hr_delta_bpm,primary,MixedLM_random_intercept_time,condition_scary:time_quadratic,1.1227259646686354,0.9695012865378053,1.1580448424963026,0.24684573722134995,-0.7774616399107102,3.022913569247981
hr_delta_bpm,hr_delta_bpm,primary,MixedLM_random_intercept_time,arousal_z,0.5893500691053924,0.2835901186125144,2.0781756148233628,0.03769318721198441,0.03352365025342219,1.1451764879573627
hr_delta_bpm,hr_delta_bpm,exclude_endvid,MixedLM_random_intercept_time,condition_scary,-2.9192071984704864,0.6577020037536695,-4.438495217909999,9.058999680872046e-06,-4.208279438387506,-1.6301349585534668
hr_delta_bpm,hr_delta_bpm,exclude_endvid,MixedLM_random_intercept_time,time_linear,-0.04569795091070323,0.420207405080213,-0.10875094145944428,0.9134000359829261,-0.8692893309049541,0.7778934290835475
hr_delta_bpm,hr_delta_bpm,exclude_endvid,MixedLM_random_intercept_time,condition_scary:time_linear,0.6134540111693659,0.5322581041720131,1.1525498745080869,0.2490951874361842,-0.4297527034873482,1.6566607258260801
hr_delta_bpm,hr_delta_bpm,exclude_endvid,MixedLM_random_intercept_time,time_quadratic,2.000682088029137,0.7172599261173249,2.7893403983396086,0.005281552105051902,0.5948784652853203,3.4064857107729543
hr_delta_bpm,hr_delta_bpm,exclude_endvid,MixedLM_random_intercept_time,condition_scary:time_quadratic,0.98317522956286,1.0352755285569217,0.9496749439574943,0.34227744498162804,-1.045927520484375,3.012277979610095
hr_delta_bpm,hr_delta_bpm,exclude_endvid,MixedLM_random_intercept_time,arousal_z,0.5656831924643771,0.3133631474112146,1.805200123682867,0.0710433716076142,-0.04849729054371943,1.1798636754724736
hr_delta_bpm,hr_delta_bpm,previous_condition,MixedLM_random_intercept_time,condition_scary,-3.0149504323782996,0.6380416497533147,-4.7253191598761095,2.297542184263142e-06,-4.265489086531316,-1.7644117782252835
hr_delta_bpm,hr_delta_bpm,previous_condition,MixedLM_random_intercept_time,time_linear,-0.24283470131590856,0.3932850764531778,-0.6174521126148529,0.5369365580644367,-1.0136592868212186,0.5279898841894015
hr_delta_bpm,hr_delta_bpm,previous_condition,MixedLM_random_intercept_time,condition_scary:time_linear,0.5626997153345755,0.48994361829474,1.1484989176776397,0.2507626595633685,-0.3975721309783544,1.5229715616475055
hr_delta_bpm,hr_delta_bpm,previous_condition,MixedLM_random_intercept_time,time_quadratic,2.2212919922584335,0.6803994743588411,3.2646879898777366,0.001095847165950054,0.887733527415121,3.554850457101746
hr_delta_bpm,hr_delta_bpm,previous_condition,MixedLM_random_intercept_time,condition_scary:time_quadratic,1.122725964668614,0.962230164469797,1.166795644249266,0.243292906464749,-0.7632105025302409,3.008662431867469
hr_delta_bpm,hr_delta_bpm,previous_condition,MixedLM_random_intercept_time,arousal_z,0.6499915552863762,0.2809427706641075,2.3136084041240554,0.020689212277543115,0.09935384306782946,1.2006292675049228
hr_delta_bpm,hr_delta_bpm_within_z,within_subject_z,GEE_exchangeable,condition_scary,-0.3906961448756641,0.15230646613661586,-2.5651973602041127,0.01031171332493878,-0.6892113331160006,-0.09218095663532772
hr_delta_bpm,hr_delta_bpm_within_z,within_subject_z,GEE_exchangeable,time_linear,-0.0350480298590306,0.07685842898992526,-0.4560076275254697,0.6483844932961249,-0.18568778258761331,0.1155917228695521
hr_delta_bpm,hr_delta_bpm_within_z,within_subject_z,GEE_exchangeable,condition_scary:time_linear,0.11588022332679379,0.11291824971556715,1.0262311328654814,0.3047826497828515,-0.10543547931301803,0.33719592596660564
hr_delta_bpm,hr_delta_bpm_within_z,within_subject_z,GEE_exchangeable,time_quadratic,0.48748249555254,0.12577432428523555,3.875850642194742,0.0001062528477620797,0.2409693497736168,0.7339956413314631
hr_delta_bpm,hr_delta_bpm_within_z,within_subject_z,GEE_exchangeable,condition_scary:time_quadratic,0.13762442185095397,0.17005890771703533,0.8092749959322931,0.41835698531961996,-0.19568491252465592,0.47093375622656386
hr_delta_bpm,hr_delta_bpm_within_z,within_subject_z,GEE_exchangeable,arousal_z,0.00031692360879249915,0.0006467311558406825,0.49003918541782915,0.6241061705298505,-0.0009506461643351995,0.001584493381920198
scl_delta_us,scl_delta_us,primary,MixedLM_random_intercept_time,condition_scary,9.534501233155982,0.6508630516483348,14.64901288989981,1.3668706659915936e-48,8.258833093057413,10.810169373254551
scl_delta_us,scl_delta_us,primary,MixedLM_random_intercept_time,time_linear,0.10336087547786567,0.3995573124909592,0.25868848409626943,0.7958756055560091,-0.6797570667640302,0.8864788177197616
scl_delta_us,scl_delta_us,primary,MixedLM_random_intercept_time,condition_scary:time_linear,-1.3671300901631696,0.4978107690589475,-2.7462846831288275,0.006027443614657469,-2.342821268634893,-0.3914389116914462
scl_delta_us,scl_delta_us,primary,MixedLM_random_intercept_time,time_quadratic,-0.4680403826773144,0.6913248238170081,-0.6770194943863371,0.49839358572829906,-1.8230121389771483,0.8869313736225196
scl_delta_us,scl_delta_us,primary,MixedLM_random_intercept_time,condition_scary:time_quadratic,0.5280349604395526,0.9776809418472033,0.5400892436768767,0.5891354882618417,-1.388184473952165,2.4442543948312703
scl_delta_us,scl_delta_us,primary,MixedLM_random_intercept_time,arousal_z,-0.822657102189126,0.32915369047171095,-2.4993099758662107,0.012443541426881744,-1.4677864808921242,-0.17752772348612778
scl_delta_us,scl_delta_us,exclude_endvid,MixedLM_random_intercept_time,condition_scary,8.71333189599371,0.702148929880068,12.409521007860835,2.320367556543643e-35,7.337145281645436,10.089518510341982
scl_delta_us,scl_delta_us,exclude_endvid,MixedLM_random_intercept_time,time_linear,0.1101165924265943,0.44255201013414375,0.2488218105555919,0.8034986192103369,-0.7572694087221324,0.9775025935753211
scl_delta_us,scl_delta_us,exclude_endvid,MixedLM_random_intercept_time,condition_scary:time_linear,-1.3282669906676858,0.5415065736822586,-2.4529101865475726,0.014170571467629525,-2.3896003724765977,-0.26693360885877393
scl_delta_us,scl_delta_us,exclude_endvid,MixedLM_random_intercept_time,time_quadratic,-0.5506644731960488,0.7281417201727799,-0.756260021833912,0.4494933123576681,-1.9777960203757396,0.876467073983642
scl_delta_us,scl_delta_us,exclude_endvid,MixedLM_random_intercept_time,condition_scary:time_quadratic,0.5020103819373233,1.0509820453748793,0.4776583806988435,0.6328933712577085,-1.5578765753956807,2.5618973392703275
scl_delta_us,scl_delta_us,exclude_endvid,MixedLM_random_intercept_time,arousal_z,-0.1254081768487177,0.34859145098379407,-0.35975689161277763,0.7190289431264831,-0.8086348660955136,0.5578185123980783
scl_delta_us,scl_delta_us,previous_condition,MixedLM_random_intercept_time,condition_scary,6.904656773350379,0.6370118378009304,10.839134163010831,2.2458648661211134e-27,5.656136513534886,8.153177033165873
scl_delta_us,scl_delta_us,previous_condition,MixedLM_random_intercept_time,time_linear,0.10336087547786504,0.3872347922459298,0.26692042540490873,0.7895304298237579,-0.6556053708850076,0.8623271218407378
scl_delta_us,scl_delta_us,previous_condition,MixedLM_random_intercept_time,condition_scary:time_linear,-1.3671300901631693,0.4572432192696645,-2.9899406542251827,0.002790316534713966,-2.2633103321068626,-0.47094984821947605
scl_delta_us,scl_delta_us,previous_condition,MixedLM_random_intercept_time,time_quadratic,-0.46804038267733505,0.6349874443268453,-0.7370860429744528,0.4610700261947146,-1.7125929041930843,0.7765121388384143
scl_delta_us,scl_delta_us,previous_condition,MixedLM_random_intercept_time,condition_scary:time_quadratic,0.5280349604395845,0.8980078557036546,0.5880070615037445,0.5565275530357132,-1.2320280945736202,2.2880980154527895
scl_delta_us,scl_delta_us,previous_condition,MixedLM_random_intercept_time,arousal_z,-0.9424572543816886,0.3062563377796429,-3.077347757811314,0.0020885149176940935,-1.5427086464669222,-0.342205862296455
scl_delta_us,scl_delta_us_within_z,within_subject_z,GEE_exchangeable,condition_scary,1.0421842890214248,0.17332856673939276,6.012767016001439,1.823830711688075e-09,0.7024665407202679,1.3819020373225817
scl_delta_us,scl_delta_us_within_z,within_subject_z,GEE_exchangeable,time_linear,-0.01746118306163992,0.085801790715442,-0.2035060447578442,0.8387395215039288,-0.18562960267294942,0.1507072365496696
scl_delta_us,scl_delta_us_within_z,within_subject_z,GEE_exchangeable,condition_scary:time_linear,-0.2163761818784795,0.06644964074673906,-3.256243065378768,0.0011289705806574305,-0.34661508452771334,-0.08613727922924569
scl_delta_us,scl_delta_us_within_z,within_subject_z,GEE_exchangeable,time_quadratic,-0.0487966533895846,0.07218068239776969,-0.6760348027839146,0.49901854884343966,-0.19026819126873742,0.0926748844895682
scl_delta_us,scl_delta_us_within_z,within_subject_z,GEE_exchangeable,condition_scary:time_quadratic,0.06479707551036631,0.07707973315066577,0.8406499719415107,0.40054405479183064,-0.08627642540289665,0.21587057642362928
scl_delta_us,scl_delta_us_within_z,within_subject_z,GEE_exchangeable,arousal_z,-0.00040221653167873153,0.0012123012383888068,-0.33177936220975257,0.7400558689921077,-0.002778283297334099,0.0019738502339766363
scl_delta_us,scl_delta_us,exclude_eda_review,MixedLM_random_intercept_time,condition_scary,9.535850192916753,0.6605757173786015,14.435665650500118,3.0865137777787584e-47,8.241145577792985,10.830554808040521
scl_delta_us,scl_delta_us,exclude_eda_review,MixedLM_random_intercept_time,time_linear,0.12101160747528007,0.4080643883646565,0.2965502771762114,0.7668098769939099,-0.6787798970928122,0.9208031120433723
scl_delta_us,scl_delta_us,exclude_eda_review,MixedLM_random_intercept_time,condition_scary:time_linear,-1.5092377951290081,0.5095987437560155,-2.9616199286621425,0.0030602528700695484,-2.5080329794576546,-0.5104426108003619
scl_delta_us,scl_delta_us,exclude_eda_review,MixedLM_random_intercept_time,time_quadratic,-0.49720502000759015,0.7076951396822421,-0.7025694993904257,0.48232407588363213,-1.8842620058188275,0.8898519658036472
scl_delta_us,scl_delta_us,exclude_eda_review,MixedLM_random_intercept_time,condition_scary:time_quadratic,0.5630998449412892,1.000832064564149,0.5626316990418495,0.5736857021038935,-1.398494956177309,2.5246946460598876
scl_delta_us,scl_delta_us,exclude_eda_review,MixedLM_random_intercept_time,arousal_z,-0.8351405496362644,0.3318678049666692,-2.51648559196678,0.011853174647123392,-1.485589494999299,-0.18469160427322995
