consensus,dev_3d,f_a,f_d,f_v,face,lexicon,mid_a,mid_d,mid_v,o_a,o_d,o_v,output_label,v_a,v_d,v_v,voice
57.0,0.8605935451768157,0.47,0.39,0.985,Happy,NRC,0.575,-0.011999999999999983,0.0655,0.64,-0.574,-0.583,Nervous,0.68,-0.414,-0.854,Fear
84.0,0.7710202656221171,0.47,0.39,0.985,Happy,NRC,0.565,0.299,0.11449999999999999,0.862,0.418,0.816,Excited,0.66,0.208,-0.756,Angry
78.0,0.46092949569321334,-0.334,-0.702,-0.55,Sad,NRC,-0.334,-0.702,-0.55,-0.11,-0.728,-0.952,Depressed,-0.334,-0.702,-0.55,Sad
63.0,0.6982900543470456,-0.334,-0.702,-0.55,Sad,NRC,-0.483,-0.494,-0.30600000000000005,-0.056,-0.518,-0.858,Disappointed,-0.632,-0.286,-0.062,Neutral
45.0,0.6607919491034981,0.55,-0.366,-0.896,Disgusted,NRC,0.605,-0.079,-0.8260000000000001,0.096,-0.346,-0.5,Fed up,0.66,0.208,-0.756,Angry
75.0,1.0015478021542457,0.55,-0.366,-0.896,Disgusted,NRC,0.65,-0.121,-0.07300000000000001,0.15,-0.638,-0.77,Grossed out,0.75,0.124,0.75,Surprised
55.0,0.5463856238957977,0.68,-0.414,-0.854,Fear,NRC,0.575,-0.011999999999999983,0.0655,0.75,-0.132,-0.438,Anxious,0.47,0.39,0.985,Happy
77.0,0.20475839421132414,0.68,-0.414,-0.854,Fear,NRC,0.615,-0.39,-0.875,0.77,-0.264,-0.92,Horrified,0.55,-0.366,-0.896,Disgusted
60.0,0.7726177903724455,0.66,0.208,-0.756,Angry,NRC,0.565,0.299,0.11449999999999999,0.562,-0.404,-0.206,Sarcastic,0.47,0.39,0.985,Happy
68.0,0.2059563060457241,0.66,0.208,-0.756,Angry,NRC,0.67,-0.103,-0.8049999999999999,0.754,-0.052,-0.624,Hostile,0.68,-0.414,-0.854,Fear
78.0,0.33924217013808877,0.75,0.124,0.75,Surprised,NRC,0.61,0.257,0.8674999999999999,0.558,0.066,0.592,Amazed,0.47,0.39,0.985,Happy
50.0,0.6213453146198176,0.75,0.124,0.75,Surprised,NRC,0.7050000000000001,0.16599999999999998,-0.0030000000000000027,0.35,-0.052,0.458,Astound,0.66,0.208,-0.756,Angry
67.0,0.2966041132553627,-0.632,-0.286,-0.062,Neutral,NRC,-0.04099999999999998,-0.32599999999999996,-0.479,-0.208,-0.568,-0.44,Detached,0.55,-0.366,-0.896,Disgusted
73.0,0.8017780241438399,-0.632,-0.286,-0.062,Neutral,NRC,-0.632,-0.286,-0.062,-0.188,0.37,0.062,Impartial,-0.632,-0.286,-0.062,Neutral
57.0,2.5439830974281255,6.05,7.21,8.47,Happy,ANEW,6.095,5.265,5.7,5.51,4.02,3.56,Nervous,6.14,3.32,2.93,Fear
84.0,3.113522924277256,6.05,7.21,8.47,Happy,ANEW,6.125,5.66,5.5,6.43,7.33,8.11,Excited,6.2,4.11,2.53,Angry
78.0,0.7819207120929843,3.49,3.84,2.1,Sad,ANEW,3.49,3.84,2.1,4.25,3.91,2.27,Depressed,3.49,3.84,2.1,Sad
63.0,1.696326914247368,3.49,3.84,2.1,Sad,ANEW,3.47,4.824999999999999,3.8,4.47,4.08,2.65,Disappointed,3.45,5.81,5.5,Neutral
75.0,2.348797564712634,5.0,4.84,3.32,Disgusted,ANEW,5.785,5.005,5.38,5.0,4.62,3.2,Grossed out,6.57,5.17,7.44,Surprised
55.0,2.205504477438212,6.14,3.32,2.93,Fear,ANEW,6.095,5.265,5.7,6.2,4.15,3.8,Anxious,6.05,7.21,8.47,Happy
60.0,1.5993514310494736,6.2,4.11,2.53,Angry,ANEW,6.125,5.66,5.5,5.19,5.35,4.24,Sarcastic,6.05,7.21,8.47,Happy
68.0,1.081122102262275,6.2,4.11,2.53,Angry,ANEW,6.17,3.715,2.73,5.39,4.36,2.35,Hostile,6.14,3.32,2.93,Fear
78.0,0.547745378802962,6.57,5.17,7.44,Surprised,ANEW,6.3100000000000005,6.1899999999999995,7.955,5.95,6.11,7.55,Amazed,6.05,7.21,8.47,Happy
50.0,2.0875464066698006,6.57,5.17,7.44,Surprised,ANEW,6.385,4.640000000000001,4.985,5.05,5.56,6.3,Astound,6.2,4.11,2.53,Angry
67.0,1.0530194680061709,3.45,5.81,5.5,Neutral,ANEW,4.225,5.324999999999999,4.41,3.6,4.95,3.65,Detached,5.0,4.84,3.32,Disgusted
73.0,0.9633794683301069,3.45,5.81,5.5,Neutral,ANEW,3.45,5.81,5.5,3.89,5.0,5.22,Impartial,3.45,5.81,5.5,Neutral
