id,year,theme,title,source_or_doi,relevance,direct_use
B01,1998,theory,Affective Style and Affective Disorders: Perspectives from Affective Neuroscience,https://doi.org/10.1080/026999398379628,10,"affective chronometry；反应幅度、达峰与恢复时间"
B02,2003,theory,Affective neuroscience and psychophysiology: Toward a synthesis,https://doi.org/10.1111/1469-8986.00067,9,"把恢复函数和持续时间定义为可测情感时程参数"
B03,2017,theory,Emotion dynamics,https://doi.org/10.1016/j.copsyc.2017.06.004,10,"情绪的体验、生理和行为成分随时间变化的总体框架"
B04,1998,recovery,Positive Emotions Speed Recovery from the Cardiovascular Sequelae of Negative Emotions,https://doi.org/10.1080/026999398379718,10,"正性与负性情绪后的心血管恢复比较先例"
B05,2010,physiology,Autonomic nervous system activity in emotion: A review,https://doi.org/10.1016/j.biopsycho.2010.03.010,10,"HR、EDA等自主神经指标的情绪特异性与个体变异"
B06,2007,physiology,Cardiovascular electrodermal and respiratory response patterns to fear- and sadness-inducing films,https://doi.org/10.1111/j.1469-8986.2007.00550.x,9,"影片诱发恐惧时多系统生理反应的直接依据"
B07,2018,physiology,Emotion Fingerprints or Emotion Populations? A Meta-Analytic Investigation of Autonomic Features of Emotion Categories,https://doi.org/10.1037/bul0000128,10,"限制情绪类别与自主神经一一对应的强主张"
B08,2019,dataset,A dataset of continuous affect annotations and physiological signals for emotion analysis,https://doi.org/10.1038/s41597-019-0209-0,10,"CASE样本、刺激、蓝屏、同步信号与官方预处理"
B09,2017,measurement,Continuous real-time emotion annotation: A novel joystick-based analysis framework,https://doi.org/10.1109/TAFFC.2017.2772882,8,"解释JERI连续V/A报告的测量对象和局限"
B10,2019,method,A functional data analysis approach for continuous 2-D emotion annotations,https://doi.org/10.3233/WEB-190399,8,"CASE连续二维标注的函数型轨迹分析先例"
B11,2025,generalizability,Big team science reveals promises and limitations of machine learning efforts to model physiological markers of affective experience,https://pmc.ncbi.nlm.nih.gov/articles/PMC12187420/,10,"CASE再分析；跨人、跨情绪、跨时间泛化依赖验证设计"
B12,2024,generalizability,Investigating the Generalizability of Physiological Characteristics of Anxiety,https://arxiv.org/abs/2402.15513,9,"提醒ECG/EDA可能识别一般唤醒而非特定压力或情绪"
B13,2010,eda,A continuous measure of phasic electrodermal activity,https://doi.org/10.1016/j.jneumeth.2010.04.028,9,"tonic/phasic分解及积分型EDA反应指标"
B14,2021,software,NeuroKit2: A Python toolbox for neurophysiological signal processing,https://doi.org/10.3758/s13428-020-01516-y,8,"第二周ECG和EDA成熟工具交叉验证"
B15,2017,hrv,An Overview of Heart Rate Variability Metrics and Norms,https://doi.org/10.3389/fpubh.2017.00258,9,"说明时窗、呼吸和artifact对短时HRV解释的约束"
B16,2018,hrv,Are ultra-short heart rate variability features good surrogates of short-term ones?,https://doi.org/10.1049/htl.2017.0090,9,"限制用10-30秒bin报告HRV；支持本研究以HR为主"
B17,2019,recovery,Emotional Induction Through Music: Measuring Cardiac and Electrodermal Responses of Emotional States and Their Persistence,https://pmc.ncbi.nlm.nih.gov/articles/PMC6414444/,9,"直接分析正负诱发后的HR/SCL持续与恢复阶段"
B18,2019,software,HeartPy: A novel heart rate algorithm for the analysis of noisy signals,https://doi.org/10.1016/j.trf.2019.09.015,9,"第二周用于独立R峰检测交叉验证；峰级匹配门槛预设为98%"
