lexicon,dimension,n,pearson_r,pearson_p,spearman_rho,spearman_p
NRC-VAD,valence,9,0.8751,0.002,0.8954,0.0011
Warriner-noun,valence,8,0.8886,0.0032,0.9286,0.0009
Warriner-adj,valence,9,0.9019,0.0009,0.9333,0.0002
NRC-VAD,arousal,9,0.832,0.0054,0.4333,0.244
Warriner-noun,arousal,8,0.6287,0.095,0.4286,0.2894
Warriner-adj,arousal,9,0.8067,0.0086,0.45,0.2242
NRC-VAD,dominance,9,-0.1206,0.7573,-0.4167,0.2646
Warriner-noun,dominance,8,-0.3934,0.3349,-0.5476,0.16
Warriner-adj,dominance,9,-0.5269,0.145,-0.5833,0.0992
