participant_id,sequence_id,recruitment_status,session_1_type,session_1_date,session_1_status,session_2_type,session_2_date,session_2_status,withdrawn,notes_no_identity
P001,1,not_contacted,semantic,,not_scheduled,induced,,not_scheduled,no,
P002,2,not_contacted,induced,,not_scheduled,semantic,,not_scheduled,no,
P003,3,not_contacted,semantic,,not_scheduled,induced,,not_scheduled,no,
P004,4,not_contacted,induced,,not_scheduled,semantic,,not_scheduled,no,
P005,5,not_contacted,semantic,,not_scheduled,induced,,not_scheduled,no,
P006,6,not_contacted,induced,,not_scheduled,semantic,,not_scheduled,no,
P007,7,not_contacted,semantic,,not_scheduled,induced,,not_scheduled,no,
P008,8,not_contacted,induced,,not_scheduled,semantic,,not_scheduled,no,
P009,1,not_contacted,semantic,,not_scheduled,induced,,not_scheduled,no,
P010,2,not_contacted,induced,,not_scheduled,semantic,,not_scheduled,no,
P011,3,not_contacted,semantic,,not_scheduled,induced,,not_scheduled,no,
P012,4,not_contacted,induced,,not_scheduled,semantic,,not_scheduled,no,
P013,5,not_contacted,semantic,,not_scheduled,induced,,not_scheduled,no,
P014,6,not_contacted,induced,,not_scheduled,semantic,,not_scheduled,no,
P015,7,not_contacted,semantic,,not_scheduled,induced,,not_scheduled,no,
P016,8,not_contacted,induced,,not_scheduled,semantic,,not_scheduled,no,
P017,1,not_contacted,semantic,,not_scheduled,induced,,not_scheduled,no,
P018,2,not_contacted,induced,,not_scheduled,semantic,,not_scheduled,no,
P019,3,not_contacted,semantic,,not_scheduled,induced,,not_scheduled,no,
P020,4,not_contacted,induced,,not_scheduled,semantic,,not_scheduled,no,
P021,5,not_contacted,semantic,,not_scheduled,induced,,not_scheduled,no,
P022,6,not_contacted,induced,,not_scheduled,semantic,,not_scheduled,no,
P023,7,not_contacted,semantic,,not_scheduled,induced,,not_scheduled,no,
P024,8,not_contacted,induced,,not_scheduled,semantic,,not_scheduled,no,
P025,1,not_contacted,semantic,,not_scheduled,induced,,not_scheduled,no,
P026,2,not_contacted,induced,,not_scheduled,semantic,,not_scheduled,no,
P027,3,not_contacted,semantic,,not_scheduled,induced,,not_scheduled,no,
P028,4,not_contacted,induced,,not_scheduled,semantic,,not_scheduled,no,
P029,5,not_contacted,semantic,,not_scheduled,induced,,not_scheduled,no,
P030,6,not_contacted,induced,,not_scheduled,semantic,,not_scheduled,no,
P031,7,not_contacted,semantic,,not_scheduled,induced,,not_scheduled,no,
P032,8,not_contacted,induced,,not_scheduled,semantic,,not_scheduled,no,
P033,1,not_contacted,semantic,,not_scheduled,induced,,not_scheduled,no,
P034,2,not_contacted,induced,,not_scheduled,semantic,,not_scheduled,no,
P035,3,not_contacted,semantic,,not_scheduled,induced,,not_scheduled,no,
P036,4,not_contacted,induced,,not_scheduled,semantic,,not_scheduled,no,
P037,5,not_contacted,semantic,,not_scheduled,induced,,not_scheduled,no,
P038,6,not_contacted,induced,,not_scheduled,semantic,,not_scheduled,no,
P039,7,not_contacted,semantic,,not_scheduled,induced,,not_scheduled,no,
P040,8,not_contacted,induced,,not_scheduled,semantic,,not_scheduled,no,
P041,1,not_contacted,semantic,,not_scheduled,induced,,not_scheduled,no,
P042,2,not_contacted,induced,,not_scheduled,semantic,,not_scheduled,no,
P043,3,not_contacted,semantic,,not_scheduled,induced,,not_scheduled,no,
P044,4,not_contacted,induced,,not_scheduled,semantic,,not_scheduled,no,
P045,5,not_contacted,semantic,,not_scheduled,induced,,not_scheduled,no,
P046,6,not_contacted,induced,,not_scheduled,semantic,,not_scheduled,no,
P047,7,not_contacted,semantic,,not_scheduled,induced,,not_scheduled,no,
P048,8,not_contacted,induced,,not_scheduled,semantic,,not_scheduled,no,
