subject,segment_index,video_label,category,window,n_samples,valence_case,arousal_case
1,2,boring-1,boring,last_60s,1200,5.196576358436606,2.41140552907531
1,2,boring-1,boring,whole_video,2372,5.3150612001794055,3.3194066138633596
1,4,amusing-1,amusing,last_60s,1199,8.44759711580432,6.212791593884639
1,4,amusing-1,amusing,whole_video,3710,6.85516414297791,6.363111432014574
1,6,relaxed-1,relaxed,last_60s,1200,4.434047569113441,6.237014108674928
1,6,relaxed-1,relaxed,whole_video,2903,5.26834221329173,5.726555133294606
1,8,scary-1,scary,last_60s,1199,0.5,9.092300002146688
1,8,scary-1,scary,whole_video,3939,1.7741349720511392,8.310168317557721
1,10,boring-2,boring,last_60s,1199,6.553555258552766,4.339967179513274
1,10,boring-2,boring,whole_video,3202,6.861718510058954,4.66992586854379
1,12,amusing-2,amusing,last_60s,1199,9.402860900130472,7.311353582704367
1,12,amusing-2,amusing,whole_video,3458,8.961392237284567,6.454918529365872
1,14,relaxed-2,relaxed,last_60s,1199,5.038892133657616,4.9662032469065815
1,14,relaxed-2,relaxed,whole_video,2932,5.011679257969326,5.254028542742585
1,16,scary-2,scary,last_60s,1197,0.7973052746260314,8.927617136262965
1,16,scary-2,scary,whole_video,2872,2.4932080426775998,7.233498729390772
2,2,amusing-2,amusing,last_60s,1200,4.1591047187797905,5.567311153479505
2,2,amusing-2,amusing,whole_video,3461,4.977317184622109,5.151454350795422
2,4,relaxed-2,relaxed,last_60s,1199,5.09780085247398,4.939990029823073
2,4,relaxed-2,relaxed,whole_video,2934,5.078820319673426,5.061740132290759
2,6,boring-2,boring,last_60s,1200,5.098190085795996,3.745447473784557
2,6,boring-2,boring,whole_video,3199,5.025514157635653,3.958095514238095
2,8,scary-2,scary,last_60s,1200,1.9270162059103908,8.353617349857007
2,8,scary-2,scary,whole_video,2874,3.3882578497067493,7.2229985014060505
2,10,amusing-1,amusing,last_60s,1200,6.752574833174452,5.750569113441372
2,10,amusing-1,amusing,whole_video,3709,6.182728688442638,5.2126335214808694
2,12,boring-1,boring,last_60s,1200,5.169704480457579,4.129230123927551
2,12,boring-1,boring,whole_video,2374,5.251549668597606,4.36645966833258
2,14,relaxed-1,relaxed,last_60s,1200,6.625763203050524,2.9421298379408967
2,14,relaxed-1,relaxed,whole_video,2903,6.471620272509915,3.1053948267578955
2,16,scary-1,scary,last_60s,1158,2.3616270121556675,8.101196599771802
2,16,scary-1,scary,whole_video,3895,2.522416923752801,8.042988515255681
3,2,relaxed-1,relaxed,last_60s,1199,6.415167390047791,2.895522245659117
3,2,relaxed-1,relaxed,whole_video,2902,6.184472501460156,3.779294684511323
3,4,scary-1,scary,last_60s,1198,2.21035134821143,8.70894014651047
3,4,scary-1,scary,whole_video,3936,2.680743100281336,8.439893554256088
3,6,amusing-1,amusing,last_60s,1200,8.226270495710201,6.607119733079123
3,6,amusing-1,amusing,whole_video,3709,7.94839969558498,6.305269705693594
3,8,boring-1,boring,last_60s,1200,4.947928122020972,1.3638438512869402
3,8,boring-1,boring,whole_video,2373,5.002778517617767,2.109302074457764
3,10,amusing-2,amusing,last_60s,1199,6.365735014323184,6.733929784194169
3,10,amusing-2,amusing,whole_video,3460,6.318765893198587,5.9073033717771395
3,12,boring-2,boring,last_60s,1200,5.666354051477597,4.553783603431839
3,12,boring-2,boring,whole_video,3203,5.2565539754049695,4.606700492597056
3,14,scary-2,scary,last_60s,1200,2.075546806482364,8.57539199237369
3,14,scary-2,scary,whole_video,2875,2.8564396468686533,7.67770581340407
3,16,relaxed-2,relaxed,last_60s,1200,6.020799618684461,4.824714775977121
3,16,relaxed-2,relaxed,whole_video,2931,5.863859600165094,4.849334210189945
4,2,boring-2,boring,last_60s,1196,6.313775294834067,5.468566368352085
4,2,boring-2,boring,whole_video,3047,5.8593238563427805,4.601438036381407
4,4,amusing-2,amusing,last_60s,1200,6.164324880838894,5.94273913250715
4,4,amusing-2,amusing,whole_video,3459,6.507146640297578,6.335082335880122
4,6,scary-2,scary,last_60s,1199,1.3282735453996855,7.798351979048317
4,6,scary-2,scary,whole_video,2874,2.6458402574476936,6.903814468894723
4,8,relaxed-2,relaxed,last_60s,1200,5.703291944709247,5.561111248808389
4,8,relaxed-2,relaxed,whole_video,2934,5.189866188657617,5.179274038377187
4,10,boring-1,boring,last_60s,1200,5.938700714966635,6.382330791229743
4,10,boring-1,boring,whole_video,2371,5.563195604337284,5.984154473803454
4,12,relaxed-1,relaxed,last_60s,1199,4.813412956936627,3.1146462217084303
4,12,relaxed-1,relaxed,whole_video,2902,4.5083823194154915,3.884999313448074
4,14,scary-1,scary,last_60s,1200,0.8730472831267874,8.035942945662537
4,14,scary-1,scary,whole_video,3940,1.557827962816896,7.343340817699235
4,16,amusing-1,amusing,last_60s,1200,7.514415824594852,5.950338798856054
4,16,amusing-1,amusing,whole_video,3710,6.424532670056709,5.791667546296177
5,2,amusing-1,amusing,last_60s,1200,5.859504003813155,4.878490133460438
5,2,amusing-1,amusing,whole_video,3707,5.566409104667103,4.553783934395623
5,4,scary-1,scary,last_60s,1200,0.5778773117254528,9.286548999046712
5,4,scary-1,scary,whole_video,3938,1.863822872251064,7.549941146880557
5,6,relaxed-1,relaxed,last_60s,1200,5.4376483794089605,0.6351836034318399
5,6,relaxed-1,relaxed,whole_video,2902,5.549564331886428,1.9665083020224046
5,8,boring-1,boring,last_60s,1200,5.001339275500477,0.805510390848427
5,8,boring-1,boring,whole_video,2373,5.329721931307765,1.8130884509839604
5,10,scary-2,scary,last_60s,1198,1.1579193635404414,8.838174555304281
5,10,scary-2,scary,whole_video,2873,2.455583767478483,7.742310117835527
5,12,amusing-2,amusing,last_60s,1200,8.550709628217351,6.1255342230695895
5,12,amusing-2,amusing,whole_video,3461,7.3475545097503465,5.3146278744302915
5,14,boring-2,boring,last_60s,1200,5.468423546234509,3.519486415633937
5,14,boring-2,boring,whole_video,3203,5.54767390676103,3.8206015213930455
5,16,relaxed-2,relaxed,last_60s,1200,7.498405004766444,5.213471877979028
5,16,relaxed-2,relaxed,whole_video,2935,6.851287648007432,5.414006167957478
6,2,relaxed-2,relaxed,last_60s,1191,5.519955144998355,4.849747798671158
6,2,relaxed-2,relaxed,whole_video,2917,5.159999856206002,4.891763453644248
6,4,scary-2,scary,last_60s,1200,4.1640471401334604,7.245763965681602
6,4,scary-2,scary,whole_video,2872,4.719291393049754,6.446559928410399
6,6,boring-2,boring,last_60s,1200,3.345349857006673,3.237602526215443
6,6,boring-2,boring,whole_video,3200,3.9413666348903718,3.68232889656816
6,8,amusing-2,amusing,last_60s,1200,6.785706816015253,5.093730409914204
6,8,amusing-2,amusing,whole_video,3461,6.084391832840346,5.029973268800187
6,10,scary-1,scary,last_60s,1200,2.8543347950428974,6.976956530028598
6,10,scary-1,scary,whole_video,3940,3.9188152313298135,6.316205349063406
6,12,boring-1,boring,last_60s,1200,3.2256861773117254,3.3213788846520496
6,12,boring-1,boring,whole_video,2373,3.4655091418110557,3.654857542973321
6,14,relaxed-1,relaxed,last_60s,1200,7.620802573879885,3.298790657769304
6,14,relaxed-1,relaxed,whole_video,2902,7.5888726028990225,3.9551391663748547
6,16,amusing-1,amusing,last_60s,1199,6.449149617054569,5.784401809261134
6,16,amusing-1,amusing,whole_video,3711,6.684766290103444,5.446088733697952
7,2,relaxed-1,relaxed,last_60s,1200,6.443475309818876,5.108093660629171
7,2,relaxed-1,relaxed,whole_video,2903,6.58806727992836,5.271735100633872
7,4,boring-1,boring,last_60s,1199,5.2851863206628344,5.003446580443984
7,4,boring-1,boring,whole_video,2373,5.218585854446894,4.998986862450423
7,6,scary-1,scary,last_60s,1199,3.732763798239874,8.318615465223244
7,6,scary-1,scary,whole_video,3939,3.9183740798366706,7.353734634297924
7,8,amusing-1,amusing,last_60s,1200,6.572082793136321,5.22981658722593
7,8,amusing-1,amusing,whole_video,3711,6.145626469525197,5.120612108540836
7,10,boring-2,boring,last_60s,1198,5.060895677734259,3.3896007008821503
7,10,boring-2,boring,whole_video,3198,5.077075495826454,3.8396343699082665
7,12,amusing-2,amusing,last_60s,1201,5.961185046779416,5.515365190590301
7,12,amusing-2,amusing,whole_video,3462,5.376002415438983,5.172533071853527
7,14,scary-2,scary,last_60s,1200,4.6164156816015245,7.246107721639657
7,14,scary-2,scary,whole_video,2874,4.827881111546737,5.969972396416908
7,16,relaxed-2,relaxed,last_60s,1200,5.369850524308866,4.992322974261201
7,16,relaxed-2,relaxed,whole_video,2932,5.365408893287571,4.965462137005685
8,2,boring-1,boring,last_60s,1200,5.084701382268827,2.755393994280267
8,2,boring-1,boring,whole_video,2373,5.725135973216319,3.953785978820356
8,4,relaxed-1,relaxed,last_60s,1200,5.672994375595805,0.7972728312678742
8,4,relaxed-1,relaxed,whole_video,2899,6.279000187764034,2.640497229411805
8,6,amusing-1,amusing,last_60s,1200,7.089101334604385,7.661570257387988
8,6,amusing-1,amusing,whole_video,3710,7.66919960737861,7.0889801556610195
8,8,scary-1,scary,last_60s,1200,0.5,9.5
8,8,scary-1,scary,whole_video,3939,1.495539493965529,8.557558404370171
8,10,boring-2,boring,last_60s,1200,7.138841563393708,2.4438189704480457
8,10,boring-2,boring,whole_video,3202,6.726600105153537,2.505820254142877
8,12,amusing-2,amusing,last_60s,1200,9.338947187797903,5.607394899904671
8,12,amusing-2,amusing,whole_video,3459,8.25487244697589,5.3419839321635365
8,14,relaxed-2,relaxed,last_60s,1200,7.314464251668255,4.445303717826502
8,14,relaxed-2,relaxed,whole_video,2935,6.082291673907007,4.4288226996425575
8,16,scary-2,scary,last_60s,1199,1.3819105689440916,8.394471433534934
8,16,scary-2,scary,whole_video,2873,2.9921065958098425,7.156235846248743
9,2,amusing-2,amusing,last_60s,1200,7.267868446139179,3.4428464251668256
9,2,amusing-2,amusing,whole_video,3461,6.389663952598324,3.815914211165185
9,4,boring-2,boring,last_60s,1196,5.12532356026284,3.1185037031605187
9,4,boring-2,boring,whole_video,3194,5.2599491360409445,3.4638741551276135
9,6,relaxed-2,relaxed,last_60s,1200,6.03676782650143,3.9934631077216394
9,6,relaxed-2,relaxed,whole_video,2934,5.863646593015843,4.294228450116091
9,8,scary-2,scary,last_60s,1200,3.101497616777883,6.800863679694947
9,8,scary-2,scary,whole_video,2874,4.138864033944247,6.1650776263704765
9,10,boring-1,boring,last_60s,1200,5.209417731172545,3.6587557673975213
9,10,boring-1,boring,whole_video,2373,5.204771722873749,4.075234929660299
9,12,relaxed-1,relaxed,last_60s,1200,6.2257172068636795,4.9405463775023835
9,12,relaxed-1,relaxed,whole_video,2901,6.049670923112867,4.530634977124024
9,14,amusing-1,amusing,last_60s,1200,6.6258977597712105,3.931397426120114
9,14,amusing-1,amusing,whole_video,3711,6.053499880164579,4.413983429574149
9,16,scary-1,scary,last_60s,1200,2.031762821734986,6.159349285033365
9,16,scary-1,scary,whole_video,3934,2.971249990912981,6.201485385892973
10,2,scary-2,scary,last_60s,1199,2.320094867744092,8.64456068013462
10,2,scary-2,scary,whole_video,2876,3.700945996650893,7.271497744059844
10,4,relaxed-2,relaxed,last_60s,1199,6.8227620570367264,5.572579151199244
10,4,relaxed-2,relaxed,whole_video,2933,6.67845050422252,4.978622843764961
10,6,boring-2,boring,last_60s,1200,4.9836715919923735,3.416521639656816
10,6,boring-2,boring,whole_video,3203,4.961393516028675,3.7142287899184128
10,8,amusing-2,amusing,last_60s,1199,6.7336059204087295,5.3040226563127355
10,8,amusing-2,amusing,whole_video,3461,5.800004952364478,5.159274652129447
10,10,boring-1,boring,last_60s,1200,6.822746806482365,3.224226358436606
10,10,boring-1,boring,whole_video,2373,6.088132289014039,3.688955684722914
10,12,amusing-1,amusing,last_60s,1200,6.000645567206864,5.266260867492851
10,12,amusing-1,amusing,whole_video,3708,5.785974760983646,5.593400603441095
10,14,relaxed-1,relaxed,last_60s,1197,6.668188392812346,3.137260548893683
10,14,relaxed-1,relaxed,whole_video,2897,6.584792367634511,3.771852733490778
10,16,scary-1,scary,last_60s,1200,2.7233632030505244,8.198396949475692
10,16,scary-1,scary,whole_video,3939,3.8573620834988094,6.728020012531428
11,2,boring-1,boring,last_60s,1199,3.1519379273003953,1.8490017181461196
11,2,boring-1,boring,whole_video,2369,3.8541092543864766,2.1075313681928276
11,4,scary-1,scary,last_60s,1200,4.941447664442326,6.685645376549094
11,4,scary-1,scary,whole_video,3939,5.043602531551829,6.466516037832426
11,6,amusing-1,amusing,last_60s,1200,5.612638465204958,4.979427121067683
11,6,amusing-1,amusing,whole_video,3712,5.667896636985964,5.046090015942934
11,8,relaxed-1,relaxed,last_60s,1200,5.0029469494756915,4.215097902764537
11,8,relaxed-1,relaxed,whole_video,2902,5.442099199854937,4.286022985364291
11,10,scary-2,scary,last_60s,1197,4.759150354437094,5.9519763182981285
11,10,scary-2,scary,whole_video,2868,4.92158042527053,5.889191379716087
11,12,boring-2,boring,last_60s,1200,5.218171210676835,3.6926776453765493
11,12,boring-2,boring,whole_video,3202,5.275414686602572,3.9370796195657025
11,14,amusing-2,amusing,last_60s,1199,6.268620959156462,4.906464475082906
11,14,amusing-2,amusing,whole_video,3459,5.756633178916525,4.8365787926716655
11,16,relaxed-2,relaxed,last_60s,1199,5.023631609118181,4.534019261364133
11,16,relaxed-2,relaxed,whole_video,2931,5.068030048601144,4.346176901918579
12,2,boring-2,boring,last_60s,1199,5.050126471773825,3.648269411036047
12,2,boring-2,boring,whole_video,3202,5.180464295134892,3.8839212027277994
12,4,amusing-2,amusing,last_60s,1200,7.879066110581507,6.743343183984748
12,4,amusing-2,amusing,whole_video,3461,6.071705081461988,5.61935874316812
12,6,relaxed-2,relaxed,last_60s,1200,6.862148045757865,5.537257387988561
12,6,relaxed-2,relaxed,whole_video,2935,6.431634612667536,5.20521876111426
12,8,scary-2,scary,last_60s,1200,2.528436415633937,7.56530943755958
12,8,scary-2,scary,whole_video,2875,3.403672592531189,6.6679961603183155
12,10,relaxed-1,relaxed,last_60s,1200,6.765269494756912,5.258930028598666
12,10,relaxed-1,relaxed,whole_video,2902,6.6725839580736865,5.258113854617867
12,12,boring-1,boring,last_60s,1200,5.035883174451859,2.719891039084843
12,12,boring-1,boring,whole_video,2371,5.02830906018425,3.3526435612394607
12,14,scary-1,scary,last_60s,1200,4.662669590085796,7.343084080076263
12,14,scary-1,scary,whole_video,3933,4.13314657306839,6.635289924151365
12,16,amusing-1,amusing,last_60s,1200,7.094562249761678,7.144605910390849
12,16,amusing-1,amusing,whole_video,3708,6.835637083861652,6.207028793025258
13,2,relaxed-1,relaxed,last_60s,1200,5.993346186844613,2.7489914680648235
13,2,relaxed-1,relaxed,whole_video,2900,5.713957535912693,3.618839900069031
13,4,boring-1,boring,last_60s,1200,3.5719645376549094,4.861626930409915
13,4,boring-1,boring,whole_video,2373,4.107923240362562,4.821107285368402
13,6,scary-1,scary,last_60s,1200,2.049887511916111,7.707896663489037
13,6,scary-1,scary,whole_video,3940,2.9730017372116544,7.045409996467508
13,8,amusing-1,amusing,last_60s,1197,8.80130593404388,5.315138370234451
13,8,amusing-1,amusing,whole_video,3708,8.219004461021592,5.097194554221775
13,10,relaxed-2,relaxed,last_60s,1199,5.230530049270484,4.95654185923923
13,10,relaxed-2,relaxed,whole_video,2934,5.0942077467877676,4.993467573558224
13,12,amusing-2,amusing,last_60s,1200,7.929512297426119,5.1340503813155385
13,12,amusing-2,amusing,whole_video,3458,7.304198159474362,5.070482973952443
13,14,boring-2,boring,last_60s,1200,5.030435557673975,4.656532316491897
13,14,boring-2,boring,whole_video,3202,5.224428660828641,5.013220836119466
13,16,scary-2,scary,last_60s,1196,3.740632996547118,6.79005971605383
13,16,scary-2,scary,whole_video,2870,4.388589869894342,6.323627386958877
14,2,amusing-2,amusing,last_60s,1199,7.249877853406597,5.0359481646208195
14,2,amusing-2,amusing,whole_video,3459,6.484537969089629,4.994742905521883
14,4,boring-2,boring,last_60s,1198,5.233511206316216,4.22331391212873
14,4,boring-2,boring,whole_video,3199,5.375663683032502,4.738802122088319
14,6,scary-2,scary,last_60s,1200,4.7897168732125825,8.553701763584366
14,6,scary-2,scary,whole_video,2875,4.9271752244373515,7.250386246114311
14,8,relaxed-2,relaxed,last_60s,1200,5.1140855100095335,4.344978026692086
14,8,relaxed-2,relaxed,whole_video,2935,5.05087933506885,4.571589283539284
14,10,scary-1,scary,last_60s,1198,4.985421985482636,7.020592821528093
14,10,scary-1,scary,whole_video,3936,5.0191526918784435,6.696195563719221
14,12,amusing-1,amusing,last_60s,1200,6.7140837464251675,5.6439132507149665
14,12,amusing-1,amusing,whole_video,3709,6.129806322240415,5.306056825679221
14,14,boring-1,boring,last_60s,1198,4.948909701743133,3.71487222905669
14,14,boring-1,boring,whole_video,2372,4.980095762928477,4.017428370712009
14,16,relaxed-1,relaxed,last_60s,1200,5.108526215443279,3.457129313632031
14,16,relaxed-1,relaxed,whole_video,2903,5.3703237734082,4.055143086915446
15,2,boring-1,boring,last_60s,1200,6.5451169685414685,4.515884509056244
15,2,boring-1,boring,whole_video,2373,6.452044846756709,4.9835333874052585
15,4,relaxed-1,relaxed,last_60s,1200,2.9034422783603433,4.092293517635844
15,4,relaxed-1,relaxed,whole_video,2903,3.23025592997875,4.506842072252267
15,6,amusing-1,amusing,last_60s,1197,6.438950808862002,5.330322039608077
15,6,amusing-1,amusing,whole_video,3709,6.2690765178149865,5.2098554337078715
15,8,scary-1,scary,last_60s,1200,5.199236463298379,7.211305433746426
15,8,scary-1,scary,whole_video,3940,4.803224705182116,7.31715091481856
15,10,amusing-2,amusing,last_60s,1200,7.393391420400382,5.464022211630123
15,10,amusing-2,amusing,whole_video,3460,6.6305884657559915,5.1930336516473155
15,12,boring-2,boring,last_60s,1198,5.35497384423674,4.987405176406181
15,12,boring-2,boring,whole_video,3200,4.960224386320305,4.821534836749285
15,14,scary-2,scary,last_60s,1200,3.4255204957102,8.094066301239275
15,14,scary-2,scary,whole_video,2872,4.701599434134114,6.674176407561519
15,16,relaxed-2,relaxed,last_60s,1200,5.757995042897998,4.429445757864633
15,16,relaxed-2,relaxed,whole_video,2935,6.166366429941389,4.91517322086582
16,2,amusing-2,amusing,last_60s,1195,7.4360686846608255,4.76136565208547
16,2,amusing-2,amusing,whole_video,3456,5.817247577057516,4.474332697807436
16,4,relaxed-2,relaxed,last_60s,1200,6.125783603431839,4.9720019065776935
16,4,relaxed-2,relaxed,whole_video,2935,5.865724923387733,4.978590171868073
16,6,boring-2,boring,last_60s,1200,4.940972354623452,2.7667302192564347
16,6,boring-2,boring,whole_video,3203,4.9642136140837945,3.347320591664095
16,8,scary-2,scary,last_60s,1199,1.6840052124784632,8.046766808374631
16,8,scary-2,scary,whole_video,2874,3.4355729982426846,6.32168905270155
16,10,boring-1,boring,last_60s,1200,5.0,5.0
16,10,boring-1,boring,whole_video,2373,5.0,5.0
16,12,amusing-1,amusing,last_60s,1199,9.207626135856778,5.753515250633869
16,12,amusing-1,amusing,whole_video,3709,8.512247559012538,5.850128307178504
16,14,scary-1,scary,last_60s,1199,0.9688839205852352,8.890784741971979
16,14,scary-1,scary,whole_video,3935,2.3993238989634955,7.697621826559572
16,16,relaxed-1,relaxed,last_60s,1200,7.1557233555767406,3.617847664442326
16,16,relaxed-1,relaxed,whole_video,2903,7.001635841033584,4.085838784177441
17,2,scary-1,scary,last_60s,1186,3.814195740904772,7.752373753530627
17,2,scary-1,scary,whole_video,3886,4.013175246675141,6.882434144323908
17,4,relaxed-1,relaxed,last_60s,1198,5.0647305725621505,5.295982293336049
17,4,relaxed-1,relaxed,whole_video,2892,4.978081436974159,5.293488582289396
17,6,boring-1,boring,last_60s,1197,3.6766911559164837,3.867506038690625
17,6,boring-1,boring,whole_video,2368,3.7868956277535886,4.307716092224254
17,8,amusing-1,amusing,last_60s,1200,5.585044899904671,5.161673403241182
17,8,amusing-1,amusing,whole_video,3709,5.513111086037338,4.703973371653369
17,10,scary-2,scary,last_60s,1199,3.8966813781106127,6.852608473378277
17,10,scary-2,scary,whole_video,2870,4.738405556312135,6.189807634946838
17,12,relaxed-2,relaxed,last_60s,1200,4.2010648236415635,4.516765490943756
17,12,relaxed-2,relaxed,whole_video,2933,4.445105077912593,4.614875433782178
17,14,boring-2,boring,last_60s,1200,4.957948522402288,3.224507626310772
17,14,boring-2,boring,whole_video,3202,4.887606333982157,3.390439781142505
17,16,amusing-2,amusing,last_60s,1197,7.5341243002644855,5.685968734992868
17,16,amusing-2,amusing,whole_video,3455,6.229978702064816,4.574554466454855
18,2,amusing-2,amusing,last_60s,1200,6.663242469018113,5.710529837940896
18,2,amusing-2,amusing,whole_video,3460,5.96345719843286,5.466096023187512
18,4,scary-2,scary,last_60s,1199,6.441520714354431,6.590222420813023
18,4,scary-2,scary,whole_video,2874,6.386414459739964,5.861206656702575
18,6,boring-2,boring,last_60s,1198,6.02330660729433,4.658592952028404
18,6,boring-2,boring,whole_video,3200,5.949872783603432,4.831086344137273
18,8,relaxed-2,relaxed,last_60s,1200,6.76343217349857,5.315815633937083
18,8,relaxed-2,relaxed,whole_video,2933,6.5849890906443465,5.129234102454013
18,10,amusing-1,amusing,last_60s,1200,7.044895805529075,5.670763965681602
18,10,amusing-1,amusing,whole_video,3711,6.775026452416861,5.883605635886817
18,12,boring-1,boring,last_60s,1200,5.486434699714013,4.149523307912297
18,12,boring-1,boring,whole_video,2373,5.445005573907605,4.389451684163715
18,14,scary-1,scary,last_60s,1200,5.317155767397522,6.122874547187798
18,14,scary-1,scary,whole_video,3940,5.13044841352412,5.938465350127993
18,16,relaxed-1,relaxed,last_60s,1199,7.395009043920458,4.199710689953735
18,16,relaxed-1,relaxed,whole_video,2899,6.615408094109569,4.56620745262082
19,2,boring-1,boring,last_60s,1199,4.70188102414548,5.1610073854045835
19,2,boring-1,boring,whole_video,2372,4.849306639102204,5.116931985332533
19,4,amusing-1,amusing,last_60s,1200,4.426505672068637,6.175346806482365
19,4,amusing-1,amusing,whole_video,3711,4.072728432899486,5.503885827284406
19,6,scary-1,scary,last_60s,1198,0.5745118890556392,9.489832959603788
19,6,scary-1,scary,whole_video,3935,1.927272583679259,7.81491805713192
19,8,relaxed-1,relaxed,last_60s,1199,8.463374849234864,5.10254117070867
19,8,relaxed-1,relaxed,whole_video,2901,8.794371731387454,5.082073378595659
19,10,boring-2,boring,last_60s,1200,5.0,5.019848045757865
19,10,boring-2,boring,whole_video,3203,5.0,5.007476760794144
19,12,amusing-2,amusing,last_60s,1196,6.5758169270941265,5.007335270730844
19,12,amusing-2,amusing,whole_video,3455,5.9718120682781075,5.00539692823018
19,14,relaxed-2,relaxed,last_60s,1196,5.1989906137713575,5.150145862758289
19,14,relaxed-2,relaxed,whole_video,2931,5.081198489959244,5.061267298484788
19,16,scary-2,scary,last_60s,1200,1.7105183031458535,8.233932936129646
19,16,scary-2,scary,whole_video,2875,3.6872161545156876,6.801679811000124
20,2,boring-2,boring,last_60s,1168,6.477454506575081,5.246447970670044
20,2,boring-2,boring,whole_video,3115,6.174900782982188,4.746327873217174
20,4,scary-2,scary,last_60s,1167,2.741034796268205,8.793381675778868
20,4,scary-2,scary,whole_video,2814,3.49219591813505,7.444285856567632
20,6,amusing-2,amusing,last_60s,1200,7.524942850333652,6.087491134413728
20,6,amusing-2,amusing,whole_video,3441,6.596177137191313,5.463642710332339
20,8,relaxed-2,relaxed,last_60s,1199,5.103149685430583,4.991458897667344
20,8,relaxed-2,relaxed,whole_video,2934,5.293389380479218,5.121307116915321
20,10,boring-1,boring,last_60s,1199,5.332749216657351,4.447811673375732
20,10,boring-1,boring,whole_video,2372,5.2318053731410465,4.51088180022088
20,12,amusing-1,amusing,last_60s,1200,5.883520448045759,6.41651763584366
20,12,amusing-1,amusing,whole_video,3711,5.5488932832824585,6.094249764760372
20,14,relaxed-1,relaxed,last_60s,1199,5.431381123926754,3.471472270743573
20,14,relaxed-1,relaxed,whole_video,2898,5.266625831167216,3.569427316166239
20,16,scary-1,scary,last_60s,1200,2.341023069590086,8.591930600571974
20,16,scary-1,scary,whole_video,3939,3.2129363547192877,7.756464002636972
21,2,amusing-1,amusing,last_60s,1200,5.229097616777884,5.596076835081029
21,2,amusing-1,amusing,whole_video,3711,5.109803708809946,5.3160712477448975
21,4,relaxed-1,relaxed,last_60s,1200,5.297950762631078,4.580311153479505
21,4,relaxed-1,relaxed,whole_video,2902,5.411141745707736,4.7836590392609155
21,6,boring-1,boring,last_60s,1199,4.314943514256796,2.4744344945859713
21,6,boring-1,boring,whole_video,2373,4.445476288898343,2.9910555474541405
21,8,scary-1,scary,last_60s,1192,4.703444123837979,6.716722029929431
21,8,scary-1,scary,whole_video,3928,4.7413381767913965,7.08351243255627
21,10,relaxed-2,relaxed,last_60s,1199,5.0,5.094598565216804
21,10,relaxed-2,relaxed,whole_video,2933,5.0,5.038671558027599
21,12,boring-2,boring,last_60s,1199,4.866158245948523,1.6663863356101487
21,12,boring-2,boring,whole_video,3201,4.924115652609752,2.787527158010977
21,14,amusing-2,amusing,last_60s,1200,4.951877025738799,5.5412606291706386
21,14,amusing-2,amusing,whole_video,3460,4.975253459116031,5.114020597651493
21,16,scary-2,scary,last_60s,1199,4.834475981334938,6.440642289292554
21,16,scary-2,scary,whole_video,2873,4.904618264722306,5.763240943175291
22,2,amusing-2,amusing,last_60s,1199,4.506836742725707,7.100971782173102
22,2,amusing-2,amusing,whole_video,3461,5.480235267610847,6.040738453182114
22,4,scary-2,scary,last_60s,1198,2.4200291715935838,8.127197887804746
22,4,scary-2,scary,whole_video,2872,3.7343295179651137,6.888578988876527
22,6,boring-2,boring,last_60s,1199,5.574985016907162,4.949777070342222
22,6,boring-2,boring,whole_video,3201,5.115060605762797,4.951315851308382
22,8,relaxed-2,relaxed,last_60s,1200,8.765895567206865,5.503117445185891
22,8,relaxed-2,relaxed,whole_video,2935,7.954950856092361,5.628868399043137
22,10,scary-1,scary,last_60s,1200,0.5370232602478551,6.73427397521449
22,10,scary-1,scary,whole_video,3940,1.6825312673902628,6.49505045656245
22,12,relaxed-1,relaxed,last_60s,1200,5.557020209723546,2.587248427073403
22,12,relaxed-1,relaxed,whole_video,2903,6.483990264172331,3.744762313204807
22,14,boring-1,boring,last_60s,1198,4.922467920000127,4.848027074039828
22,14,boring-1,boring,whole_video,2372,5.080277707669876,4.909194052956561
22,16,amusing-1,amusing,last_60s,1200,6.881774451858913,5.479360533841754
22,16,amusing-1,amusing,whole_video,3706,7.752348568291854,5.759429858159057
23,2,scary-1,scary,last_60s,1199,4.809189704480459,7.411549567442205
23,2,scary-1,scary,whole_video,3938,4.605989229627385,6.9367350268533094
23,4,amusing-1,amusing,last_60s,1199,7.699969230793694,5.002762645388475
23,4,amusing-1,amusing,whole_video,3711,7.239281095365105,4.9959420412711655
23,6,boring-1,boring,last_60s,1198,3.7447143395968174,3.3883169120443832
23,6,boring-1,boring,whole_video,2371,4.145862103210103,3.6674605888840333
23,8,relaxed-1,relaxed,last_60s,1200,2.935657959961868,2.8745843660629173
23,8,relaxed-1,relaxed,whole_video,2902,3.8459535614963283,3.400745306317131
23,10,scary-2,scary,last_60s,1200,3.680514775977121,7.183633365109628
23,10,scary-2,scary,whole_video,2875,4.45591348447797,6.11514287561653
23,12,relaxed-2,relaxed,last_60s,1200,5.075668636796951,3.4757328884652057
23,12,relaxed-2,relaxed,whole_video,2934,5.066712849514876,3.672974436653079
23,14,boring-2,boring,last_60s,1199,3.0520029799220993,3.3533149407156104
23,14,boring-2,boring,whole_video,3200,4.135553163727359,3.5921689406577695
23,16,amusing-2,amusing,last_60s,1200,7.818354861773117,5.067023832221163
23,16,amusing-2,amusing,whole_video,3459,6.405014679656089,4.980797521614357
24,2,relaxed-2,relaxed,last_60s,1063,6.536412262002875,5.78818094014189
24,2,relaxed-2,relaxed,whole_video,2576,6.067042872833636,5.796624617352226
24,4,scary-2,scary,last_60s,818,3.7672982302390676,7.137257558135471
24,4,scary-2,scary,whole_video,1964,4.478244841853069,6.57696841526893
24,6,boring-2,boring,last_60s,819,5.018017159199238,2.090740946374884
24,6,boring-2,boring,whole_video,2182,5.01550485425865,2.5050297039911436
24,8,amusing-2,amusing,last_60s,1200,7.44555081029552,5.0271678741658725
24,8,amusing-2,amusing,whole_video,3277,7.136478858776236,4.990424308080149
24,10,relaxed-1,relaxed,last_60s,1200,5.573594137273594,2.994457530981887
24,10,relaxed-1,relaxed,whole_video,2903,5.246344569094067,3.6396623065386815
24,12,boring-1,boring,last_60s,1199,3.7601715760909755,3.687499862850438
24,12,boring-1,boring,whole_video,2372,4.231489091835637,4.140038879073783
24,14,amusing-1,amusing,last_60s,1200,7.023549761677789,5.116448617731172
24,14,amusing-1,amusing,whole_video,3709,5.73832532157756,5.0936753949954525
24,16,scary-1,scary,last_60s,1199,2.7834281666243954,6.673817917854965
24,16,scary-1,scary,whole_video,3939,3.564491667616567,6.27143297537204
25,2,amusing-1,amusing,last_60s,1199,3.4620434410308563,5.418622779866603
25,2,amusing-1,amusing,whole_video,3710,4.297570650009378,5.745492742414158
25,4,scary-1,scary,last_60s,1200,2.019316682554814,8.381584556720684
25,4,scary-1,scary,whole_video,3940,3.415855671100831,7.526007287578694
25,6,relaxed-1,relaxed,last_60s,1198,6.284830277981574,2.994437090097732
25,6,relaxed-1,relaxed,whole_video,2901,6.8504935906851765,3.657867649595863
25,8,boring-1,boring,last_60s,1200,3.977779599618684,2.4656022878932315
25,8,boring-1,boring,whole_video,2374,4.017021466265862,2.8223327467970054
25,10,amusing-2,amusing,last_60s,1196,7.094661614342055,5.99407258385913
25,10,amusing-2,amusing,whole_video,3458,6.089347347249109,5.397242508632805
25,12,relaxed-2,relaxed,last_60s,1199,6.1922921468557774,3.574702242335724
25,12,relaxed-2,relaxed,whole_video,2925,6.067475779130308,4.043507340324118
25,14,scary-2,scary,last_60s,1200,2.477312726406101,7.488737082936129
25,14,scary-2,scary,whole_video,2875,3.595116554897004,6.9202594271977445
25,16,boring-2,boring,last_60s,1197,4.976627221055499,2.7032856211071055
25,16,boring-2,boring,whole_video,3198,4.98727375486705,3.501742586971958
26,2,relaxed-2,relaxed,last_60s,1200,6.081999189704481,5.261858531935177
26,2,relaxed-2,relaxed,whole_video,2934,6.184793112926713,5.175757396761157
26,4,scary-2,scary,last_60s,1198,2.6503103520166276,7.605234526562382
26,4,scary-2,scary,whole_video,2872,4.375678010095833,6.582153629534428
26,6,boring-2,boring,last_60s,1199,5.141300925222878,4.190932879401408
26,6,boring-2,boring,whole_video,3200,5.191667772878932,4.701226864871306
26,8,amusing-2,amusing,last_60s,1199,9.202971542061983,6.642657155510113
26,8,amusing-2,amusing,whole_video,3460,7.646305939595651,5.580245810763899
26,10,boring-1,boring,last_60s,1200,3.529499523355577,2.0332772640610104
26,10,boring-1,boring,whole_video,2373,4.076999369696502,2.8476449908949464
26,12,relaxed-1,relaxed,last_60s,1200,3.6034928503336503,3.0305142993326983
26,12,relaxed-1,relaxed,whole_video,2901,4.003076668280127,3.958213909341935
26,14,scary-1,scary,last_60s,1197,3.571394740425898,8.181758782083906
26,14,scary-1,scary,whole_video,3928,3.5870272677499084,7.366110989226478
26,16,amusing-1,amusing,last_60s,1199,8.591716070987026,5.643382672722979
26,16,amusing-1,amusing,whole_video,3710,8.785083331834452,5.77500638009759
27,2,boring-1,boring,last_60s,1200,5.0803749761677786,1.9341641563393712
27,2,boring-1,boring,whole_video,2374,5.126404245869818,2.615937503764567
27,4,relaxed-1,relaxed,last_60s,1200,7.301996377502384,3.2730505719733074
27,4,relaxed-1,relaxed,whole_video,2902,6.965282941516943,3.9277436947268214
27,6,scary-1,scary,last_60s,1198,1.7079827039345843,6.922716634492505
27,6,scary-1,scary,whole_video,3937,2.2656949383679508,6.85557104955964
27,8,amusing-1,amusing,last_60s,1200,6.451505100095329,6.017060629170639
27,8,amusing-1,amusing,whole_video,3711,6.056453380168047,5.39734352229825
27,10,boring-2,boring,last_60s,1199,5.133354455691151,3.53791858642927
27,10,boring-2,boring,whole_video,3199,5.1214362805822,3.854308534810837
27,12,amusing-2,amusing,last_60s,1199,7.455493289212253,5.6215259459145726
27,12,amusing-2,amusing,whole_video,3460,6.641594009158186,5.327553937964591
27,14,scary-2,scary,last_60s,1200,2.0917067683508104,7.045333079122974
27,14,scary-2,scary,whole_video,2873,3.0828853893303987,5.996643859184007
27,16,relaxed-2,relaxed,last_60s,1200,5.564154575786463,4.151685081029552
27,16,relaxed-2,relaxed,whole_video,2935,5.689972862935902,4.420466900414608
28,2,scary-2,scary,last_60s,1200,4.972938655862726,7.2797020019065775
28,2,scary-2,scary,whole_video,2871,5.067234237114912,6.13857646183408
28,4,relaxed-2,relaxed,last_60s,1200,3.4566112488083887,4.508755433746425
28,4,relaxed-2,relaxed,whole_video,2935,4.523157838324161,4.711067439907887
28,6,amusing-2,amusing,last_60s,1200,7.3924535271687315,6.640228408007626
28,6,amusing-2,amusing,whole_video,3462,5.691889643185803,4.99023209361726
28,8,boring-2,boring,last_60s,1200,4.452677025738799,4.770031696854147
28,8,boring-2,boring,whole_video,3200,4.737067766920877,4.530481464489991
28,10,relaxed-1,relaxed,last_60s,1200,4.404896091515729,4.695916539561487
28,10,relaxed-1,relaxed,whole_video,2902,5.051968012593137,4.85550990441489
28,12,boring-1,boring,last_60s,1200,4.385243660629171,3.489934985700667
28,12,boring-1,boring,whole_video,2373,4.652384776784584,3.9523261814575084
28,14,scary-1,scary,last_60s,1195,4.447520882609858,7.870642995321305
28,14,scary-1,scary,whole_video,3934,4.627681884555606,7.181026343630824
28,16,amusing-1,amusing,last_60s,1200,6.110445424213537,5.561625166825549
28,16,amusing-1,amusing,whole_video,3711,6.19781591275673,5.312442939458837
29,2,amusing-1,amusing,last_60s,1188,5.793374642516683,5.10219805297975
29,2,amusing-1,amusing,whole_video,3699,5.533517914176171,5.1450059493574
29,4,boring-1,boring,last_60s,1197,5.0,5.014963051097715
29,4,boring-1,boring,whole_video,2370,5.0,5.007557287832897
29,6,scary-1,scary,last_60s,1200,4.136116110581506,5.417995805529076
29,6,scary-1,scary,whole_video,3937,4.396029703289148,5.471809725773885
29,8,relaxed-1,relaxed,last_60s,1200,5.328414775977121,5.031744232602478
29,8,relaxed-1,relaxed,whole_video,2900,5.393543335196082,4.992571545971534
29,10,boring-2,boring,last_60s,1199,5.0,5.043547443015351
29,10,boring-2,boring,whole_video,3200,5.115901864871306,4.937597301000953
29,12,relaxed-2,relaxed,last_60s,1200,5.207899285033365,5.027812345090562
29,12,relaxed-2,relaxed,whole_video,2933,5.414393959535439,5.057108248824966
29,14,amusing-2,amusing,last_60s,1199,5.636088224139754,5.189161066061566
29,14,amusing-2,amusing,whole_video,3461,5.250930259525382,5.072423719677442
29,16,scary-2,scary,last_60s,1198,3.637348742979641,5.578360120378578
29,16,scary-2,scary,whole_video,2871,4.4313980474014665,5.241335919266296
30,2,relaxed-2,relaxed,last_60s,1198,5.083154654007076,5.562352506799543
30,2,relaxed-2,relaxed,whole_video,2933,5.01651530511256,5.106248439489234
30,4,scary-2,scary,last_60s,1200,1.309340657769304,8.019576215443278
30,4,scary-2,scary,whole_video,2875,2.9127627040245367,6.471931389729348
30,6,amusing-2,amusing,last_60s,1200,6.926762297426119,7.85463012392755
30,6,amusing-2,amusing,whole_video,3460,6.661647062713181,6.144031138932205
30,8,boring-2,boring,last_60s,1200,6.172925643469971,4.973679790276454
30,8,boring-2,boring,whole_video,3203,6.093067081117648,4.949543489822905
30,10,relaxed-1,relaxed,last_60s,1200,6.92108503336511,3.8611402287893233
30,10,relaxed-1,relaxed,whole_video,2902,6.798068791845997,4.383456667404682
30,12,boring-1,boring,last_60s,1200,5.840526501429935,4.9476216873212575
30,12,boring-1,boring,whole_video,2373,5.537578839156913,4.756767663863844
30,14,amusing-1,amusing,last_60s,1200,6.549183984747378,7.4511504289799815
30,14,amusing-1,amusing,whole_video,3711,6.646124337533609,6.603084802633759
30,16,scary-1,scary,last_60s,1199,0.5,8.151521930811425
30,16,scary-1,scary,whole_video,3938,1.771921111837872,7.367718599202801
