window,term_set,category,n_subjects,nrc_term,valence_nrc,arousal_nrc,dominance_nrc,valence_case_mean,delta_valence_mean,delta_valence_ci_low,delta_valence_ci_high,p_valence,dz_valence,arousal_case_mean,delta_arousal_mean,delta_arousal_ci_low,delta_arousal_ci_high,p_arousal,dz_arousal,centroid_distance_va,distance_va_mean,distance_va_ci_low,distance_va_ci_high,p_valence_holm,p_arousal_holm
last_60s,primary_state_adjective,scary,30,afraid,-0.977,0.352,-0.529,-0.4708759325002524,0.5061240674997475,0.3935292765038072,0.6202088517848965,2.326870480265228e-09,1.5509571965636952,0.5920732317332894,0.24007323173328937,0.16908945053831226,0.30831630350737116,3.3175593069565493e-07,1.2007356630137815,0.5601756227267968,0.6378384493811897,0.5596518210047836,0.7191355424722191,4.653740960530456e-09,3.3175593069565493e-07
last_60s,primary_state_adjective,amusing,30,amused,0.884,0.694,0.192,0.413906650377513,-0.470093349622487,-0.5501747206492934,-0.3884516489843922,3.298628290082597e-12,-2.076417135481313,0.15967449756425584,-0.5343255024357441,-0.5935611768812752,-0.4745776770783438,5.287383249546138e-17,-3.2086414247858825,0.7116821621429752,0.7371317201717247,0.6641432602124423,0.8073031769376277,1.3194513160330388e-11,3.172429949727683e-16
last_60s,primary_state_adjective,boring,30,bored,-0.694,-0.666,-0.608,0.004883728994682851,0.698883728994683,0.6393666531768588,0.7574124272854463,4.1153029055734203e-20,4.1788867691376055,-0.2805047109432685,0.38549528905673164,0.30980940785288397,0.4635320512227144,1.4124014748329434e-10,1.7650903214063227,0.7981510411810828,0.8177661346831122,0.7442462302616198,0.8894460722423663,2.880712033901394e-19,4.23720442449883e-10
last_60s,primary_state_adjective,relaxed,30,relaxed,0.73,-0.91,-0.189,0.16895479253974444,-0.5610452074602555,-0.6353298054088401,-0.49120863334696924,2.8709281177242777e-15,-2.755323432194016,-0.16094075982419948,0.7490592401758005,0.6932646325327788,0.8018028463288406,6.667468380386768e-22,4.849038325069716,0.9358747085517745,0.951981598425014,0.8870948988220835,1.0172391624096881,1.435464058862139e-14,5.333974704309414e-21
last_60s,sensitivity_state_noun,scary,30,fear,-0.854,0.68,-0.414,-0.4708759325002524,0.38312406749974764,0.26721875544504814,0.4971691528636142,4.924814920298545e-07,1.1740382799831686,0.5920732317332894,-0.08792676826671066,-0.16000242222056232,-0.018582278430290235,0.02258805394138265,-0.4397691722194129,0.3930841737788218,0.46376808074889975,0.36444959267102883,0.5688274625717448,9.84962984059709e-07,0.02258805394138265
last_60s,sensitivity_state_noun,amusing,30,amusement,0.858,0.674,0.606,0.413906650377513,-0.44409334962248703,-0.5228941418726643,-0.3626244634835383,1.2641795195126546e-11,-1.961574316356412,0.15967449756425584,-0.5143255024357443,-0.5740624531822349,-0.4531083800626702,1.4533454094190863e-16,-3.0885407966047778,0.679521615281443,0.7066368067822535,0.6352815565373731,0.7749429596670889,3.792538558537964e-11,1.0173417865933603e-15
last_60s,sensitivity_state_noun,relaxed,30,relaxation,0.746,-0.524,-0.238,0.16895479253974444,-0.5770452074602556,-0.6514240610049962,-0.5062445285286286,1.3856140747578113e-15,-2.8339002996708267,-0.16094075982419948,0.3630592401758006,0.3085724881635424,0.4157568875694272,1.6149487214610172e-13,2.35026560712337,0.6817574226437723,0.7013723983996318,0.6351583841236021,0.7693961990856567,8.313684448546868e-15,8.074743607305086e-13
last_60s,sensitivity_state_noun,boring,30,boredom,-0.666,-0.722,-0.49,0.004883728994682851,0.6708837289946827,0.6116701511989684,0.7279994668582425,1.2653004099729177e-19,4.0114643143264646,-0.2805047109432685,0.44149528905673147,0.3678368719229891,0.5190480425388266,6.23347171860497e-12,2.0215008685769966,0.8031208303170188,0.8216913557390567,0.7491364215164281,0.8960950498927054,1.0122403279783342e-18,2.493388687441988e-11
whole_video,primary_state_adjective,scary,30,afraid,-0.977,0.352,-0.529,-0.2992105379786888,0.6777894620213111,0.5967466327121573,0.7584072996740419,3.4496832043331387e-16,2.9888231803942213,0.4131752833948131,0.061175283394813144,0.01451264221229182,0.10842039178514545,0.019703388182403758,0.45068978197989124,0.6805446128841033,0.6983675662433105,0.6233709977606355,0.7727812656991265,1.0349049612999416e-15,0.019703388182403758
whole_video,primary_state_adjective,amusing,30,amused,0.884,0.694,0.192,0.30754887961356214,-0.5764511203864379,-0.6400459256835763,-0.5096260933558417,1.1195197013242642e-16,-3.1191760234020913,0.0887188524445103,-0.6052811475554896,-0.6460768685176481,-0.5654714034152395,9.571376497525502e-23,-5.197597182932166,0.8358595347191236,0.845557642167275,0.7817294257878272,0.906844801925719,4.478078805297057e-16,5.742825898515301e-22
whole_video,primary_state_adjective,boring,30,bored,-0.694,-0.666,-0.608,0.01911125366526987,0.71311125366527,0.6675242356543927,0.7572224746289511,1.415102998478795e-23,5.563595678431785,-0.21787935918197127,0.44812064081802877,0.3916061447864878,0.5035919478008887,2.0489718654139444e-15,2.7914888800296875,0.8422231110764022,0.8523746882287941,0.7966105490480314,0.907100619524274,9.905720989351564e-23,4.097943730827889e-15
whole_video,primary_state_adjective,relaxed,30,relaxed,0.73,-0.91,-0.189,0.16822164044206783,-0.5617783595579321,-0.6180980922884634,-0.5052426406732182,8.408870655449166e-18,-3.4370575262552276,-0.10665082024464669,0.8033491797553537,0.764212948855973,0.8406705705411807,2.567206590355142e-27,7.538496886971079,0.9802881361524278,0.9909072842631619,0.9466958543793206,1.0368403893830291,4.204435327724583e-17,2.0537652722841137e-26
whole_video,sensitivity_state_noun,scary,30,fear,-0.854,0.68,-0.414,-0.2992105379786888,0.5547894620213112,0.4752083635393304,0.6342390397384563,5.935521271681251e-14,2.446434619067002,0.4131752833948131,-0.26682471660518686,-0.3141475815327277,-0.2190777091881897,1.2029183097594455e-11,-1.9657477118256224,0.6156190190055325,0.6236592635082093,0.5402638999218887,0.7083388574792372,1.1871042543362502e-13,1.2029183097594455e-11
whole_video,sensitivity_state_noun,relaxed,30,relaxation,0.746,-0.524,-0.238,0.16822164044206783,-0.5777783595579321,-0.6346154242193011,-0.5196138312436527,3.947100519890645e-18,-3.534948303791333,-0.10665082024464669,0.41734917975535335,0.37952056744956647,0.45457957399551313,2.4406232239803877e-19,3.9163362229656866,0.7127469190504588,0.7243484094404871,0.6720780961969581,0.7747276707610615,1.9735502599453223e-17,1.4643739343882326e-18
whole_video,sensitivity_state_noun,amusing,30,amusement,0.858,0.674,0.606,0.30754887961356214,-0.5504511203864378,-0.6131313269668317,-0.4849321089187373,3.777997446780247e-16,-2.978490068009919,0.0887188524445103,-0.5852811475554898,-0.6271370838176927,-0.5444681526801654,2.4521242789767045e-22,-5.0258555979208595,0.8034615470690278,0.8137048120913668,0.7515061433181812,0.8731621427915847,1.1333992340340741e-15,1.7164869952836933e-21
whole_video,sensitivity_state_noun,boring,30,boredom,-0.666,-0.722,-0.49,0.01911125366526987,0.6851112536652698,0.6382314503176582,0.7298231182574182,4.3641791740721455e-23,5.345143539028004,-0.21787935918197127,0.5041206408180288,0.447243806891152,0.5607186029078133,9.360570016886288e-17,3.1403310511831957,0.8505968789018553,0.860191220984082,0.802739944244526,0.9160234324227536,3.4913433392577164e-22,3.744228006754515e-16
