subject,category,window,valence_case,arousal_case,n_videos,valence_case_scaled,arousal_case_scaled,term_set,nrc_term,valence_nrc,arousal_nrc,dominance_nrc,delta_valence,delta_arousal,distance_va
1,amusing,last_60s,8.925229007967395,6.762072588294503,2,0.8722731128816434,0.39157168628766725,primary_state_adjective,amused,0.884,0.694,0.192,-0.011726887118356566,-0.3024283137123327,0.30265558778316287
1,amusing,whole_video,7.908278190131238,6.409014980690223,2,0.6462840422513862,0.31311444015338297,primary_state_adjective,amused,0.884,0.694,0.192,-0.23771595774861376,-0.380885559846617,0.4489796056259255
1,boring,last_60s,5.875065808494686,3.375686354294292,2,0.1944590685543746,-0.3609585879346018,primary_state_adjective,bored,-0.694,-0.666,-0.608,0.8884590685543745,0.30504141206539825,0.9393666906865278
1,boring,whole_video,6.08838985511918,3.994666241203575,2,0.2418644122487067,-0.2234075019547611,primary_state_adjective,bored,-0.694,-0.666,-0.608,0.9358644122487066,0.4425924980452389,1.0352440859234802
1,relaxed,last_60s,4.736469851385529,5.601608677790755,2,-0.05856225524766027,0.1336908172868344,primary_state_adjective,relaxed,0.73,-0.91,-0.189,-0.7885622552476602,1.0436908172868344,1.3080982197412152
1,relaxed,whole_video,5.140010735630527,5.490291838018596,2,0.031113496806783856,0.1089537417819102,primary_state_adjective,relaxed,0.73,-0.91,-0.189,-0.6988865031932161,1.0189537417819103,1.2356006928765446
1,scary,last_60s,0.6486526373130157,9.009958569204827,2,-0.9669660805971075,0.8911019042677393,primary_state_adjective,afraid,-0.977,0.352,-0.529,0.010033919402892444,0.5391019042677393,0.5391952732764693
1,scary,whole_video,2.1336715073643697,7.771833523474246,2,-0.6369618872523622,0.6159630052164992,primary_state_adjective,afraid,-0.977,0.352,-0.529,0.34003811274763773,0.2639630052164992,0.4304676366974651
2,amusing,last_60s,5.455839775977122,5.658940133460439,2,0.10129772799491595,0.14643114076898633,primary_state_adjective,amused,0.884,0.694,0.192,-0.782702272005084,-0.5475688592310136,0.955224843794106
2,amusing,whole_video,5.580022936532373,5.182043936138146,2,0.1288939858960829,0.040454208030699074,primary_state_adjective,amused,0.884,0.694,0.192,-0.7551060141039171,-0.6535457919693008,0.9986526897458824
2,boring,last_60s,5.133947283126787,3.9373387988560538,2,0.029766062917063765,-0.2361469335875436,primary_state_adjective,bored,-0.694,-0.666,-0.608,0.7237660629170637,0.42985306641245646,0.8417903376344128
2,boring,whole_video,5.13853191311663,4.162277591285338,2,0.030784869581473293,-0.186160535269925,primary_state_adjective,bored,-0.694,-0.666,-0.608,0.7247848695814733,0.47983946473007505,0.8692289796634015
2,relaxed,last_60s,5.861782027762252,3.9410599338819847,2,0.1915071172805004,-0.2353200146928923,primary_state_adjective,relaxed,0.73,-0.91,-0.189,-0.5384928827194996,0.6746799853071077,0.8632309466843481
2,relaxed,whole_video,5.77522029609167,4.083567479524327,2,0.17227117690926008,-0.20365167121681615,primary_state_adjective,relaxed,0.73,-0.91,-0.189,-0.5577288230907399,0.7063483287831839,0.8999941120257281
2,scary,last_60s,2.144321609033029,8.227406974814404,2,-0.6345951979926602,0.7172015499587564,primary_state_adjective,afraid,-0.977,0.352,-0.529,0.3424048020073398,0.3652015499587564,0.5006128449510296
2,scary,whole_video,2.9553373867297754,7.632993508330866,2,-0.4543694696156055,0.5851096685179703,primary_state_adjective,afraid,-0.977,0.352,-0.529,0.5226305303843946,0.23310966851797033,0.5722611194607158
3,amusing,last_60s,7.296002755016692,6.670524758636645,2,0.5102228344481539,0.37122772414147676,primary_state_adjective,amused,0.884,0.694,0.192,-0.37377716555184615,-0.3227722758585232,0.4938535324879866
3,amusing,whole_video,7.133582794391783,6.106286538735366,2,0.4741295098648407,0.24584145305230365,primary_state_adjective,amused,0.884,0.694,0.192,-0.4098704901351593,-0.4481585469476963,0.6073219096047056
3,boring,last_60s,5.307141086749285,2.9588137273593897,2,0.06825357483317439,-0.4535969494756912,primary_state_adjective,bored,-0.694,-0.666,-0.608,0.7622535748331744,0.21240305052430886,0.7912936043075198
3,boring,whole_video,5.129666246511368,3.35800128352741,2,0.028814721446970677,-0.36488860366057563,primary_state_adjective,bored,-0.694,-0.666,-0.608,0.7228147214469707,0.3011113963394244,0.783025666594614
3,relaxed,last_60s,6.217983504366126,3.8601185108181193,2,0.2706630009702502,-0.25330699759597347,primary_state_adjective,relaxed,0.73,-0.91,-0.189,-0.4593369990297498,0.6566930024040265,0.8013963926073483
3,relaxed,whole_video,6.0241660508126245,4.314314447350634,2,0.22759245573613876,-0.1523745672554146,primary_state_adjective,relaxed,0.73,-0.91,-0.189,-0.5024075442638612,0.7576254327445855,0.9090707546031079
3,scary,last_60s,2.142949077346897,8.64216606944208,2,-0.6349002050340229,0.8093702376537956,primary_state_adjective,afraid,-0.977,0.352,-0.529,0.3420997949659771,0.4573702376537956,0.5711565494741814
3,scary,whole_video,2.7685913735749947,8.05879968383008,2,-0.4958685836500012,0.6797332630733509,primary_state_adjective,afraid,-0.977,0.352,-0.529,0.4811314163499988,0.32773326307335093,0.5821482040886686
4,amusing,last_60s,6.839370352716873,5.946538965681602,2,0.40874896727041626,0.21034199237368925,primary_state_adjective,amused,0.884,0.694,0.192,-0.47525103272958374,-0.4836580076263107,0.678077143436931
4,amusing,whole_video,6.4658396551771435,6.063374941088149,2,0.32574214559492076,0.23630554246403315,primary_state_adjective,amused,0.884,0.694,0.192,-0.5582578544050792,-0.4576944575359668,0.7218975332165263
4,boring,last_60s,6.126238004900351,5.925448579790913,2,0.25027511220007803,0.2056552399535363,primary_state_adjective,bored,-0.694,-0.666,-0.608,0.944275112200078,0.8716552399535363,1.285083010882537
4,boring,whole_video,5.711259730340032,5.292796255092431,2,0.15805771785334047,0.06506583446498462,primary_state_adjective,bored,-0.694,-0.666,-0.608,0.8520577178533404,0.7310658344649846,1.122701923430893
4,relaxed,last_60s,5.258352450822937,4.33787873525841,2,0.05741165573843037,-0.14713805883146452,primary_state_adjective,relaxed,0.73,-0.91,-0.189,-0.6725883442615697,0.7628619411685356,1.0170218395491544
4,relaxed,whole_video,4.849124254036554,4.53213667591263,2,-0.033527943547432396,-0.10396962757497105,primary_state_adjective,relaxed,0.73,-0.91,-0.189,-0.7635279435474324,0.806030372425029,1.110252170387161
4,scary,last_60s,1.1006604142632364,7.917147462355427,2,-0.866519907941503,0.6482549916345393,primary_state_adjective,afraid,-0.977,0.352,-0.529,0.11048009205849696,0.2962549916345393,0.3161848680908606
4,scary,whole_video,2.1018341101322946,7.123577643296979,2,-0.6440368644150456,0.4719061429548843,primary_state_adjective,afraid,-0.977,0.352,-0.529,0.3329631355849544,0.11990614295488433,0.35389536981554576
5,amusing,last_60s,7.205106816015253,5.502012178265014,2,0.4900237368922785,0.11155826183666978,primary_state_adjective,amused,0.884,0.694,0.192,-0.3939762631077215,-0.5824417381633302,0.7031754221010899
5,amusing,whole_video,6.456981807208725,4.934205904412957,2,0.3237737349352721,-0.01462091013045392,primary_state_adjective,amused,0.884,0.694,0.192,-0.5602262650647278,-0.7086209101304539,0.9033255572286701
5,boring,last_60s,5.234881410867493,2.162498403241182,2,0.05219586908166502,-0.6305559103908485,primary_state_adjective,bored,-0.694,-0.666,-0.608,0.746195869081665,0.035444089609151574,0.7470371868406304
5,boring,whole_video,5.438697919034398,2.816844986188503,2,0.0974884264520885,-0.4851455586247771,primary_state_adjective,bored,-0.694,-0.666,-0.608,0.7914884264520885,0.18085444137522294,0.8118880822950582
5,relaxed,last_60s,6.468026692087703,2.924327740705434,2,0.3262281537972673,-0.46126050206545904,primary_state_adjective,relaxed,0.73,-0.91,-0.189,-0.4037718462027327,0.448739497934541,0.6036545707542578
5,relaxed,whole_video,6.20042598994693,3.690257234989941,2,0.26676133109931777,-0.2910539477800131,primary_state_adjective,relaxed,0.73,-0.91,-0.189,-0.4632386689006822,0.618946052219987,0.7731004332708543
5,scary,last_60s,0.8678983376329471,9.062361777175497,2,-0.9182448138593452,0.9027470615945548,primary_state_adjective,afraid,-0.977,0.352,-0.529,0.05875518614065478,0.5507470615945548,0.5538722756678288
5,scary,whole_video,2.1597033198647733,7.646125632358042,2,-0.6311770400300504,0.5880279183017871,primary_state_adjective,afraid,-0.977,0.352,-0.529,0.3458229599699496,0.23602791830178715,0.4186916500961686
6,amusing,last_60s,6.617428216534911,5.439066109587669,2,0.3594284925633136,0.09757024657503759,primary_state_adjective,amused,0.884,0.694,0.192,-0.5245715074366863,-0.5964297534249624,0.7942944776246144
6,amusing,whole_video,6.384579061471895,5.23803100124907,2,0.30768423588264326,0.052895778055348806,primary_state_adjective,amused,0.884,0.694,0.192,-0.5763157641173567,-0.6411042219446511,0.8620640830967435
6,boring,last_60s,3.285518017159199,3.279490705433746,2,-0.38099599618684465,-0.3823353987925009,primary_state_adjective,bored,-0.694,-0.666,-0.608,0.3130040038131553,0.28366460120749915,0.4224181724089001
6,boring,whole_video,3.703437888350714,3.6685932197707407,2,-0.28812491369984133,-0.29586817338427984,primary_state_adjective,bored,-0.694,-0.666,-0.608,0.4058750863001586,0.3701318266157202,0.5493015153383893
6,relaxed,last_60s,6.570378859439121,4.074269228220231,2,0.34897307987536014,-0.20571794928439305,primary_state_adjective,relaxed,0.73,-0.91,-0.189,-0.38102692012463985,0.704282050715607,0.8007463523612515
6,relaxed,whole_video,6.374436229552512,4.423451310009551,2,0.3054302732338916,-0.1281219311089886,primary_state_adjective,relaxed,0.73,-0.91,-0.189,-0.4245697267661084,0.7818780688910114,0.8897149922862855
6,scary,last_60s,3.5091909675881787,7.1113602478551,2,-0.33129089609151585,0.4691911661900223,primary_state_adjective,afraid,-0.977,0.352,-0.529,0.6457091039084841,0.11719116619002234,0.6562575838062941
6,scary,whole_video,4.319053312189784,6.381382638736902,2,-0.1513214861800481,0.30697391971931154,primary_state_adjective,afraid,-0.977,0.352,-0.529,0.8256785138199518,-0.04502608028068844,0.8269052884637801
7,amusing,last_60s,6.266633919957869,5.372590888908116,2,0.2814742044350819,0.0827979753129146,primary_state_adjective,amused,0.884,0.694,0.192,-0.6025257955649181,-0.6112020246870853,0.8582570997683212
7,amusing,whole_video,5.76081444248209,5.146572590197182,2,0.1690698761071311,0.032571686710484826,primary_state_adjective,amused,0.884,0.694,0.192,-0.7149301238928689,-0.6614283132895151,0.9739673996959477
7,boring,last_60s,5.173040999198546,4.196523640663067,2,0.03845355537745476,-0.1785503020748741,primary_state_adjective,bored,-0.694,-0.666,-0.608,0.7324535553774547,0.48744969792512594,0.8798269254758976
7,boring,whole_video,5.1478306751366745,4.419310616179344,2,0.032851261141483214,-0.12904208529347905,primary_state_adjective,bored,-0.694,-0.666,-0.608,0.7268512611414831,0.536957914706521,0.9036794553318893
7,relaxed,last_60s,5.906662917063871,5.050208317445186,2,0.20148064823641576,0.011157403876708038,primary_state_adjective,relaxed,0.73,-0.91,-0.189,-0.5285193517635842,0.9211574038767081,1.0620092598021338
7,relaxed,whole_video,5.976738086607966,5.118598618819778,2,0.2170529081351036,0.02635524862661735,primary_state_adjective,relaxed,0.73,-0.91,-0.189,-0.5129470918648964,0.9363552486266173,1.0676496947422731
7,scary,last_60s,4.174589739920699,7.7823615934314505,2,-0.18342450223984466,0.6183025763181001,primary_state_adjective,afraid,-0.977,0.352,-0.529,0.7935754977601553,0.26630257631810017,0.8370657876170402
7,scary,whole_video,4.373127595691704,6.661853515357416,2,-0.13930497873517686,0.3693007811905369,primary_state_adjective,afraid,-0.977,0.352,-0.529,0.8376950212648231,0.017300781190536907,0.837873657350364
8,amusing,last_60s,8.214024261201144,6.634482578646329,2,0.7142276136002543,0.3632183508102954,primary_state_adjective,amused,0.884,0.694,0.192,-0.16977238639974568,-0.33078164918970454,0.37180527514348866
8,amusing,whole_video,7.96203602717725,6.215482043912278,2,0.6582302282616111,0.2701071208693951,primary_state_adjective,amused,0.884,0.694,0.192,-0.22576977173838886,-0.42389287913060486,0.4802678032186186
8,boring,last_60s,6.1117714728312675,2.5996064823641563,2,0.24706032729583724,-0.5334207816968541,primary_state_adjective,bored,-0.694,-0.666,-0.608,0.9410603272958372,0.1325792183031459,0.9503535072466568
8,boring,whole_video,6.2258680391849275,3.2298031164816168,2,0.2724151198188728,-0.3933770852263074,primary_state_adjective,bored,-0.694,-0.666,-0.608,0.9664151198188727,0.27262291477369266,1.004132181276066
8,relaxed,last_60s,6.493729313632031,2.6212882745471884,2,0.3319398474737846,-0.5286026056561803,primary_state_adjective,relaxed,0.73,-0.91,-0.189,-0.3980601525262154,0.3813973943438197,0.5512856405180975
8,relaxed,whole_video,6.180645930835521,3.5346599645271812,2,0.2623657624078935,-0.32563111899395975,primary_state_adjective,relaxed,0.73,-0.91,-0.189,-0.4676342375921065,0.5843688810060403,0.748444232562856
8,scary,last_60s,0.9409552844720458,8.947235716767466,2,-0.9020099367839899,0.8771634926149924,primary_state_adjective,afraid,-0.977,0.352,-0.529,0.0749900632160101,0.5251634926149924,0.530490531071685
8,scary,whole_video,2.243823044887686,7.856897125309457,2,-0.6124837678027365,0.634866027846546,primary_state_adjective,afraid,-0.977,0.352,-0.529,0.3645162321972635,0.282866027846546,0.4613949211304479
9,amusing,last_60s,6.946883102955194,3.6871219256434697,2,0.43264068954559876,-0.29175068319034003,primary_state_adjective,amused,0.884,0.694,0.192,-0.45135931045440125,-0.98575068319034,1.0841723278815478
9,amusing,whole_video,6.221581916381451,4.114948820369667,2,0.27146264808476694,-0.1966780399178517,primary_state_adjective,amused,0.884,0.694,0.192,-0.6125373519152331,-0.8906780399178517,1.080976122901534
9,boring,last_60s,5.167370645717693,3.38862973527902,2,0.037193476826153926,-0.3580822810491067,primary_state_adjective,bored,-0.694,-0.666,-0.608,0.7311934768261539,0.3079177189508933,0.7933834017655276
9,boring,whole_video,5.232360429457347,3.7695545423939563,2,0.05163565099052154,-0.27343232391245414,primary_state_adjective,bored,-0.694,-0.666,-0.608,0.7456356509905215,0.3925676760875459,0.8426635771984186
9,relaxed,last_60s,6.131242516682555,4.467004742612011,2,0.2513872259294566,-0.11844339053066417,primary_state_adjective,relaxed,0.73,-0.91,-0.189,-0.47861277407054337,0.7915566094693358,0.9250038126938135
9,relaxed,whole_video,5.956658758064355,4.412431713620057,2,0.2125908351254123,-0.130570730306654,primary_state_adjective,relaxed,0.73,-0.91,-0.189,-0.5174091648745877,0.779429269693346,0.9355331262712834
9,scary,last_60s,2.5666302192564343,6.480106482364156,2,-0.5407488401652368,0.3289125516364791,primary_state_adjective,afraid,-0.977,0.352,-0.529,0.43625115983476315,-0.02308744836352089,0.436861653992559
9,scary,whole_video,3.5550570124286143,6.183281506131724,2,-0.32109844168253016,0.2629514458070498,primary_state_adjective,afraid,-0.977,0.352,-0.529,0.6559015583174699,-0.08904855419295016,0.6619188010678804
10,amusing,last_60s,6.367125743807797,5.285141761902793,2,0.3038057208461772,0.06336483597839838,primary_state_adjective,amused,0.884,0.694,0.192,-0.5801942791538228,-0.6306351640216016,0.8569283001881641
10,amusing,whole_video,5.792989856674062,5.376337627785271,2,0.17621996814979152,0.0836305839522825,primary_state_adjective,amused,0.884,0.694,0.192,-0.7077800318502085,-0.6103694160477174,0.9346140366655713
10,boring,last_60s,5.903209199237369,3.320373999046711,2,0.20071315538608203,-0.3732502224340642,primary_state_adjective,bored,-0.694,-0.666,-0.608,0.894713155386082,0.29274977756593584,0.9413894320024122
10,boring,whole_video,5.524762902521357,3.7015922373206633,2,0.11661397833807936,-0.28853505837318594,primary_state_adjective,bored,-0.694,-0.666,-0.608,0.8106139783380794,0.3774649416268141,0.894189467637828
10,relaxed,last_60s,6.745475224924537,4.354919850046464,2,0.3878833833165637,-0.1433511444341191,primary_state_adjective,relaxed,0.73,-0.91,-0.189,-0.3421166166834363,0.7666488555658809,0.8395202482081038
10,relaxed,whole_video,6.6316214359285155,4.375237788627869,2,0.3625825413174479,-0.13883604697158466,primary_state_adjective,relaxed,0.73,-0.91,-0.189,-0.3674174586825521,0.7711639530284153,0.8542186086682712
10,scary,last_60s,2.521729035397308,8.421478814805155,2,-0.5507268810228205,0.7603286255122568,primary_state_adjective,afraid,-0.977,0.352,-0.529,0.42627311897717945,0.4083286255122568,0.5902889448187738
10,scary,whole_video,3.779154040074851,6.999758878295636,2,-0.2712991022055886,0.4443908618434747,primary_state_adjective,afraid,-0.977,0.352,-0.529,0.7057008977944114,0.09239086184347473,0.7117231403432224
11,amusing,last_60s,5.94062971218071,4.942945798075295,2,0.20902882492904673,-0.012678711538823408,primary_state_adjective,amused,0.884,0.694,0.192,-0.6749711750709533,-0.7066787115388233,0.9772312359512639
11,amusing,whole_video,5.712264907951244,4.9413344043073,2,0.15828109065583204,-0.013036799042822227,primary_state_adjective,amused,0.884,0.694,0.192,-0.7257189093441679,-0.7070367990428221,1.0131973996119457
11,boring,last_60s,4.185054568988615,2.7708396817613345,2,-0.18109898466919658,-0.49536895960859234,primary_state_adjective,bored,-0.694,-0.666,-0.608,0.5129010153308033,0.1706310403914077,0.5405389934800479
11,boring,whole_video,4.564761970494525,3.022305493879265,2,-0.09671956211232786,-0.43948766802683004,primary_state_adjective,bored,-0.694,-0.666,-0.608,0.597280437887672,0.22651233197317,0.638789290783129
11,relaxed,last_60s,5.013289279296936,4.374558582064335,2,0.0029531731770969178,-0.13898698176348112,primary_state_adjective,relaxed,0.73,-0.91,-0.189,-0.7270468268229031,0.7710130182365189,1.0597443855399467
11,relaxed,whole_video,5.255064624228041,4.316099943641435,2,0.05668102760623128,-0.1519777903019034,primary_state_adjective,relaxed,0.73,-0.91,-0.189,-0.6733189723937687,0.7580222096980966,1.013881703642484
11,scary,last_60s,4.85029900943971,6.318810847423611,2,-0.033266886791175544,0.29306907720524694,primary_state_adjective,afraid,-0.977,0.352,-0.529,0.9437331132088245,-0.05893092279475304,0.9455712784493092
11,scary,whole_video,4.98259147841118,6.177853708774256,2,-0.0038685603530710625,0.2617452686165013,primary_state_adjective,afraid,-0.977,0.352,-0.529,0.9731314396469289,-0.09025473138349865,0.9773078917958311
12,amusing,last_60s,7.486814180171592,6.943974547187798,2,0.5526253733714649,0.4319943438195107,primary_state_adjective,amused,0.884,0.694,0.192,-0.3313746266285351,-0.26200565618048927,0.422440655055559
12,amusing,whole_video,6.45367108266182,5.913193768096689,2,0.3230380183692934,0.2029319484659309,primary_state_adjective,amused,0.884,0.694,0.192,-0.5609619816307065,-0.49106805153406907,0.7455375081593926
12,boring,last_60s,5.043004823112842,3.1840802250604447,2,0.009556627358409267,-0.4035377277643456,primary_state_adjective,bored,-0.694,-0.666,-0.608,0.7035566273584092,0.26246227223565444,0.7509183525837161
12,boring,whole_video,5.104386677659571,3.6182823819836303,2,0.023197039479904664,-0.3070483595591933,primary_state_adjective,bored,-0.694,-0.666,-0.608,0.7171970394799047,0.35895164044080674,0.8020086493385755
12,relaxed,last_60s,6.813708770257389,5.398093708293613,2,0.40304639339053083,0.08846526850969186,primary_state_adjective,relaxed,0.73,-0.91,-0.189,-0.32695360660946915,0.9984652685096919,1.0506338816614809
12,relaxed,whole_video,6.552109285370611,5.231666307866064,2,0.34491317452680254,0.0514814017480142,primary_state_adjective,relaxed,0.73,-0.91,-0.189,-0.38508682547319745,0.9614814017480142,1.0357308284783027
12,scary,last_60s,3.595553002859867,7.454196758817922,2,-0.3120993326978074,0.5453770575150938,primary_state_adjective,afraid,-0.977,0.352,-0.529,0.6649006673021927,0.19337705751509382,0.6924504197067809
12,scary,whole_video,3.7684095827997894,6.6516430422348405,2,-0.27368675937782455,0.3670317871632979,primary_state_adjective,afraid,-0.977,0.352,-0.529,0.7033132406221754,0.015031787163297894,0.7034738581211022
13,amusing,last_60s,8.365409115735,5.224594375774995,2,0.7478686923855555,0.04990986128333219,primary_state_adjective,amused,0.884,0.694,0.192,-0.13613130761444447,-0.6440901387166678,0.6583189498296967
13,amusing,whole_video,7.761601310247977,5.083838764087109,2,0.6136891800551061,0.01863083646380205,primary_state_adjective,amused,0.884,0.694,0.192,-0.2703108199448939,-0.6753691635361979,0.7274554601038228
13,boring,last_60s,4.301200047664443,4.759079623450906,2,-0.1552888782967905,-0.05353786145535425,primary_state_adjective,bored,-0.694,-0.666,-0.608,0.5387111217032095,0.6124621385446458,0.8156712228572313
13,boring,whole_video,4.666175950595601,4.917164060743934,2,-0.07418312208986638,-0.018407986501348006,primary_state_adjective,bored,-0.694,-0.666,-0.608,0.6198168779101336,0.647592013498652,0.8964085999640475
13,relaxed,last_60s,5.611938118057548,3.8527666636520266,2,0.1359862484572329,-0.25494074141066075,primary_state_adjective,relaxed,0.73,-0.91,-0.189,-0.594013751542767,0.6550592585893393,0.8842821774103146
13,relaxed,whole_video,5.4040826413502305,4.306153736813627,2,0.08979614252227346,-0.15418805848586065,primary_state_adjective,relaxed,0.73,-0.91,-0.189,-0.6402038574777266,0.7558119415141393,0.9905113174844263
13,scary,last_60s,2.8952602542316144,7.248978189771433,2,-0.4677199435040857,0.4997729310603185,primary_state_adjective,afraid,-0.977,0.352,-0.529,0.5092800564959143,0.14777293106031852,0.5302857862498667
13,scary,whole_video,3.680795803552998,6.684518691713192,2,-0.29315648809933376,0.37433748704737607,primary_state_adjective,afraid,-0.977,0.352,-0.529,0.6838435119006663,0.022337487047376092,0.684208237378233
14,amusing,last_60s,6.981980799915882,5.339930707667893,2,0.4404401777590849,0.07554015725953178,primary_state_adjective,amused,0.884,0.694,0.192,-0.4435598222409151,-0.6184598427404682,0.7610767983514914
14,amusing,whole_video,6.307172145665023,5.150399865600551,2,0.29048269903667173,0.03342219235567809,primary_state_adjective,amused,0.884,0.694,0.192,-0.5935173009633283,-0.6605778076443218,0.8880460722817104
14,boring,last_60s,5.0912104540296745,3.96909307059271,2,0.02026898978437212,-0.22909042875717558,primary_state_adjective,bored,-0.694,-0.666,-0.608,0.714268989784372,0.4369095712428245,0.8372993271292986
14,boring,whole_video,5.17787972298049,4.378115246400164,2,0.039528827328997686,-0.13819661191107477,primary_state_adjective,bored,-0.694,-0.666,-0.608,0.7335288273289976,0.5278033880889252,0.9036818892734341
14,relaxed,last_60s,5.111305862726406,3.9010536701620584,2,0.024734636161423476,-0.24421029551954257,primary_state_adjective,relaxed,0.73,-0.91,-0.189,-0.7052653638385765,0.6657897044804575,0.969884098241916
14,relaxed,whole_video,5.210601554238525,4.313366185227364,2,0.046800345386338864,-0.1525852921716968,primary_state_adjective,relaxed,0.73,-0.91,-0.189,-0.6831996546136612,0.7574147078283032,1.0200190232044006
14,scary,last_60s,4.887569429347609,7.787147292556229,2,-0.02498457125608687,0.6193660650124954,primary_state_adjective,afraid,-0.977,0.352,-0.529,0.9520154287439131,0.2673660650124954,0.9888467976823925
14,scary,whole_video,4.9731639581578975,6.973290904916766,2,-0.0059635648538005626,0.43850908998150356,primary_state_adjective,afraid,-0.977,0.352,-0.529,0.9710364351461994,0.08650908998150358,0.9748823421474343
15,amusing,last_60s,6.916171114631192,5.3971721256191,2,0.42581580325137597,0.08826047235980007,primary_state_adjective,amused,0.884,0.694,0.192,-0.45818419674862404,-0.6057395276401999,0.7595084815167994
15,amusing,whole_video,6.4498324917854895,5.201444542677594,2,0.3221849981745532,0.04476545392835421,primary_state_adjective,amused,0.884,0.694,0.192,-0.5618150018254469,-0.6492345460716458,0.8585695033536789
15,boring,last_60s,5.950045406389105,4.751644842731213,2,0.21112120141980106,-0.05519003494861943,primary_state_adjective,bored,-0.694,-0.666,-0.608,0.905121201419801,0.6108099650513806,1.0919401094683228
15,boring,whole_video,5.706134616538507,4.902534112077271,2,0.15691880367522376,-0.021659086205050845,primary_state_adjective,bored,-0.694,-0.666,-0.608,0.8509188036752238,0.6443409137949492,1.0673509374325691
15,relaxed,last_60s,4.330718660629171,4.260869637750238,2,-0.14872918652685088,-0.16425119161105822,primary_state_adjective,relaxed,0.73,-0.91,-0.189,-0.8787291865268508,0.7457488083889419,1.1525216997816863
15,relaxed,whole_video,4.698311179960069,4.711007646559043,2,-0.06704196000887347,-0.0642205229868793,primary_state_adjective,relaxed,0.73,-0.91,-0.189,-0.7970419600088734,0.8457794770131207,1.1621612666714438
15,scary,last_60s,4.312378479504289,7.652685867492851,2,-0.15280478233238012,0.5894857483317446,primary_state_adjective,afraid,-0.977,0.352,-0.529,0.8241952176676198,0.23748574833174463,0.8577279507436283
15,scary,whole_video,4.752412069658115,6.99566366119004,2,-0.055019540075974364,0.4434808135977867,primary_state_adjective,afraid,-0.977,0.352,-0.529,0.9219804599240257,0.0914808135977867,0.9265078023083405
16,amusing,last_60s,8.321847410258801,5.2574404513596695,2,0.7381883133908447,0.057208989191037674,primary_state_adjective,amused,0.884,0.694,0.192,-0.14581168660915533,-0.6367910108089623,0.6532716428859486
16,amusing,whole_video,7.164747568035027,5.16223050249297,2,0.4810550151188949,0.03605122277621556,primary_state_adjective,amused,0.884,0.694,0.192,-0.4029449848811051,-0.6579487772237844,0.771531758446214
16,boring,last_60s,4.9704861773117255,3.883365109628217,2,-0.006558627264061003,-0.2481410867492851,primary_state_adjective,bored,-0.694,-0.666,-0.608,0.687441372735939,0.41785891325071495,0.8044760483271959
16,boring,whole_video,4.982106807041897,4.173660295832048,2,-0.0039762651018006145,-0.18363104537065608,primary_state_adjective,bored,-0.694,-0.666,-0.608,0.6900237348981993,0.4823689546293439,0.8419100683048436
16,relaxed,last_60s,6.64075347950429,4.29492478551001,2,0.3646118843342866,-0.15668338099777557,primary_state_adjective,relaxed,0.73,-0.91,-0.189,-0.3653881156657134,0.7533166190022245,0.8372540854093716
16,relaxed,whole_video,6.4336803822106585,4.532214478022757,2,0.31859564049125744,-0.10395233821716508,primary_state_adjective,relaxed,0.73,-0.91,-0.189,-0.41140435950874255,0.8060476617828349,0.9049676127289717
16,scary,last_60s,1.3264445665318492,8.468775775173306,2,-0.8163456518818113,0.7708390611496235,primary_state_adjective,afraid,-0.977,0.352,-0.529,0.16065434811818868,0.41883906114962355,0.448593333336529
16,scary,whole_video,2.91744844860309,7.009655439630561,2,-0.4627892336437578,0.4465900976956802,primary_state_adjective,afraid,-0.977,0.352,-0.529,0.5142107663562422,0.09459009769568022,0.5228384060288152
17,amusing,last_60s,6.5595846000845786,5.423821069117025,2,0.3465743555743508,0.09418245980378338,primary_state_adjective,amused,0.884,0.694,0.192,-0.5374256444256492,-0.5998175401962166,0.8053616608787411
17,amusing,whole_video,5.871544894051077,4.6392639190541125,2,0.19367664312246152,-0.08016357354353056,primary_state_adjective,amused,0.884,0.694,0.192,-0.6903233568775384,-0.7741635735435305,1.0372442217975295
17,boring,last_60s,4.317319839159386,3.546006832500699,2,-0.15170670240902537,-0.32310959277762247,primary_state_adjective,bored,-0.694,-0.666,-0.608,0.5422932975909746,0.34289040722237757,0.6416041240338323
17,boring,whole_video,4.337250980867873,3.8490779366833796,2,-0.1472775598071393,-0.25576045851480456,primary_state_adjective,bored,-0.694,-0.666,-0.608,0.5467224401928606,0.4102395414851955,0.6835216953458167
17,relaxed,last_60s,4.632897698101857,4.906373892139903,2,-0.08157828931069844,-0.020805801746688286,primary_state_adjective,relaxed,0.73,-0.91,-0.189,-0.8115782893106984,0.8891941982533117,1.203879413349954
17,relaxed,whole_video,4.711593257443376,4.954182008035787,2,-0.06409038723480541,-0.010181775992047429,primary_state_adjective,relaxed,0.73,-0.91,-0.189,-0.7940903872348054,0.8998182240079526,1.2001051534576248
17,scary,last_60s,3.855438559507692,7.302491113454452,2,-0.25434698677606843,0.5116646918787671,primary_state_adjective,afraid,-0.977,0.352,-0.529,0.7226530132239315,0.15966469187876708,0.7400812059188974
17,scary,whole_video,4.375790401493639,6.536120889635374,2,-0.13871324411252475,0.34136019769674975,primary_state_adjective,afraid,-0.977,0.352,-0.529,0.8382867558874753,-0.010639802303250234,0.838354275046892
18,amusing,last_60s,6.854069137273594,5.690646901811249,2,0.4120153638385765,0.15347708929138865,primary_state_adjective,amused,0.884,0.694,0.192,-0.4719846361614235,-0.5405229107086114,0.7175893768537414
18,amusing,whole_video,6.369241825424861,5.6748508295371645,2,0.3042759612055246,0.14996685100825877,primary_state_adjective,amused,0.884,0.694,0.192,-0.5797240387944754,-0.5440331489917412,0.795016998785591
18,boring,last_60s,5.754870653504172,4.40405812997035,2,0.16774903411203823,-0.13243152667325553,primary_state_adjective,bored,-0.694,-0.666,-0.608,0.8617490341120382,0.5335684733267445,1.0135614009625977
18,boring,whole_video,5.697439178755518,4.610269014150495,2,0.1549864841678929,-0.0866068857443345,primary_state_adjective,bored,-0.694,-0.666,-0.608,0.8489864841678929,0.5793931142556655,1.0278494204632498
18,relaxed,last_60s,7.079220608709514,4.757763161945409,2,0.4620490241576698,-0.053830408456575815,primary_state_adjective,relaxed,0.73,-0.91,-0.189,-0.2679509758423302,0.8561695915434242,0.897119888832307
18,relaxed,whole_video,6.600198592376958,4.8477207775374165,2,0.35559968719487955,-0.03383982721390745,primary_state_adjective,relaxed,0.73,-0.91,-0.189,-0.3744003128051204,0.8761601727860926,0.9528023103483365
18,scary,last_60s,5.879338240875977,6.3565484840004105,2,0.19540849797243925,0.3014552186667579,primary_state_adjective,afraid,-0.977,0.352,-0.529,1.1724084979724392,-0.050544781333242084,1.173497533460559
18,scary,whole_video,5.758431436632042,5.899836003415285,2,0.16854031925156499,0.19996355631450768,primary_state_adjective,afraid,-0.977,0.352,-0.529,1.145540319251565,-0.1520364436854923,1.1555854374469718
19,amusing,last_60s,5.501161299581382,5.591341038606604,2,0.11136917768475148,0.13140911969035646,primary_state_adjective,amused,0.884,0.694,0.192,-0.7726308223152485,-0.5625908803096435,0.9557546161013907
19,amusing,whole_video,5.022270250588797,5.254641377757293,2,0.004948944575288137,0.05658697283495408,primary_state_adjective,amused,0.884,0.694,0.192,-0.8790510554247118,-0.6374130271650459,1.0858296944010177
19,boring,last_60s,4.850940512072739,5.0904277155812245,2,-0.03312433065050237,0.020095047906938786,primary_state_adjective,bored,-0.694,-0.666,-0.608,0.6608756693494976,0.6860950479069389,0.952619055604375
19,boring,whole_video,4.924653319551102,5.062204373063338,2,-0.016743706766421736,0.013823194014075094,primary_state_adjective,bored,-0.694,-0.666,-0.608,0.6772562932335782,0.6798231940140751,0.9596018246356065
19,relaxed,last_60s,6.831182731503111,5.126343516733479,2,0.40692949588958016,0.02807633705188432,primary_state_adjective,relaxed,0.73,-0.91,-0.189,-0.3230705041104198,0.9380763370518843,0.9921500716942177
19,relaxed,whole_video,6.9377851106733495,5.0716703385402235,2,0.43061891348296655,0.015926741897827452,primary_state_adjective,relaxed,0.73,-0.91,-0.189,-0.29938108651703343,0.9259267418978275,0.9731235103138992
19,scary,last_60s,1.1425150961007464,8.861882947866718,2,-0.8572188675331675,0.8581962106370484,primary_state_adjective,afraid,-0.977,0.352,-0.529,0.11978113246683253,0.5061962106370484,0.5201750891366714
19,scary,whole_video,2.8072443690974733,7.308298934066022,2,-0.48727902908945037,0.5129553186813381,primary_state_adjective,afraid,-0.977,0.352,-0.529,0.4897209709105496,0.16095531868133817,0.5154932045734284
20,amusing,last_60s,6.704231649189705,6.252004385128695,2,0.37871814426437883,0.27822319669526546,primary_state_adjective,amused,0.884,0.694,0.192,-0.5052818557356211,-0.4157768033047345,0.6543547232976445
20,amusing,whole_video,6.072535210236886,5.778946237546355,2,0.2383411578304191,0.17309916389919008,primary_state_adjective,amused,0.884,0.694,0.192,-0.6456588421695809,-0.5209008361008098,0.8295860543200365
20,boring,last_60s,5.905101861616217,4.847129822022888,2,0.20113374702582595,-0.03397115066158049,primary_state_adjective,bored,-0.694,-0.666,-0.608,0.8951337470258259,0.6320288493384195,1.0957759312288904
20,boring,whole_video,5.7033530780616175,4.628604836719028,2,0.1563006840136928,-0.08253225850688277,primary_state_adjective,bored,-0.694,-0.666,-0.608,0.8503006840136927,0.5834677414931173,1.0312351131518132
20,relaxed,last_60s,5.267265404678668,4.231465584205458,2,0.05939231215081521,-0.17078542573212038,primary_state_adjective,relaxed,0.73,-0.91,-0.189,-0.6706076878491848,0.7392145742678796,0.9980745752760523
20,relaxed,whole_video,5.280007605823217,4.3453672165407795,2,0.062223912405159294,-0.14547395187982678,primary_state_adjective,relaxed,0.73,-0.91,-0.189,-0.6677760875948406,0.7645260481201732,1.0150985082334234
20,scary,last_60s,2.5410289329291453,8.69265613817542,2,-0.5464380149046344,0.8205902529278712,primary_state_adjective,afraid,-0.977,0.352,-0.529,0.4305619850953656,0.46859025292787126,0.6363650274396513
20,scary,whole_video,3.3525661364271686,7.600374929602301,2,-0.3660964141272959,0.5778610954671781,primary_state_adjective,afraid,-0.977,0.352,-0.529,0.6109035858727041,0.22586109546717814,0.6513189891886787
21,amusing,last_60s,5.090487321258342,5.568668732125834,2,0.020108293612964918,0.1263708293612965,primary_state_adjective,amused,0.884,0.694,0.192,-0.863891706387035,-0.5676291706387034,1.0336884229419838
21,amusing,whole_video,5.042528583962989,5.215045922698195,2,0.009450796436219773,0.04778798282182114,primary_state_adjective,amused,0.884,0.694,0.192,-0.8745492035637802,-0.6462120171781788,1.0873942618018237
21,boring,last_60s,4.5905508801026595,2.07041041509806,2,-0.0909886933105201,-0.6510199077559867,primary_state_adjective,bored,-0.694,-0.666,-0.608,0.6030113066894799,0.01498009224401331,0.6031973467771499
21,boring,whole_video,4.684795970754047,2.8892913527325588,2,-0.07004533983243395,-0.4690463660594314,primary_state_adjective,bored,-0.694,-0.666,-0.608,0.623954660167566,0.19695363394056864,0.6543012699569046
21,relaxed,last_60s,5.148975381315539,4.837454859348155,2,0.03310564029234205,-0.03612114236707677,primary_state_adjective,relaxed,0.73,-0.91,-0.189,-0.6968943597076579,0.8738788576329233,1.1177325290113773
21,relaxed,whole_video,5.205570872853868,4.911165298644257,2,0.04568241618974847,-0.019741044745720596,primary_state_adjective,relaxed,0.73,-0.91,-0.189,-0.6843175838102515,0.8902589552542794,1.1228764682378654
21,scary,last_60s,4.768960052586459,6.578682159610993,2,-0.05134221053634253,0.3508182576913317,primary_state_adjective,afraid,-0.977,0.352,-0.529,0.9256577894636574,-0.0011817423086682988,0.9256585437998338
21,scary,whole_video,4.822978220756852,6.4233766878657805,2,-0.03933817316514402,0.3163059306368401,primary_state_adjective,afraid,-0.977,0.352,-0.529,0.937661826834856,-0.035694069363159886,0.9383409657960061
22,amusing,last_60s,5.69430559729231,6.290166158007428,2,0.1542901327316244,0.2867035906683173,primary_state_adjective,amused,0.884,0.694,0.192,-0.7297098672683756,-0.40729640933168265,0.8356834660583587
22,amusing,whole_video,6.616291917951351,5.900084155670585,2,0.35917598176696686,0.2000187012601301,primary_state_adjective,amused,0.884,0.694,0.192,-0.5248240182330332,-0.49398129873986985,0.7207341906826646
22,boring,last_60s,5.248726468453644,4.898902072191024,2,0.05527254854525429,-0.022466206179772366,primary_state_adjective,bored,-0.694,-0.666,-0.608,0.7492725485452543,0.6435337938202277,0.9876968643223262
22,boring,whole_video,5.097669156716337,4.930254952132472,2,0.021704257048074795,-0.015498899526117308,primary_state_adjective,bored,-0.694,-0.666,-0.608,0.7157042570480747,0.6505011004738828,0.9671526587227423
22,relaxed,last_60s,7.161457888465206,4.045182936129647,2,0.48032397521449016,-0.2121815697489673,primary_state_adjective,relaxed,0.73,-0.91,-0.189,-0.24967602478550982,0.6978184302510327,0.7411401209965022
22,relaxed,whole_video,7.219470560132345,4.686815356123972,2,0.4932156800294101,-0.06959658752800617,primary_state_adjective,relaxed,0.73,-0.91,-0.189,-0.2367843199705899,0.8404034124719939,0.8731235364359999
22,scary,last_60s,1.4785262159207195,7.430735931509618,2,-0.7825497297953956,0.5401635403354708,primary_state_adjective,afraid,-0.977,0.352,-0.529,0.19445027020460437,0.18816354033547078,0.27058533865348655
22,scary,whole_video,2.7084303926776885,6.691814722719489,2,-0.5092376905160693,0.3759588272709975,primary_state_adjective,afraid,-0.977,0.352,-0.529,0.4677623094839307,0.023958827270997518,0.46837549421158026
23,amusing,last_60s,7.7591620462834054,5.034893238804819,2,0.6131471213963123,0.007754053067737527,primary_state_adjective,amused,0.884,0.694,0.192,-0.2708528786036877,-0.6862459469322624,0.7377633641818097
23,amusing,whole_video,6.822147887510598,4.988369781442762,2,0.4049217527801328,-0.0025844930127196302,primary_state_adjective,amused,0.884,0.694,0.192,-0.4790782472198672,-0.6965844930127196,0.8454264739556291
23,boring,last_60s,3.3983586597594586,3.370815926379997,2,-0.3559202978312314,-0.36204090524888954,primary_state_adjective,bored,-0.694,-0.666,-0.608,0.33807970216876854,0.3039590947511105,0.4546306372215117
23,boring,whole_video,4.140707633468731,3.6298147647709014,2,-0.19095385922917096,-0.3044856078286886,primary_state_adjective,bored,-0.694,-0.666,-0.608,0.503046140770829,0.3615143921713114,0.6194740313293347
23,relaxed,last_60s,4.005663298379409,3.1751586272640617,2,-0.22096371147124236,-0.40552030505243075,primary_state_adjective,relaxed,0.73,-0.91,-0.189,-0.9509637114712424,0.5044796949475693,1.0764904751782771
23,relaxed,whole_video,4.456333205505603,3.536859871485105,2,-0.12081484322097719,-0.3251422507810877,primary_state_adjective,relaxed,0.73,-0.91,-0.189,-0.8508148432209772,0.5848577492189123,1.0324458747394694
23,scary,last_60s,4.24485224022879,7.297591466275916,2,-0.1678106132824912,0.510575881394648,primary_state_adjective,afraid,-0.977,0.352,-0.529,0.8091893867175088,0.15857588139464807,0.8245809685751592
23,scary,whole_video,4.530951357052677,6.52593895123492,2,-0.10423303176607174,0.33909754471887116,primary_state_adjective,afraid,-0.977,0.352,-0.529,0.8727669682339283,-0.012902455281128822,0.8728623340438767
24,amusing,last_60s,7.234550285986655,5.071808245948523,2,0.49656673021925674,0.015957387988560612,primary_state_adjective,amused,0.884,0.694,0.192,-0.3874332697807433,-0.6780426120114393,0.7809265792866148
24,amusing,whole_video,6.437402090176898,5.042049851537801,2,0.31942268670597723,0.009344411452844604,primary_state_adjective,amused,0.884,0.694,0.192,-0.5645773132940228,-0.6846555885471554,0.8874124281387707
24,boring,last_60s,4.389094367645107,2.889120404612661,2,-0.13575680718997615,-0.46908435453051983,primary_state_adjective,bored,-0.694,-0.666,-0.608,0.5582431928100238,0.1969156454694802,0.5919554322323526
24,boring,whole_video,4.623496973047143,3.322534291532463,2,-0.08366733932285718,-0.3727701574372304,primary_state_adjective,bored,-0.694,-0.666,-0.608,0.6103326606771428,0.2932298425627696,0.6771186729507812
24,relaxed,last_60s,6.055003199638234,4.391319235561888,2,0.23444515547516312,-0.13526239209735813,primary_state_adjective,relaxed,0.73,-0.91,-0.189,-0.4955548445248369,0.7747376079026419,0.9196700305167843
24,relaxed,whole_video,5.656693720963851,4.718143461945454,2,0.1459319379919669,-0.06263478623434358,primary_state_adjective,relaxed,0.73,-0.91,-0.189,-0.5840680620080331,0.8473652137656564,1.0291565996280334
24,scary,last_60s,3.2753631984317315,6.905537737995218,2,-0.38325262257072634,0.4234528306656039,primary_state_adjective,afraid,-0.977,0.352,-0.529,0.5937473774292736,0.07145283066560393,0.5980313162487962
24,scary,whole_video,4.021368254734818,6.424200695320485,2,-0.21747372117004046,0.31648904340455214,primary_state_adjective,afraid,-0.977,0.352,-0.529,0.7595262788299595,-0.03551095659544784,0.7603559668152865
25,amusing,last_60s,5.278352527686455,5.706347681862867,2,0.061856117263656744,0.15696615152508148,primary_state_adjective,amused,0.884,0.694,0.192,-0.8221438827363433,-0.5370338484749184,0.982000976745223
25,amusing,whole_video,5.193458998629243,5.571367625523481,2,0.042990888584276216,0.12697058344966253,primary_state_adjective,amused,0.884,0.694,0.192,-0.8410091114157238,-0.5670294165503375,1.014306997273351
25,boring,last_60s,4.477203410337092,2.5844439545001685,2,-0.11617701992509073,-0.5367902323332959,primary_state_adjective,bored,-0.694,-0.666,-0.608,0.5778229800749092,0.1292097676667041,0.5920933713217305
25,boring,whole_video,4.502147610566456,3.1620376668844816,2,-0.11063386431856534,-0.4084360740256707,primary_state_adjective,bored,-0.694,-0.666,-0.608,0.5833661356814346,0.2575639259743293,0.6376952440023367
25,relaxed,last_60s,6.238561212418675,3.2845696662167283,2,0.27523582498192783,-0.38120674084072703,primary_state_adjective,relaxed,0.73,-0.91,-0.189,-0.45476417501807215,0.528793259159273,0.6974473211735449
25,relaxed,whole_video,6.458984684907742,3.8506874949599905,2,0.32421881886838716,-0.2554027788977799,primary_state_adjective,relaxed,0.73,-0.91,-0.189,-0.4057811811316128,0.6545972211022202,0.7701661436568837
25,scary,last_60s,2.2483147044804577,7.935160819828406,2,-0.6114856212265649,0.652257959961868,primary_state_adjective,afraid,-0.977,0.352,-0.529,0.36551437877343507,0.300257959961868,0.47302812137397593
25,scary,whole_video,3.505486112998917,7.223133357388219,2,-0.3321141971113517,0.49402963497515984,primary_state_adjective,afraid,-0.977,0.352,-0.529,0.6448858028886483,0.14202963497515986,0.6603409089088103
26,amusing,last_60s,8.897343806524503,6.143019914116547,2,0.8660764014498896,0.2540044253592326,primary_state_adjective,amused,0.884,0.694,0.192,-0.017923598550110387,-0.43999557464076733,0.44036048992665605
26,amusing,whole_video,8.215694635715051,5.677626095430744,2,0.7145988079366781,0.15058357676238762,primary_state_adjective,amused,0.884,0.694,0.192,-0.16940119206332194,-0.5434164232376123,0.5692083738990795
26,boring,last_60s,4.335400224289227,3.112105071731209,2,-0.1476888390468384,-0.41953220628195353,primary_state_adjective,bored,-0.694,-0.666,-0.608,0.5463111609531616,0.2464677937180465,0.5993348462439279
26,boring,whole_video,4.634333571287717,3.7744359278831263,2,-0.08125920638050725,-0.2723475715815275,primary_state_adjective,bored,-0.694,-0.666,-0.608,0.6127407936194927,0.39365242841847253,0.7282949365231138
26,relaxed,last_60s,4.8427460200190655,4.146186415633938,2,-0.034945328884652106,-0.1897363520813471,primary_state_adjective,relaxed,0.73,-0.91,-0.189,-0.764945328884652,0.7202636479186529,1.0506764862199658
26,relaxed,whole_video,5.09393489060342,4.566985653051546,2,0.0208744201340934,-0.09622541043298977,primary_state_adjective,relaxed,0.73,-0.91,-0.189,-0.7091255798659066,0.8137745895670103,1.0793925007359995
26,scary,last_60s,3.110852546221263,7.893496654323144,2,-0.41981054528416384,0.6429992565162542,primary_state_adjective,afraid,-0.977,0.352,-0.529,0.5571894547158361,0.29099925651625425,0.6286021442371507
26,scary,whole_video,3.981352638922871,6.974132309380453,2,-0.22636608023936203,0.43869606875121175,primary_state_adjective,afraid,-0.977,0.352,-0.529,0.750633919760638,0.08669606875121177,0.755623907663154
27,amusing,last_60s,6.953499194653791,5.819293287542606,2,0.43411093214528684,0.18206517500946795,primary_state_adjective,amused,0.884,0.694,0.192,-0.44988906785471316,-0.511934824990532,0.6815258163952921
27,amusing,whole_video,6.349023694663116,5.362448730131421,2,0.29978304325847027,0.08054416225142684,primary_state_adjective,amused,0.884,0.694,0.192,-0.5842169567415297,-0.6134558377485732,0.8471348873775286
27,boring,last_60s,5.106864715929465,2.736041371384321,2,0.023747714650992197,-0.503101917470151,primary_state_adjective,bored,-0.694,-0.666,-0.608,0.7177477146509922,0.16289808252984905,0.736001064658621
27,boring,whole_video,5.123920263226009,3.235123019287702,2,0.02753783627244645,-0.39219488460273294,primary_state_adjective,bored,-0.694,-0.666,-0.608,0.7215378362724464,0.2738051153972671,0.7717422434922391
27,relaxed,last_60s,6.433075476644424,3.7123678265014295,2,0.31846121703209423,-0.2861404829996823,primary_state_adjective,relaxed,0.73,-0.91,-0.189,-0.41153878296790575,0.6238595170003177,0.7473719735436798
27,relaxed,whole_video,6.327627902226423,4.174105297570715,2,0.2950284227169829,-0.18353215609539675,primary_state_adjective,relaxed,0.73,-0.91,-0.189,-0.4349715772830171,0.7264678439046033,0.8467324260186796
27,scary,last_60s,1.8998447361426973,6.984024856807739,2,-0.6889233919682894,0.440894412623942,primary_state_adjective,afraid,-0.977,0.352,-0.529,0.28807660803171053,0.08889441262394204,0.3014802625227918
27,scary,whole_video,2.6742901638491747,6.426107454371824,2,-0.5168244080335167,0.31691276763818305,primary_state_adjective,afraid,-0.977,0.352,-0.529,0.4601755919664833,-0.035087232361816934,0.4615113100634864
28,amusing,last_60s,6.751449475691134,6.100926787416588,2,0.3892109945980297,0.24465039720368628,primary_state_adjective,amused,0.884,0.694,0.192,-0.4947890054019703,-0.44934960279631364,0.6683795519013698
28,amusing,whole_video,5.944852777971267,5.151337516538049,2,0.2099672839936149,0.03363055923067747,primary_state_adjective,amused,0.884,0.694,0.192,-0.6740327160063851,-0.6603694407693225,0.9436142752994636
28,boring,last_60s,4.418960343183985,4.129983341277407,2,-0.12911992373689232,-0.19333703527168725,primary_state_adjective,bored,-0.694,-0.666,-0.608,0.5648800762631077,0.4726629647283128,0.736545842962115
28,boring,whole_video,4.69472627185273,4.24140382297375,2,-0.06783860625494892,-0.16857692822805564,primary_state_adjective,bored,-0.694,-0.666,-0.608,0.626161393745051,0.4974230717719444,0.7996923179247014
28,relaxed,last_60s,3.930753670162059,4.602335986653956,2,-0.23761029551954246,-0.08836978074356534,primary_state_adjective,relaxed,0.73,-0.91,-0.189,-0.9676102955195425,0.8216302192564346,1.2693880026181092
28,relaxed,whole_video,4.787562925458649,4.7832886721613885,2,-0.047208238786966956,-0.04815807285302477,primary_state_adjective,relaxed,0.73,-0.91,-0.189,-0.777208238786967,0.8618419271469753,1.1605275325586857
28,scary,last_60s,4.710229769236292,7.5751724986139415,2,-0.06439338461415724,0.5722605552475426,primary_state_adjective,afraid,-0.977,0.352,-0.529,0.9126066153858428,0.22026055524754262,0.9388107086329807
28,scary,whole_video,4.847458060835258,6.659801402732452,2,-0.03389820870327595,0.368844756162767,primary_state_adjective,afraid,-0.977,0.352,-0.529,0.943101791296724,0.01684475616276704,0.9432522115305496
29,amusing,last_60s,5.714731433328218,5.145679559520659,2,0.1588292074062707,0.03237323544903524,primary_state_adjective,amused,0.884,0.694,0.192,-0.7251707925937293,-0.6616267645509647,0.981642834233101
29,amusing,whole_video,5.392224086850776,5.108714834517421,2,0.08716090818906135,0.024158852114982525,primary_state_adjective,amused,0.884,0.694,0.192,-0.7968390918109387,-0.6698411478850175,1.0409801639022713
29,boring,last_60s,5.0,5.029255247056533,2,0.0,0.006501166012562799,primary_state_adjective,bored,-0.694,-0.666,-0.608,0.694,0.6725011660125628,0.9663818180658494
29,boring,whole_video,5.057950932435653,4.972577294416926,2,0.012877984985700685,-0.0060939345740165,primary_state_adjective,bored,-0.694,-0.666,-0.608,0.7068779849857006,0.6599060654259835,0.9670328333843928
29,relaxed,last_60s,5.268157030505243,5.02977828884652,2,0.05959045122338738,0.006617397521448964,primary_state_adjective,relaxed,0.73,-0.91,-0.189,-0.6704095487766126,0.916617397521449,1.135621599182516
29,relaxed,whole_video,5.40396864736576,5.02483989739825,2,0.08977081052572444,0.005519977199611109,primary_state_adjective,relaxed,0.73,-0.91,-0.189,-0.6402291894742755,0.9155199771996111,1.1171706421610192
29,scary,last_60s,3.886732426780574,5.498177962953827,2,-0.24739279404876136,0.11070621398973933,primary_state_adjective,afraid,-0.977,0.352,-0.529,0.7296072059512386,-0.24129378601026064,0.768472098480575
29,scary,whole_video,4.413713875345307,5.356572822520091,2,-0.13028580547882068,0.07923840500446468,primary_state_adjective,afraid,-0.977,0.352,-0.529,0.8467141945211794,-0.2727615949955353,0.8895638340828375
30,amusing,last_60s,6.737973141086749,7.652890276453766,2,0.386216253574833,0.5895311725452813,primary_state_adjective,amused,0.884,0.694,0.192,-0.497783746425167,-0.10446882745471864,0.5086279525496399
30,amusing,whole_video,6.653885700123395,6.373557970782983,2,0.3675301555829766,0.3052351046184406,primary_state_adjective,amused,0.884,0.694,0.192,-0.5164698444170235,-0.38876489538155934,0.6464358004266002
30,boring,last_60s,6.006726072449952,4.960650738798856,2,0.22371690498887828,-0.008744280266920867,primary_state_adjective,bored,-0.694,-0.666,-0.608,0.9177169049888783,0.6572557197330792,1.1287999817612568
30,boring,whole_video,5.81532296013728,4.853155576843374,2,0.18118288003050667,-0.03263209403480576,primary_state_adjective,bored,-0.694,-0.666,-0.608,0.8751828800305066,0.6333679059651943,1.080324015194158
30,relaxed,last_60s,6.002119843686093,4.711746367794433,2,0.22269329859690956,-0.06405636271234824,primary_state_adjective,relaxed,0.73,-0.91,-0.189,-0.5073067014030904,0.8459436372876518,0.9863978541926917
30,relaxed,whole_video,5.907292048479279,4.744852553446958,2,0.20162045521761762,-0.05669943256734259,primary_state_adjective,relaxed,0.73,-0.91,-0.189,-0.5283795447823824,0.8533005674326575,1.0036467514645444
30,scary,last_60s,0.904670328884652,8.085549073127352,2,-0.9100732602478551,0.6856775718060781,primary_state_adjective,afraid,-0.977,0.352,-0.529,0.06692673975214491,0.33367757180607815,0.34032324401993436
30,scary,whole_video,2.3423419079312042,6.919824994466074,2,-0.5905906871263991,0.4266277765480165,primary_state_adjective,afraid,-0.977,0.352,-0.529,0.3864093128736009,0.0746277765480165,0.39354982163374064
1,amusing,last_60s,8.925229007967395,6.762072588294503,2,0.8722731128816434,0.39157168628766725,sensitivity_state_noun,amusement,0.858,0.674,0.606,0.014273112881643457,-0.2824283137123328,0.2827887447154218
1,amusing,whole_video,7.908278190131238,6.409014980690223,2,0.6462840422513862,0.31311444015338297,sensitivity_state_noun,amusement,0.858,0.674,0.606,-0.21171595774861374,-0.3608855598466171,0.4184041515941483
1,boring,last_60s,5.875065808494686,3.375686354294292,2,0.1944590685543746,-0.3609585879346018,sensitivity_state_noun,boredom,-0.666,-0.722,-0.49,0.8604590685543746,0.3610414120653982,0.9331348830065451
1,boring,whole_video,6.08838985511918,3.994666241203575,2,0.2418644122487067,-0.2234075019547611,sensitivity_state_noun,boredom,-0.666,-0.722,-0.49,0.9078644122487067,0.49859249804523886,1.0357665133294671
1,relaxed,last_60s,4.736469851385529,5.601608677790755,2,-0.05856225524766027,0.1336908172868344,sensitivity_state_noun,relaxation,0.746,-0.524,-0.238,-0.8045622552476602,0.6576908172868344,1.0391716093661458
1,relaxed,whole_video,5.140010735630527,5.490291838018596,2,0.031113496806783856,0.1089537417819102,sensitivity_state_noun,relaxation,0.746,-0.524,-0.238,-0.7148865031932161,0.6329537417819102,0.9548262416186232
1,scary,last_60s,0.6486526373130157,9.009958569204827,2,-0.9669660805971075,0.8911019042677393,sensitivity_state_noun,fear,-0.854,0.68,-0.414,-0.11296608059710755,0.21110190426773923,0.23942712743325043
1,scary,whole_video,2.1336715073643697,7.771833523474246,2,-0.6369618872523622,0.6159630052164992,sensitivity_state_noun,fear,-0.854,0.68,-0.414,0.21703811274763773,-0.06403699478350089,0.22628804450513604
2,amusing,last_60s,5.455839775977122,5.658940133460439,2,0.10129772799491595,0.14643114076898633,sensitivity_state_noun,amusement,0.858,0.674,0.606,-0.756702272005084,-0.5275688592310137,0.9224571695683054
2,amusing,whole_video,5.580022936532373,5.182043936138146,2,0.1288939858960829,0.040454208030699074,sensitivity_state_noun,amusement,0.858,0.674,0.606,-0.7291060141039171,-0.6335457919693009,0.9659067503255736
2,boring,last_60s,5.133947283126787,3.9373387988560538,2,0.029766062917063765,-0.2361469335875436,sensitivity_state_noun,boredom,-0.666,-0.722,-0.49,0.6957660629170638,0.4858530664124564,0.8486127600086498
2,boring,whole_video,5.13853191311663,4.162277591285338,2,0.030784869581473293,-0.186160535269925,sensitivity_state_noun,boredom,-0.666,-0.722,-0.49,0.6967848695814733,0.535839464730075,0.8789954985322076
2,relaxed,last_60s,5.861782027762252,3.9410599338819847,2,0.1915071172805004,-0.2353200146928923,sensitivity_state_noun,relaxation,0.746,-0.524,-0.238,-0.5544928827194996,0.2886799853071077,0.6251387773154795
2,relaxed,whole_video,5.77522029609167,4.083567479524327,2,0.17227117690926008,-0.20365167121681615,sensitivity_state_noun,relaxation,0.746,-0.524,-0.238,-0.5737288230907399,0.32034832878318387,0.6571056339731568
2,scary,last_60s,2.144321609033029,8.227406974814404,2,-0.6345951979926602,0.7172015499587564,sensitivity_state_noun,fear,-0.854,0.68,-0.414,0.2194048020073398,0.03720154995875635,0.22253633964639083
2,scary,whole_video,2.9553373867297754,7.632993508330866,2,-0.4543694696156055,0.5851096685179703,sensitivity_state_noun,fear,-0.854,0.68,-0.414,0.3996305303843945,-0.09489033148202974,0.41074168990264665
3,amusing,last_60s,7.296002755016692,6.670524758636645,2,0.5102228344481539,0.37122772414147676,sensitivity_state_noun,amusement,0.858,0.674,0.606,-0.3477771655518461,-0.3027722758585233,0.4611073713440568
3,amusing,whole_video,7.133582794391783,6.106286538735366,2,0.4741295098648407,0.24584145305230365,sensitivity_state_noun,amusement,0.858,0.674,0.606,-0.3838704901351593,-0.4281585469476964,0.5750446022014033
3,boring,last_60s,5.307141086749285,2.9588137273593897,2,0.06825357483317439,-0.4535969494756912,sensitivity_state_noun,boredom,-0.666,-0.722,-0.49,0.7342535748331744,0.2684030505243088,0.7817726713604478
3,boring,whole_video,5.129666246511368,3.35800128352741,2,0.028814721446970677,-0.36488860366057563,sensitivity_state_noun,boredom,-0.666,-0.722,-0.49,0.6948147214469708,0.35711139633942435,0.7812144689743815
3,relaxed,last_60s,6.217983504366126,3.8601185108181193,2,0.2706630009702502,-0.25330699759597347,sensitivity_state_noun,relaxation,0.746,-0.524,-0.238,-0.4753369990297498,0.27069300240402655,0.54701002202621
3,relaxed,whole_video,6.0241660508126245,4.314314447350634,2,0.22759245573613876,-0.1523745672554146,sensitivity_state_noun,relaxation,0.746,-0.524,-0.238,-0.5184075442638613,0.3716254327445854,0.6378493899129226
3,scary,last_60s,2.142949077346897,8.64216606944208,2,-0.6349002050340229,0.8093702376537956,sensitivity_state_noun,fear,-0.854,0.68,-0.414,0.2190997949659771,0.12937023765379552,0.2544432717615711
3,scary,whole_video,2.7685913735749947,8.05879968383008,2,-0.4958685836500012,0.6797332630733509,sensitivity_state_noun,fear,-0.854,0.68,-0.414,0.3581314163499988,-0.00026673692664913595,0.35813151568305773
4,amusing,last_60s,6.839370352716873,5.946538965681602,2,0.40874896727041626,0.21034199237368925,sensitivity_state_noun,amusement,0.858,0.674,0.606,-0.4492510327295837,-0.4636580076263108,0.6456045526826756
4,amusing,whole_video,6.4658396551771435,6.063374941088149,2,0.32574214559492076,0.23630554246403315,sensitivity_state_noun,amusement,0.858,0.674,0.606,-0.5322578544050792,-0.4376944575359669,0.6891116467841788
4,boring,last_60s,6.126238004900351,5.925448579790913,2,0.25027511220007803,0.2056552399535363,sensitivity_state_noun,boredom,-0.666,-0.722,-0.49,0.9162751122000781,0.9276552399535363,1.303880487410759
4,boring,whole_video,5.711259730340032,5.292796255092431,2,0.15805771785334047,0.06506583446498462,sensitivity_state_noun,boredom,-0.666,-0.722,-0.49,0.8240577178533405,0.7870658344649846,1.1395366383472354
4,relaxed,last_60s,5.258352450822937,4.33787873525841,2,0.05741165573843037,-0.14713805883146452,sensitivity_state_noun,relaxation,0.746,-0.524,-0.238,-0.6885883442615697,0.3768619411685355,0.7849705921588442
4,relaxed,whole_video,4.849124254036554,4.53213667591263,2,-0.033527943547432396,-0.10396962757497105,sensitivity_state_noun,relaxation,0.746,-0.524,-0.238,-0.7795279435474324,0.42003037242502894,0.8854881865563184
4,scary,last_60s,1.1006604142632364,7.917147462355427,2,-0.866519907941503,0.6482549916345393,sensitivity_state_noun,fear,-0.854,0.68,-0.414,-0.012519907941503039,-0.03174500836546079,0.034124678034919045
4,scary,whole_video,2.1018341101322946,7.123577643296979,2,-0.6440368644150456,0.4719061429548843,sensitivity_state_noun,fear,-0.854,0.68,-0.414,0.20996313558495439,-0.20809385704511574,0.2956138894649218
5,amusing,last_60s,7.205106816015253,5.502012178265014,2,0.4900237368922785,0.11155826183666978,sensitivity_state_noun,amusement,0.858,0.674,0.606,-0.36797626310772147,-0.5624417381633302,0.6721214466440653
5,amusing,whole_video,6.456981807208725,4.934205904412957,2,0.3237737349352721,-0.01462091013045392,sensitivity_state_noun,amusement,0.858,0.674,0.606,-0.5342262650647278,-0.688620910130454,0.8715483120022112
5,boring,last_60s,5.234881410867493,2.162498403241182,2,0.05219586908166502,-0.6305559103908485,sensitivity_state_noun,boredom,-0.666,-0.722,-0.49,0.7181958690816651,0.09144408960915151,0.7239940109492721
5,boring,whole_video,5.438697919034398,2.816844986188503,2,0.0974884264520885,-0.4851455586247771,sensitivity_state_noun,boredom,-0.666,-0.722,-0.49,0.7634884264520885,0.23685444137522288,0.7993838900837663
5,relaxed,last_60s,6.468026692087703,2.924327740705434,2,0.3262281537972673,-0.46126050206545904,sensitivity_state_noun,relaxation,0.746,-0.524,-0.238,-0.4197718462027327,0.06273949793454098,0.4244345031515805
5,relaxed,whole_video,6.20042598994693,3.690257234989941,2,0.26676133109931777,-0.2910539477800131,sensitivity_state_noun,relaxation,0.746,-0.524,-0.238,-0.47923866890068223,0.23294605221998693,0.5328541686189333
5,scary,last_60s,0.8678983376329471,9.062361777175497,2,-0.9182448138593452,0.9027470615945548,sensitivity_state_noun,fear,-0.854,0.68,-0.414,-0.06424481385934522,0.2227470615945547,0.23182676626487778
5,scary,whole_video,2.1597033198647733,7.646125632358042,2,-0.6311770400300504,0.5880279183017871,sensitivity_state_noun,fear,-0.854,0.68,-0.414,0.2228229599699496,-0.09197208169821292,0.24105795009016506
6,amusing,last_60s,6.617428216534911,5.439066109587669,2,0.3594284925633136,0.09757024657503759,sensitivity_state_noun,amusement,0.858,0.674,0.606,-0.4985715074366864,-0.5764297534249625,0.7621317528231276
6,amusing,whole_video,6.384579061471895,5.23803100124907,2,0.30768423588264326,0.052895778055348806,sensitivity_state_noun,amusement,0.858,0.674,0.606,-0.5503157641173567,-0.6211042219446512,0.8298300396789338
6,boring,last_60s,3.285518017159199,3.279490705433746,2,-0.38099599618684465,-0.3823353987925009,sensitivity_state_noun,boredom,-0.666,-0.722,-0.49,0.2850040038131554,0.3396646012074991,0.4433952226884932
6,boring,whole_video,3.703437888350714,3.6685932197707407,2,-0.28812491369984133,-0.29586817338427984,sensitivity_state_noun,boredom,-0.666,-0.722,-0.49,0.3778750863001587,0.42613182661572013,0.569541846137053
6,relaxed,last_60s,6.570378859439121,4.074269228220231,2,0.34897307987536014,-0.20571794928439305,sensitivity_state_noun,relaxation,0.746,-0.524,-0.238,-0.39702692012463986,0.318282050715607,0.5088554206367358
6,relaxed,whole_video,6.374436229552512,4.423451310009551,2,0.3054302732338916,-0.1281219311089886,sensitivity_state_noun,relaxation,0.746,-0.524,-0.238,-0.4405697267661084,0.3958780688910114,0.5923015529032823
6,scary,last_60s,3.5091909675881787,7.1113602478551,2,-0.33129089609151585,0.4691911661900223,sensitivity_state_noun,fear,-0.854,0.68,-0.414,0.5227091039084841,-0.21080883380997772,0.5636179306242246
6,scary,whole_video,4.319053312189784,6.381382638736902,2,-0.1513214861800481,0.30697391971931154,sensitivity_state_noun,fear,-0.854,0.68,-0.414,0.7026785138199518,-0.3730260802806885,0.7955536124949663
7,amusing,last_60s,6.266633919957869,5.372590888908116,2,0.2814742044350819,0.0827979753129146,sensitivity_state_noun,amusement,0.858,0.674,0.606,-0.5765257955649181,-0.5912020246870855,0.8257734719315407
7,amusing,whole_video,5.76081444248209,5.146572590197182,2,0.1690698761071311,0.032571686710484826,sensitivity_state_noun,amusement,0.858,0.674,0.606,-0.6889301238928689,-0.6414283132895152,0.941304943520683
7,boring,last_60s,5.173040999198546,4.196523640663067,2,0.03845355537745476,-0.1785503020748741,sensitivity_state_noun,boredom,-0.666,-0.722,-0.49,0.7044535553774548,0.5434496979251259,0.8897147778130065
7,boring,whole_video,5.1478306751366745,4.419310616179344,2,0.032851261141483214,-0.12904208529347905,sensitivity_state_noun,boredom,-0.666,-0.722,-0.49,0.6988512611414832,0.5929579147065209,0.9165108694457187
7,relaxed,last_60s,5.906662917063871,5.050208317445186,2,0.20148064823641576,0.011157403876708038,sensitivity_state_noun,relaxation,0.746,-0.524,-0.238,-0.5445193517635842,0.5351574038767081,0.7634754556428727
7,relaxed,whole_video,5.976738086607966,5.118598618819778,2,0.2170529081351036,0.02635524862661735,sensitivity_state_noun,relaxation,0.746,-0.524,-0.238,-0.5289470918648964,0.5503552486266173,0.7633321201699802
7,scary,last_60s,4.174589739920699,7.7823615934314505,2,-0.18342450223984466,0.6183025763181001,sensitivity_state_noun,fear,-0.854,0.68,-0.414,0.6705754977601553,-0.0616974236818999,0.673407803849394
7,scary,whole_video,4.373127595691704,6.661853515357416,2,-0.13930497873517686,0.3693007811905369,sensitivity_state_noun,fear,-0.854,0.68,-0.414,0.7146950212648231,-0.31069921880946316,0.7793092954594707
8,amusing,last_60s,8.214024261201144,6.634482578646329,2,0.7142276136002543,0.3632183508102954,sensitivity_state_noun,amusement,0.858,0.674,0.606,-0.14377238639974566,-0.31078164918970463,0.34242624397693355
8,amusing,whole_video,7.96203602717725,6.215482043912278,2,0.6582302282616111,0.2701071208693951,sensitivity_state_noun,amusement,0.858,0.674,0.606,-0.19976977173838883,-0.40389287913060495,0.45059673713068255
8,boring,last_60s,6.1117714728312675,2.5996064823641563,2,0.24706032729583724,-0.5334207816968541,sensitivity_state_noun,boredom,-0.666,-0.722,-0.49,0.9130603272958373,0.18857921830314583,0.9323311015178068
8,boring,whole_video,6.2258680391849275,3.2298031164816168,2,0.2724151198188728,-0.3933770852263074,sensitivity_state_noun,boredom,-0.666,-0.722,-0.49,0.9384151198188728,0.3286229147736926,0.9942916861862152
8,relaxed,last_60s,6.493729313632031,2.6212882745471884,2,0.3319398474737846,-0.5286026056561803,sensitivity_state_noun,relaxation,0.746,-0.524,-0.238,-0.4140601525262154,-0.004602605656180314,0.41408573253477243
8,relaxed,whole_video,6.180645930835521,3.5346599645271812,2,0.2623657624078935,-0.32563111899395975,sensitivity_state_noun,relaxation,0.746,-0.524,-0.238,-0.4836342375921065,0.19836888100604028,0.5227353907311869
8,scary,last_60s,0.9409552844720458,8.947235716767466,2,-0.9020099367839899,0.8771634926149924,sensitivity_state_noun,fear,-0.854,0.68,-0.414,-0.048009936783989904,0.19716349261499233,0.20292460878401328
8,scary,whole_video,2.243823044887686,7.856897125309457,2,-0.6124837678027365,0.634866027846546,sensitivity_state_noun,fear,-0.854,0.68,-0.414,0.24151623219726348,-0.04513397215345405,0.24569730535175036
9,amusing,last_60s,6.946883102955194,3.6871219256434697,2,0.43264068954559876,-0.29175068319034003,sensitivity_state_noun,amusement,0.858,0.674,0.606,-0.42535931045440123,-0.9657506831903401,1.055274810214312
9,amusing,whole_video,6.221581916381451,4.114948820369667,2,0.27146264808476694,-0.1966780399178517,sensitivity_state_noun,amusement,0.858,0.674,0.606,-0.586537351915233,-0.8706780399178518,1.0498125139218557
9,boring,last_60s,5.167370645717693,3.38862973527902,2,0.037193476826153926,-0.3580822810491067,sensitivity_state_noun,boredom,-0.666,-0.722,-0.49,0.703193476826154,0.36391771895089325,0.7917810126652924
9,boring,whole_video,5.232360429457347,3.7695545423939563,2,0.05163565099052154,-0.27343232391245414,sensitivity_state_noun,boredom,-0.666,-0.722,-0.49,0.7176356509905216,0.44856767608754583,0.8462942086551054
9,relaxed,last_60s,6.131242516682555,4.467004742612011,2,0.2513872259294566,-0.11844339053066417,sensitivity_state_noun,relaxation,0.746,-0.524,-0.238,-0.4946127740705434,0.40555660946933586,0.6396232951964944
9,relaxed,whole_video,5.956658758064355,4.412431713620057,2,0.2125908351254123,-0.130570730306654,sensitivity_state_noun,relaxation,0.746,-0.524,-0.238,-0.5334091648745877,0.393429269693346,0.6628061009251836
9,scary,last_60s,2.5666302192564343,6.480106482364156,2,-0.5407488401652368,0.3289125516364791,sensitivity_state_noun,fear,-0.854,0.68,-0.414,0.31325115983476315,-0.35108744836352096,0.4705195910227674
9,scary,whole_video,3.5550570124286143,6.183281506131724,2,-0.32109844168253016,0.2629514458070498,sensitivity_state_noun,fear,-0.854,0.68,-0.414,0.5329015583174699,-0.4170485541929502,0.6766931116921598
10,amusing,last_60s,6.367125743807797,5.285141761902793,2,0.3038057208461772,0.06336483597839838,sensitivity_state_noun,amusement,0.858,0.674,0.606,-0.5541942791538228,-0.6106351640216017,0.8246251285199316
10,amusing,whole_video,5.792989856674062,5.376337627785271,2,0.17621996814979152,0.0836305839522825,sensitivity_state_noun,amusement,0.858,0.674,0.606,-0.6817800318502085,-0.5903694160477175,0.9018647677086594
10,boring,last_60s,5.903209199237369,3.320373999046711,2,0.20071315538608203,-0.3732502224340642,sensitivity_state_noun,boredom,-0.666,-0.722,-0.49,0.8667131553860821,0.3487497775659358,0.9342473446960331
10,boring,whole_video,5.524762902521357,3.7015922373206633,2,0.11661397833807936,-0.28853505837318594,sensitivity_state_noun,boredom,-0.666,-0.722,-0.49,0.7826139783380794,0.43346494162681404,0.8946376331843486
10,relaxed,last_60s,6.745475224924537,4.354919850046464,2,0.3878833833165637,-0.1433511444341191,sensitivity_state_noun,relaxation,0.746,-0.524,-0.238,-0.3581166166834363,0.3806488555658809,0.5226289911480285
10,relaxed,whole_video,6.6316214359285155,4.375237788627869,2,0.3625825413174479,-0.13883604697158466,sensitivity_state_noun,relaxation,0.746,-0.524,-0.238,-0.3834174586825521,0.38516395302841533,0.5434705312480722
10,scary,last_60s,2.521729035397308,8.421478814805155,2,-0.5507268810228205,0.7603286255122568,sensitivity_state_noun,fear,-0.854,0.68,-0.414,0.30327311897717946,0.08032862551225672,0.31373121102439716
10,scary,whole_video,3.779154040074851,6.999758878295636,2,-0.2712991022055886,0.4443908618434747,sensitivity_state_noun,fear,-0.854,0.68,-0.414,0.5827008977944114,-0.23560913815652534,0.6285316239245832
11,amusing,last_60s,5.94062971218071,4.942945798075295,2,0.20902882492904673,-0.012678711538823408,sensitivity_state_noun,amusement,0.858,0.674,0.606,-0.6489711750709533,-0.6866787115388234,0.9448233903505949
11,amusing,whole_video,5.712264907951244,4.9413344043073,2,0.15828109065583204,-0.013036799042822227,sensitivity_state_noun,amusement,0.858,0.674,0.606,-0.6997189093441679,-0.6870367990428222,0.9806253695131486
11,boring,last_60s,4.185054568988615,2.7708396817613345,2,-0.18109898466919658,-0.49536895960859234,sensitivity_state_noun,boredom,-0.666,-0.722,-0.49,0.48490101533080343,0.22663104039140763,0.5352481883553983
11,boring,whole_video,4.564761970494525,3.022305493879265,2,-0.09671956211232786,-0.43948766802683004,sensitivity_state_noun,boredom,-0.666,-0.722,-0.49,0.5692804378876721,0.28251233197316994,0.6355261085734388
11,relaxed,last_60s,5.013289279296936,4.374558582064335,2,0.0029531731770969178,-0.13898698176348112,sensitivity_state_noun,relaxation,0.746,-0.524,-0.238,-0.7430468268229031,0.3850130182365189,0.8368713228825442
11,relaxed,whole_video,5.255064624228041,4.316099943641435,2,0.05668102760623128,-0.1519777903019034,sensitivity_state_noun,relaxation,0.746,-0.524,-0.238,-0.6893189723937687,0.37202220969809663,0.7833014555141946
11,scary,last_60s,4.85029900943971,6.318810847423611,2,-0.033266886791175544,0.29306907720524694,sensitivity_state_noun,fear,-0.854,0.68,-0.414,0.8207331132088245,-0.3869309227947531,0.9073689338589063
11,scary,whole_video,4.98259147841118,6.177853708774256,2,-0.0038685603530710625,0.2617452686165013,sensitivity_state_noun,fear,-0.854,0.68,-0.414,0.8501314396469289,-0.4182547313834987,0.9474494630326425
12,amusing,last_60s,7.486814180171592,6.943974547187798,2,0.5526253733714649,0.4319943438195107,sensitivity_state_noun,amusement,0.858,0.674,0.606,-0.3053746266285351,-0.24200565618048936,0.3896413738450608
12,amusing,whole_video,6.45367108266182,5.913193768096689,2,0.3230380183692934,0.2029319484659309,sensitivity_state_noun,amusement,0.858,0.674,0.606,-0.5349619816307065,-0.47106805153406917,0.7128039218230753
12,boring,last_60s,5.043004823112842,3.1840802250604447,2,0.009556627358409267,-0.4035377277643456,sensitivity_state_noun,boredom,-0.666,-0.722,-0.49,0.6755566273584093,0.3184622722356544,0.7468567303073359
12,boring,whole_video,5.104386677659571,3.6182823819836303,2,0.023197039479904664,-0.3070483595591933,sensitivity_state_noun,boredom,-0.666,-0.722,-0.49,0.6891970394799047,0.4149516404408067,0.8044733824884338
12,relaxed,last_60s,6.813708770257389,5.398093708293613,2,0.40304639339053083,0.08846526850969186,sensitivity_state_noun,relaxation,0.746,-0.524,-0.238,-0.34295360660946916,0.6124652685096919,0.7019479193053367
12,relaxed,whole_video,6.552109285370611,5.231666307866064,2,0.34491317452680254,0.0514814017480142,sensitivity_state_noun,relaxation,0.746,-0.524,-0.238,-0.40108682547319746,0.5754814017480142,0.701462390528549
12,scary,last_60s,3.595553002859867,7.454196758817922,2,-0.3120993326978074,0.5453770575150938,sensitivity_state_noun,fear,-0.854,0.68,-0.414,0.5419006673021927,-0.13462294248490625,0.5583723398108613
12,scary,whole_video,3.7684095827997894,6.6516430422348405,2,-0.27368675937782455,0.3670317871632979,sensitivity_state_noun,fear,-0.854,0.68,-0.414,0.5803132406221754,-0.3129682128367022,0.659327353814181
13,amusing,last_60s,8.365409115735,5.224594375774995,2,0.7478686923855555,0.04990986128333219,sensitivity_state_noun,amusement,0.858,0.674,0.606,-0.11013130761444445,-0.6240901387166679,0.633732913900057
13,amusing,whole_video,7.761601310247977,5.083838764087109,2,0.6136891800551061,0.01863083646380205,sensitivity_state_noun,amusement,0.858,0.674,0.606,-0.2443108199448939,-0.655369163536198,0.6994258482900687
13,boring,last_60s,4.301200047664443,4.759079623450906,2,-0.1552888782967905,-0.05353786145535425,sensitivity_state_noun,boredom,-0.666,-0.722,-0.49,0.5107111217032095,0.6684621385446458,0.841229742994761
13,boring,whole_video,4.666175950595601,4.917164060743934,2,-0.07418312208986638,-0.018407986501348006,sensitivity_state_noun,boredom,-0.666,-0.722,-0.49,0.5918168779101336,0.703592013498652,0.9193959639015092
13,relaxed,last_60s,5.611938118057548,3.8527666636520266,2,0.1359862484572329,-0.25494074141066075,sensitivity_state_noun,relaxation,0.746,-0.524,-0.238,-0.610013751542767,0.26905925858933927,0.666715577817052
13,relaxed,whole_video,5.4040826413502305,4.306153736813627,2,0.08979614252227346,-0.15418805848586065,sensitivity_state_noun,relaxation,0.746,-0.524,-0.238,-0.6562038574777266,0.3698119415141394,0.7532359355840013
13,scary,last_60s,2.8952602542316144,7.248978189771433,2,-0.4677199435040857,0.4997729310603185,sensitivity_state_noun,fear,-0.854,0.68,-0.414,0.3862800564959143,-0.18022706893968155,0.4262558837424716
13,scary,whole_video,3.680795803552998,6.684518691713192,2,-0.29315648809933376,0.37433748704737607,sensitivity_state_noun,fear,-0.854,0.68,-0.414,0.5608435119006663,-0.305662512952624,0.6387292201438617
14,amusing,last_60s,6.981980799915882,5.339930707667893,2,0.4404401777590849,0.07554015725953178,sensitivity_state_noun,amusement,0.858,0.674,0.606,-0.4175598222409151,-0.5984598427404683,0.7297330940301465
14,amusing,whole_video,6.307172145665023,5.150399865600551,2,0.29048269903667173,0.03342219235567809,sensitivity_state_noun,amusement,0.858,0.674,0.606,-0.5675173009633283,-0.6405778076443219,0.8558129553466148
14,boring,last_60s,5.0912104540296745,3.96909307059271,2,0.02026898978437212,-0.22909042875717558,sensitivity_state_noun,boredom,-0.666,-0.722,-0.49,0.6862689897843721,0.4929095712428244,0.8449408096206785
14,boring,whole_video,5.17787972298049,4.378115246400164,2,0.039528827328997686,-0.13819661191107477,sensitivity_state_noun,boredom,-0.666,-0.722,-0.49,0.7055288273289977,0.5838033880889252,0.9157495957609475
14,relaxed,last_60s,5.111305862726406,3.9010536701620584,2,0.024734636161423476,-0.24421029551954257,sensitivity_state_noun,relaxation,0.746,-0.524,-0.238,-0.7212653638385765,0.2797897044804575,0.7736316977777319
14,relaxed,whole_video,5.210601554238525,4.313366185227364,2,0.046800345386338864,-0.1525852921716968,sensitivity_state_noun,relaxation,0.746,-0.524,-0.238,-0.6991996546136612,0.3714147078283032,0.7917253578123205
14,scary,last_60s,4.887569429347609,7.787147292556229,2,-0.02498457125608687,0.6193660650124954,sensitivity_state_noun,fear,-0.854,0.68,-0.414,0.8290154287439131,-0.06063393498750469,0.8312298449692016
14,scary,whole_video,4.9731639581578975,6.973290904916766,2,-0.0059635648538005626,0.43850908998150356,sensitivity_state_noun,fear,-0.854,0.68,-0.414,0.8480364351461994,-0.24149091001849649,0.881750335955159
15,amusing,last_60s,6.916171114631192,5.3971721256191,2,0.42581580325137597,0.08826047235980007,sensitivity_state_noun,amusement,0.858,0.674,0.606,-0.432184196748624,-0.5857395276402,0.7279244288794119
15,amusing,whole_video,6.4498324917854895,5.201444542677594,2,0.3221849981745532,0.04476545392835421,sensitivity_state_noun,amusement,0.858,0.674,0.606,-0.5358150018254468,-0.6292345460716459,0.8264586076454125
15,boring,last_60s,5.950045406389105,4.751644842731213,2,0.21112120141980106,-0.05519003494861943,sensitivity_state_noun,boredom,-0.666,-0.722,-0.49,0.8771212014198011,0.6668099650513806,1.1018063039717727
15,boring,whole_video,5.706134616538507,4.902534112077271,2,0.15691880367522376,-0.021659086205050845,sensitivity_state_noun,boredom,-0.666,-0.722,-0.49,0.8229188036752237,0.7003409137949491,1.0805890768360589
15,relaxed,last_60s,4.330718660629171,4.260869637750238,2,-0.14872918652685088,-0.16425119161105822,sensitivity_state_noun,relaxation,0.746,-0.524,-0.238,-0.8947291865268509,0.3597488083889418,0.9643440891923711
15,relaxed,whole_video,4.698311179960069,4.711007646559043,2,-0.06704196000887347,-0.0642205229868793,sensitivity_state_noun,relaxation,0.746,-0.524,-0.238,-0.8130419600088734,0.4597794770131207,0.9340419670536916
15,scary,last_60s,4.312378479504289,7.652685867492851,2,-0.15280478233238012,0.5894857483317446,sensitivity_state_noun,fear,-0.854,0.68,-0.414,0.7011952176676198,-0.09051425166825544,0.7070131279085312
15,scary,whole_video,4.752412069658115,6.99566366119004,2,-0.055019540075974364,0.4434808135977867,sensitivity_state_noun,fear,-0.854,0.68,-0.414,0.7989804599240257,-0.23651918640221337,0.8332533233517719
16,amusing,last_60s,8.321847410258801,5.2574404513596695,2,0.7381883133908447,0.057208989191037674,sensitivity_state_noun,amusement,0.858,0.674,0.606,-0.11981168660915531,-0.6167910108089624,0.6283199752219183
16,amusing,whole_video,7.164747568035027,5.16223050249297,2,0.4810550151188949,0.03605122277621556,sensitivity_state_noun,amusement,0.858,0.674,0.606,-0.37694498488110506,-0.6379487772237845,0.7409899891282867
16,boring,last_60s,4.9704861773117255,3.883365109628217,2,-0.006558627264061003,-0.2481410867492851,sensitivity_state_noun,boredom,-0.666,-0.722,-0.49,0.6594413727359391,0.4738589132507149,0.8120376800019863
16,boring,whole_video,4.982106807041897,4.173660295832048,2,-0.0039762651018006145,-0.18363104537065608,sensitivity_state_noun,boredom,-0.666,-0.722,-0.49,0.6620237348981994,0.5383689546293439,0.8532974609579322
16,relaxed,last_60s,6.64075347950429,4.29492478551001,2,0.3646118843342866,-0.15668338099777557,sensitivity_state_noun,relaxation,0.746,-0.524,-0.238,-0.3813881156657134,0.36731661900222445,0.5295076896195833
16,relaxed,whole_video,6.4336803822106585,4.532214478022757,2,0.31859564049125744,-0.10395233821716508,sensitivity_state_noun,relaxation,0.746,-0.524,-0.238,-0.42740435950874256,0.4200476617828349,0.5992616496125088
16,scary,last_60s,1.3264445665318492,8.468775775173306,2,-0.8163456518818113,0.7708390611496235,sensitivity_state_noun,fear,-0.854,0.68,-0.414,0.037654348118188685,0.09083906114962348,0.09833404783060022
16,scary,whole_video,2.91744844860309,7.009655439630561,2,-0.4627892336437578,0.4465900976956802,sensitivity_state_noun,fear,-0.854,0.68,-0.414,0.3912107663562422,-0.23340990230431985,0.4555502674862023
17,amusing,last_60s,6.5595846000845786,5.423821069117025,2,0.3465743555743508,0.09418245980378338,sensitivity_state_noun,amusement,0.858,0.674,0.606,-0.5114256444256492,-0.5798175401962167,0.7731394244865423
17,amusing,whole_video,5.871544894051077,4.6392639190541125,2,0.19367664312246152,-0.08016357354353056,sensitivity_state_noun,amusement,0.858,0.674,0.606,-0.6643233568775384,-0.7541635735435306,1.0050314513252754
17,boring,last_60s,4.317319839159386,3.546006832500699,2,-0.15170670240902537,-0.32310959277762247,sensitivity_state_noun,boredom,-0.666,-0.722,-0.49,0.5142932975909746,0.3988904072223775,0.6508541717781587
17,boring,whole_video,4.337250980867873,3.8490779366833796,2,-0.1472775598071393,-0.25576045851480456,sensitivity_state_noun,boredom,-0.666,-0.722,-0.49,0.5187224401928607,0.4662395414851954,0.6974613107577805
17,relaxed,last_60s,4.632897698101857,4.906373892139903,2,-0.08157828931069844,-0.020805801746688286,sensitivity_state_noun,relaxation,0.746,-0.524,-0.238,-0.8275782893106984,0.5031941982533117,0.9685505800391713
17,relaxed,whole_video,4.711593257443376,4.954182008035787,2,-0.06409038723480541,-0.010181775992047429,sensitivity_state_noun,relaxation,0.746,-0.524,-0.238,-0.8100903872348054,0.5138182240079526,0.9592995375861095
17,scary,last_60s,3.855438559507692,7.302491113454452,2,-0.25434698677606843,0.5116646918787671,sensitivity_state_noun,fear,-0.854,0.68,-0.414,0.5996530132239315,-0.16833530812123298,0.6228326518646972
17,scary,whole_video,4.375790401493639,6.536120889635374,2,-0.13871324411252475,0.34136019769674975,sensitivity_state_noun,fear,-0.854,0.68,-0.414,0.7152867558874753,-0.3386398023032503,0.7913987988694531
18,amusing,last_60s,6.854069137273594,5.690646901811249,2,0.4120153638385765,0.15347708929138865,sensitivity_state_noun,amusement,0.858,0.674,0.606,-0.4459846361614235,-0.5205229107086113,0.6854534238477493
18,amusing,whole_video,6.369241825424861,5.6748508295371645,2,0.3042759612055246,0.14996685100825877,sensitivity_state_noun,amusement,0.858,0.674,0.606,-0.5537240387944754,-0.5240331489917412,0.7623785492660887
18,boring,last_60s,5.754870653504172,4.40405812997035,2,0.16774903411203823,-0.13243152667325553,sensitivity_state_noun,boredom,-0.666,-0.722,-0.49,0.8337490341120383,0.5895684733267444,1.0211407526015133
18,boring,whole_video,5.697439178755518,4.610269014150495,2,0.1549864841678929,-0.0866068857443345,sensitivity_state_noun,boredom,-0.666,-0.722,-0.49,0.8209864841678929,0.6353931142556655,1.0381441214156497
18,relaxed,last_60s,7.079220608709514,4.757763161945409,2,0.4620490241576698,-0.053830408456575815,sensitivity_state_noun,relaxation,0.746,-0.524,-0.238,-0.2839509758423302,0.4701695915434242,0.5492609593753428
18,relaxed,whole_video,6.600198592376958,4.8477207775374165,2,0.35559968719487955,-0.03383982721390745,sensitivity_state_noun,relaxation,0.746,-0.524,-0.238,-0.39040031280512044,0.4901601727860926,0.6266333850219186
18,scary,last_60s,5.879338240875977,6.3565484840004105,2,0.19540849797243925,0.3014552186667579,sensitivity_state_noun,fear,-0.854,0.68,-0.414,1.0494084979724392,-0.37854478133324215,1.115595960503355
18,scary,whole_video,5.758431436632042,5.899836003415285,2,0.16854031925156499,0.19996355631450768,sensitivity_state_noun,fear,-0.854,0.68,-0.414,1.022540319251565,-0.48003644368549236,1.129612186443342
19,amusing,last_60s,5.501161299581382,5.591341038606604,2,0.11136917768475148,0.13140911969035646,sensitivity_state_noun,amusement,0.858,0.674,0.606,-0.7466308223152485,-0.5425908803096435,0.9229639474141653
19,amusing,whole_video,5.022270250588797,5.254641377757293,2,0.004948944575288137,0.05658697283495408,sensitivity_state_noun,amusement,0.858,0.674,0.606,-0.8530510554247118,-0.617413027165046,1.0530408108303877
19,boring,last_60s,4.850940512072739,5.0904277155812245,2,-0.03312433065050237,0.020095047906938786,sensitivity_state_noun,boredom,-0.666,-0.722,-0.49,0.6328756693494977,0.7420950479069388,0.9753136280102809
19,boring,whole_video,4.924653319551102,5.062204373063338,2,-0.016743706766421736,0.013823194014075094,sensitivity_state_noun,boredom,-0.666,-0.722,-0.49,0.6492562932335783,0.735823194014075,0.9813100973456256
19,relaxed,last_60s,6.831182731503111,5.126343516733479,2,0.40692949588958016,0.02807633705188432,sensitivity_state_noun,relaxation,0.746,-0.524,-0.238,-0.33907050411041983,0.5520763370518843,0.6478866325911655
19,relaxed,whole_video,6.9377851106733495,5.0716703385402235,2,0.43061891348296655,0.015926741897827452,sensitivity_state_noun,relaxation,0.746,-0.524,-0.238,-0.31538108651703345,0.5399267418978275,0.6252888263427292
19,scary,last_60s,1.1425150961007464,8.861882947866718,2,-0.8572188675331675,0.8581962106370484,sensitivity_state_noun,fear,-0.854,0.68,-0.414,-0.0032188675331674688,0.17819621063704838,0.1782252804559426
19,scary,whole_video,2.8072443690974733,7.308298934066022,2,-0.48727902908945037,0.5129553186813381,sensitivity_state_noun,fear,-0.854,0.68,-0.414,0.3667209709105496,-0.1670446813186619,0.4029741878364289
20,amusing,last_60s,6.704231649189705,6.252004385128695,2,0.37871814426437883,0.27822319669526546,sensitivity_state_noun,amusement,0.858,0.674,0.606,-0.47928185573562115,-0.3957768033047346,0.621570893198431
20,amusing,whole_video,6.072535210236886,5.778946237546355,2,0.2383411578304191,0.17309916389919008,sensitivity_state_noun,amusement,0.858,0.674,0.606,-0.6196588421695809,-0.5009008361008099,0.7967927762507866
20,boring,last_60s,5.905101861616217,4.847129822022888,2,0.20113374702582595,-0.03397115066158049,sensitivity_state_noun,boredom,-0.666,-0.722,-0.49,0.867133747025826,0.6880288493384195,1.106934791554136
20,boring,whole_video,5.7033530780616175,4.628604836719028,2,0.1563006840136928,-0.08253225850688277,sensitivity_state_noun,boredom,-0.666,-0.722,-0.49,0.8223006840136928,0.6394677414931172,1.0416800887699138
20,relaxed,last_60s,5.267265404678668,4.231465584205458,2,0.05939231215081521,-0.17078542573212038,sensitivity_state_noun,relaxation,0.746,-0.524,-0.238,-0.6866076878491848,0.3532145742678796,0.7721338306853567
20,relaxed,whole_video,5.280007605823217,4.3453672165407795,2,0.062223912405159294,-0.14547395187982678,sensitivity_state_noun,relaxation,0.746,-0.524,-0.238,-0.6837760875948407,0.3785260481201732,0.7815572321154625
20,scary,last_60s,2.5410289329291453,8.69265613817542,2,-0.5464380149046344,0.8205902529278712,sensitivity_state_noun,fear,-0.854,0.68,-0.414,0.3075619850953656,0.1405902529278712,0.33817154506865993
20,scary,whole_video,3.3525661364271686,7.600374929602301,2,-0.3660964141272959,0.5778610954671781,sensitivity_state_noun,fear,-0.854,0.68,-0.414,0.4879035858727041,-0.10213890453282193,0.49847995438794535
21,amusing,last_60s,5.090487321258342,5.568668732125834,2,0.020108293612964918,0.1263708293612965,sensitivity_state_noun,amusement,0.858,0.674,0.606,-0.837891706387035,-0.5476291706387035,1.0009796302455967
21,amusing,whole_video,5.042528583962989,5.215045922698195,2,0.009450796436219773,0.04778798282182114,sensitivity_state_noun,amusement,0.858,0.674,0.606,-0.8485492035637802,-0.6262120171781789,1.0545981421029953
21,boring,last_60s,4.5905508801026595,2.07041041509806,2,-0.0909886933105201,-0.6510199077559867,sensitivity_state_noun,boredom,-0.666,-0.722,-0.49,0.57501130668948,0.07098009224401325,0.57937567804984
21,boring,whole_video,4.684795970754047,2.8892913527325588,2,-0.07004533983243395,-0.4690463660594314,sensitivity_state_noun,boredom,-0.666,-0.722,-0.49,0.595954660167566,0.2529536339405686,0.6474160160972064
21,relaxed,last_60s,5.148975381315539,4.837454859348155,2,0.03310564029234205,-0.03612114236707677,sensitivity_state_noun,relaxation,0.746,-0.524,-0.238,-0.7128943597076579,0.48787885763292327,0.8638542399202529
21,relaxed,whole_video,5.205570872853868,4.911165298644257,2,0.04568241618974847,-0.019741044745720596,sensitivity_state_noun,relaxation,0.746,-0.524,-0.238,-0.7003175838102516,0.5042589552542794,0.8629726601393385
21,scary,last_60s,4.768960052586459,6.578682159610993,2,-0.05134221053634253,0.3508182576913317,sensitivity_state_noun,fear,-0.854,0.68,-0.414,0.8026577894636574,-0.32918174230866837,0.8675368271468685
21,scary,whole_video,4.822978220756852,6.4233766878657805,2,-0.03933817316514402,0.3163059306368401,sensitivity_state_noun,fear,-0.854,0.68,-0.414,0.814661826834856,-0.36369406936315996,0.8921587684890172
22,amusing,last_60s,5.69430559729231,6.290166158007428,2,0.1542901327316244,0.2867035906683173,sensitivity_state_noun,amusement,0.858,0.674,0.606,-0.7037098672683756,-0.38729640933168274,0.8032472134854183
22,amusing,whole_video,6.616291917951351,5.900084155670585,2,0.35917598176696686,0.2000187012601301,sensitivity_state_noun,amusement,0.858,0.674,0.606,-0.49882401823303313,-0.47398129873986994,0.6881014988512111
22,boring,last_60s,5.248726468453644,4.898902072191024,2,0.05527254854525429,-0.022466206179772366,sensitivity_state_noun,boredom,-0.666,-0.722,-0.49,0.7212725485452544,0.6995337938202276,1.0047793877172675
22,boring,whole_video,5.097669156716337,4.930254952132472,2,0.021704257048074795,-0.015498899526117308,sensitivity_state_noun,boredom,-0.666,-0.722,-0.49,0.6877042570480748,0.7065011004738827,0.9859416565562344
22,relaxed,last_60s,7.161457888465206,4.045182936129647,2,0.48032397521449016,-0.2121815697489673,sensitivity_state_noun,relaxation,0.746,-0.524,-0.238,-0.26567602478550983,0.31181843025103273,0.4096516612807142
22,relaxed,whole_video,7.219470560132345,4.686815356123972,2,0.4932156800294101,-0.06959658752800617,sensitivity_state_noun,relaxation,0.746,-0.524,-0.238,-0.2527843199705899,0.45440341247199384,0.5199830513480094
22,scary,last_60s,1.4785262159207195,7.430735931509618,2,-0.7825497297953956,0.5401635403354708,sensitivity_state_noun,fear,-0.854,0.68,-0.414,0.07145027020460437,-0.1398364596645293,0.1570330429044171
22,scary,whole_video,2.7084303926776885,6.691814722719489,2,-0.5092376905160693,0.3759588272709975,sensitivity_state_noun,fear,-0.854,0.68,-0.414,0.3447623094839307,-0.30404117272900255,0.4596760650230995
23,amusing,last_60s,7.7591620462834054,5.034893238804819,2,0.6131471213963123,0.007754053067737527,sensitivity_state_noun,amusement,0.858,0.674,0.606,-0.24485287860368765,-0.6662459469322625,0.7098144785535015
23,amusing,whole_video,6.822147887510598,4.988369781442762,2,0.4049217527801328,-0.0025844930127196302,sensitivity_state_noun,amusement,0.858,0.674,0.606,-0.45307824721986717,-0.6765844930127197,0.8142766570945689
23,boring,last_60s,3.3983586597594586,3.370815926379997,2,-0.3559202978312314,-0.36204090524888954,sensitivity_state_noun,boredom,-0.666,-0.722,-0.49,0.3100797021687686,0.35995909475111043,0.47509995957809886
23,boring,whole_video,4.140707633468731,3.6298147647709014,2,-0.19095385922917096,-0.3044856078286886,sensitivity_state_noun,boredom,-0.666,-0.722,-0.49,0.4750461407708291,0.41751439217131137,0.6324453363978882
23,relaxed,last_60s,4.005663298379409,3.1751586272640617,2,-0.22096371147124236,-0.40552030505243075,sensitivity_state_noun,relaxation,0.746,-0.524,-0.238,-0.9669637114712424,0.11847969494756927,0.9741951844559226
23,relaxed,whole_video,4.456333205505603,3.536859871485105,2,-0.12081484322097719,-0.3251422507810877,sensitivity_state_noun,relaxation,0.746,-0.524,-0.238,-0.8668148432209772,0.1988577492189123,0.8893325457063961
23,scary,last_60s,4.24485224022879,7.297591466275916,2,-0.1678106132824912,0.510575881394648,sensitivity_state_noun,fear,-0.854,0.68,-0.414,0.6861893867175088,-0.169424118605352,0.7067958732257505
23,scary,whole_video,4.530951357052677,6.52593895123492,2,-0.10423303176607174,0.33909754471887116,sensitivity_state_noun,fear,-0.854,0.68,-0.414,0.7497669682339283,-0.3409024552811289,0.823629158463564
24,amusing,last_60s,7.234550285986655,5.071808245948523,2,0.49656673021925674,0.015957387988560612,sensitivity_state_noun,amusement,0.858,0.674,0.606,-0.36143326978074325,-0.6580426120114394,0.750768997579973
24,amusing,whole_video,6.437402090176898,5.042049851537801,2,0.31942268670597723,0.009344411452844604,sensitivity_state_noun,amusement,0.858,0.674,0.606,-0.5385773132940228,-0.6646555885471555,0.8554721350119906
24,boring,last_60s,4.389094367645107,2.889120404612661,2,-0.13575680718997615,-0.46908435453051983,sensitivity_state_noun,boredom,-0.666,-0.722,-0.49,0.5302431928100239,0.25291564546948014,0.5874726948928026
24,boring,whole_video,4.623496973047143,3.322534291532463,2,-0.08366733932285718,-0.3727701574372304,sensitivity_state_noun,boredom,-0.666,-0.722,-0.49,0.5823326606771428,0.34922984256276957,0.6790234242113723
24,relaxed,last_60s,6.055003199638234,4.391319235561888,2,0.23444515547516312,-0.13526239209735813,sensitivity_state_noun,relaxation,0.746,-0.524,-0.238,-0.5115548445248369,0.3887376079026419,0.6424992503923239
24,relaxed,whole_video,5.656693720963851,4.718143461945454,2,0.1459319379919669,-0.06263478623434358,sensitivity_state_noun,relaxation,0.746,-0.524,-0.238,-0.6000680620080331,0.4613652137656564,0.7569276976799743
24,scary,last_60s,3.2753631984317315,6.905537737995218,2,-0.38325262257072634,0.4234528306656039,sensitivity_state_noun,fear,-0.854,0.68,-0.414,0.47074737742927364,-0.25654716933439614,0.536115233368751
24,scary,whole_video,4.021368254734818,6.424200695320485,2,-0.21747372117004046,0.31648904340455214,sensitivity_state_noun,fear,-0.854,0.68,-0.414,0.6365262788299595,-0.3635109565954479,0.7330115409773935
25,amusing,last_60s,5.278352527686455,5.706347681862867,2,0.061856117263656744,0.15696615152508148,sensitivity_state_noun,amusement,0.858,0.674,0.606,-0.7961438827363433,-0.5170338484749186,0.9492992586572927
25,amusing,whole_video,5.193458998629243,5.571367625523481,2,0.042990888584276216,0.12697058344966253,sensitivity_state_noun,amusement,0.858,0.674,0.606,-0.8150091114157237,-0.5470294165503375,0.9815706975363774
25,boring,last_60s,4.477203410337092,2.5844439545001685,2,-0.11617701992509073,-0.5367902323332959,sensitivity_state_noun,boredom,-0.666,-0.722,-0.49,0.5498229800749093,0.18520976766670405,0.5801792545908623
25,boring,whole_video,4.502147610566456,3.1620376668844816,2,-0.11063386431856534,-0.4084360740256707,sensitivity_state_noun,boredom,-0.666,-0.722,-0.49,0.5553661356814347,0.31356392597432925,0.6377725929625421
25,relaxed,last_60s,6.238561212418675,3.2845696662167283,2,0.27523582498192783,-0.38120674084072703,sensitivity_state_noun,relaxation,0.746,-0.524,-0.238,-0.47076417501807216,0.142793259159273,0.4919439229645726
25,relaxed,whole_video,6.458984684907742,3.8506874949599905,2,0.32421881886838716,-0.2554027788977799,sensitivity_state_noun,relaxation,0.746,-0.524,-0.238,-0.42178118113161284,0.2685972211022201,0.5000438300195427
25,scary,last_60s,2.2483147044804577,7.935160819828406,2,-0.6114856212265649,0.652257959961868,sensitivity_state_noun,fear,-0.854,0.68,-0.414,0.24251437877343507,-0.027742040038132076,0.2440959743571009
25,scary,whole_video,3.505486112998917,7.223133357388219,2,-0.3321141971113517,0.49402963497515984,sensitivity_state_noun,fear,-0.854,0.68,-0.414,0.5218858028886483,-0.1859703650248402,0.5540304756276511
26,amusing,last_60s,8.897343806524503,6.143019914116547,2,0.8660764014498896,0.2540044253592326,sensitivity_state_noun,amusement,0.858,0.674,0.606,0.008076401449889636,-0.4199955746407674,0.42007322097249694
26,amusing,whole_video,8.215694635715051,5.677626095430744,2,0.7145988079366781,0.15058357676238762,sensitivity_state_noun,amusement,0.858,0.674,0.606,-0.14340119206332191,-0.5234164232376124,0.5427049419344153
26,boring,last_60s,4.335400224289227,3.112105071731209,2,-0.1476888390468384,-0.41953220628195353,sensitivity_state_noun,boredom,-0.666,-0.722,-0.49,0.5183111609531617,0.30246779371804644,0.6001110112348189
26,boring,whole_video,4.634333571287717,3.7744359278831263,2,-0.08125920638050725,-0.2723475715815275,sensitivity_state_noun,boredom,-0.666,-0.722,-0.49,0.5847407936194928,0.44965242841847247,0.7376375140306951
26,relaxed,last_60s,4.8427460200190655,4.146186415633938,2,-0.034945328884652106,-0.1897363520813471,sensitivity_state_noun,relaxation,0.746,-0.524,-0.238,-0.7809453288846521,0.33426364791865293,0.8494750102425865
26,relaxed,whole_video,5.09393489060342,4.566985653051546,2,0.0208744201340934,-0.09622541043298977,sensitivity_state_noun,relaxation,0.746,-0.524,-0.238,-0.7251255798659066,0.42777458956701025,0.8419015417821085
26,scary,last_60s,3.110852546221263,7.893496654323144,2,-0.41981054528416384,0.6429992565162542,sensitivity_state_noun,fear,-0.854,0.68,-0.414,0.43418945471583614,-0.037000743483745824,0.43576316687483474
26,scary,whole_video,3.981352638922871,6.974132309380453,2,-0.22636608023936203,0.43869606875121175,sensitivity_state_noun,fear,-0.854,0.68,-0.414,0.627633919760638,-0.2413039312487883,0.6724224300766765
27,amusing,last_60s,6.953499194653791,5.819293287542606,2,0.43411093214528684,0.18206517500946795,sensitivity_state_noun,amusement,0.858,0.674,0.606,-0.42388906785471314,-0.4919348249905321,0.6493703210689591
27,amusing,whole_video,6.349023694663116,5.362448730131421,2,0.29978304325847027,0.08054416225142684,sensitivity_state_noun,amusement,0.858,0.674,0.606,-0.5582169567415297,-0.5934558377485732,0.8147367686263066
27,boring,last_60s,5.106864715929465,2.736041371384321,2,0.023747714650992197,-0.503101917470151,sensitivity_state_noun,boredom,-0.666,-0.722,-0.49,0.6897477146509923,0.218898082529849,0.7236492799702845
27,boring,whole_video,5.123920263226009,3.235123019287702,2,0.02753783627244645,-0.39219488460273294,sensitivity_state_noun,boredom,-0.666,-0.722,-0.49,0.6935378362724465,0.32980511539726703,0.7679623327245102
27,relaxed,last_60s,6.433075476644424,3.7123678265014295,2,0.31846121703209423,-0.2861404829996823,sensitivity_state_noun,relaxation,0.746,-0.524,-0.238,-0.42753878296790576,0.2378595170003177,0.48925102020261796
27,relaxed,whole_video,6.327627902226423,4.174105297570715,2,0.2950284227169829,-0.18353215609539675,sensitivity_state_noun,relaxation,0.746,-0.524,-0.238,-0.4509715772830171,0.3404678439046033,0.5650608075686914
27,scary,last_60s,1.8998447361426973,6.984024856807739,2,-0.6889233919682894,0.440894412623942,sensitivity_state_noun,fear,-0.854,0.68,-0.414,0.16507660803171054,-0.23910558737605803,0.29055424353071274
27,scary,whole_video,2.6742901638491747,6.426107454371824,2,-0.5168244080335167,0.31691276763818305,sensitivity_state_noun,fear,-0.854,0.68,-0.414,0.3371755919664833,-0.363087232361817,0.4954994632914475
28,amusing,last_60s,6.751449475691134,6.100926787416588,2,0.3892109945980297,0.24465039720368628,sensitivity_state_noun,amusement,0.858,0.674,0.606,-0.46878900540197027,-0.42934960279631373,0.6356919167388562
28,amusing,whole_video,5.944852777971267,5.151337516538049,2,0.2099672839936149,0.03363055923067747,sensitivity_state_noun,amusement,0.858,0.674,0.606,-0.6480327160063851,-0.6403694407693226,0.9110540168869391
28,boring,last_60s,4.418960343183985,4.129983341277407,2,-0.12911992373689232,-0.19333703527168725,sensitivity_state_noun,boredom,-0.666,-0.722,-0.49,0.5368800762631077,0.5286629647283128,0.7534751134334894
28,boring,whole_video,4.69472627185273,4.24140382297375,2,-0.06783860625494892,-0.16857692822805564,sensitivity_state_noun,boredom,-0.666,-0.722,-0.49,0.5981613937450512,0.5534230717719444,0.8149074483255855
28,relaxed,last_60s,3.930753670162059,4.602335986653956,2,-0.23761029551954246,-0.08836978074356534,sensitivity_state_noun,relaxation,0.746,-0.524,-0.238,-0.9836102955195425,0.4356302192564347,1.0757615448515767
28,relaxed,whole_video,4.787562925458649,4.7832886721613885,2,-0.047208238786966956,-0.04815807285302477,sensitivity_state_noun,relaxation,0.746,-0.524,-0.238,-0.793208238786967,0.47584192714697526,0.9249891078874763
28,scary,last_60s,4.710229769236292,7.5751724986139415,2,-0.06439338461415724,0.5722605552475426,sensitivity_state_noun,fear,-0.854,0.68,-0.414,0.7896066153858428,-0.10773944475245745,0.7969230797364663
28,scary,whole_video,4.847458060835258,6.659801402732452,2,-0.03389820870327595,0.368844756162767,sensitivity_state_noun,fear,-0.854,0.68,-0.414,0.820101791296724,-0.31115524383723303,0.8771456742500093
29,amusing,last_60s,5.714731433328218,5.145679559520659,2,0.1588292074062707,0.03237323544903524,sensitivity_state_noun,amusement,0.858,0.674,0.606,-0.6991707925937293,-0.6416267645509648,0.9489598000991838
29,amusing,whole_video,5.392224086850776,5.108714834517421,2,0.08716090818906135,0.024158852114982525,sensitivity_state_noun,amusement,0.858,0.674,0.606,-0.7708390918109387,-0.6498411478850176,1.0082095134189273
29,boring,last_60s,5.0,5.029255247056533,2,0.0,0.006501166012562799,sensitivity_state_noun,boredom,-0.666,-0.722,-0.49,0.666,0.7285011660125628,0.9870511379263304
29,boring,whole_video,5.057950932435653,4.972577294416926,2,0.012877984985700685,-0.0060939345740165,sensitivity_state_noun,boredom,-0.666,-0.722,-0.49,0.6788779849857007,0.7159060654259835,0.9866087436324279
29,relaxed,last_60s,5.268157030505243,5.02977828884652,2,0.05959045122338738,0.006617397521448964,sensitivity_state_noun,relaxation,0.746,-0.524,-0.238,-0.6864095487766126,0.530617397521449,0.8675902784172655
29,relaxed,whole_video,5.40396864736576,5.02483989739825,2,0.08977081052572444,0.005519977199611109,sensitivity_state_noun,relaxation,0.746,-0.524,-0.238,-0.6562291894742756,0.5295199771996111,0.8432248545741173
29,scary,last_60s,3.886732426780574,5.498177962953827,2,-0.24739279404876136,0.11070621398973933,sensitivity_state_noun,fear,-0.854,0.68,-0.414,0.6066072059512386,-0.5692937860102607,0.8319060746874403
29,scary,whole_video,4.413713875345307,5.356572822520091,2,-0.13028580547882068,0.07923840500446468,sensitivity_state_noun,fear,-0.854,0.68,-0.414,0.7237141945211794,-0.6007615949955354,0.9405725540185718
30,amusing,last_60s,6.737973141086749,7.652890276453766,2,0.386216253574833,0.5895311725452813,sensitivity_state_noun,amusement,0.858,0.674,0.606,-0.47178374642516696,-0.08446882745471873,0.4792858084718775
30,amusing,whole_video,6.653885700123395,6.373557970782983,2,0.3675301555829766,0.3052351046184406,sensitivity_state_noun,amusement,0.858,0.674,0.606,-0.4904698444170234,-0.36876489538155943,0.613635246989799
30,boring,last_60s,6.006726072449952,4.960650738798856,2,0.22371690498887828,-0.008744280266920867,sensitivity_state_noun,boredom,-0.666,-0.722,-0.49,0.8897169049888783,0.7132557197330791,1.1403200834655776
30,boring,whole_video,5.81532296013728,4.853155576843374,2,0.18118288003050667,-0.03263209403480576,sensitivity_state_noun,boredom,-0.666,-0.722,-0.49,0.8471828800305067,0.6893679059651943,1.0922211049012103
30,relaxed,last_60s,6.002119843686093,4.711746367794433,2,0.22269329859690956,-0.06405636271234824,sensitivity_state_noun,relaxation,0.746,-0.524,-0.238,-0.5233067014030904,0.45994363728765175,0.6967051407982994
30,relaxed,whole_video,5.907292048479279,4.744852553446958,2,0.20162045521761762,-0.05669943256734259,sensitivity_state_noun,relaxation,0.746,-0.524,-0.238,-0.5443795447823824,0.4673005674326574,0.7174391326798096
30,scary,last_60s,0.904670328884652,8.085549073127352,2,-0.9100732602478551,0.6856775718060781,sensitivity_state_noun,fear,-0.854,0.68,-0.414,-0.05607326024785508,0.0056775718060780855,0.056359962175615924
30,scary,whole_video,2.3423419079312042,6.919824994466074,2,-0.5905906871263991,0.4266277765480165,sensitivity_state_noun,fear,-0.854,0.68,-0.414,0.2634093128736009,-0.25337222345198357,0.3654886451390036
