subject,video_label,category,n_samples,gsr_mean_delta,skt_mean_delta,bvp_sd_delta,rsp_sd_delta,zygo_mean_delta,coru_mean_delta
1,boring-1,boring,118667,-1.150600248086982,0.009218286928287966,0.12109372367497606,-0.33293546563887877,1.8081719232721385,-0.2268051466509755
1,amusing-1,amusing,185583,-0.8266915519453164,-0.04950310307883399,-0.2569715944585824,-0.17573983240561453,-0.8763755180015798,3.376555646185608
1,relaxed-1,relaxed,145125,-0.2971577723018086,-0.14970843186239335,0.37051707575012593,0.04829998321032991,1.4513516286068118,-0.21582953087855472
1,scary-1,scary,197000,6.318516762148223,-0.10046615866771447,-0.15865972662398042,0.36285786701511263,0.6304819420368029,1.2410287401226778
1,boring-2,boring,160125,-3.7837679938074924,-0.2832416907206188,-0.14394801649825006,-0.23897604794425809,0.7638950015515311,-1.1538314569623314
1,amusing-2,amusing,173084,-0.397218334945733,-0.23232956199108656,0.03455707028227062,-0.16759952093290342,1.2894249320217765,24.18314225024608
1,relaxed-2,relaxed,146750,-2.839321661869165,-0.17734515628902514,0.074066908979324,-0.2494131898263946,0.5780714827690261,-4.1765507156232315
1,scary-2,scary,143750,-0.32887559499826136,-0.14403844138434962,0.10499269138976186,-0.12152347302429756,1.6922897193478255,-0.20687513682970504
2,amusing-2,amusing,173084,11.82281056617394,-0.07000669202739829,-0.8905656370251354,-0.25631770817626065,-0.03564386407986753,-0.5499195419431686
2,relaxed-2,relaxed,146750,-8.863523032308684,0.6089155606012895,-0.5263445810774834,-0.13326669022357857,-0.1722009852356603,2.294148776071834
2,boring-2,boring,160125,-1.4380947132843085,-0.7043441088880797,0.350237619888933,-0.2379282367235171,-1.4088838834650659,1.6556701370755267
2,scary-2,scary,143750,15.972000715269562,-0.49906452565370074,-0.41975266483632634,-0.4970330899889608,0.45515247009057624,2.7649995735144923
2,amusing-1,amusing,185583,-7.36853220082693,-0.45865559913856657,-0.40190046622629316,-0.35105022137019937,2.0491391927419613,0.7731209978008504
2,boring-1,boring,118667,1.1114799239792994,-0.3237395774108691,0.005120853784044588,-0.15597028192487486,-0.9800261437194209,0.9732532907540801
2,relaxed-1,relaxed,145125,0.49010922081240516,-0.08249233060078254,0.12098694021153,-0.28855121041692927,3.022376826302758,2.7841276538167516
2,scary-1,scary,197000,19.866755253761422,-0.3402573999098095,0.3419630122608849,-0.18721174383934575,0.7909147149323168,2.939981791677239
3,relaxed-1,relaxed,145125,-1.136069758880101,-0.01293350427813067,-0.02553551115841235,-0.059459849786743346,-0.8877398533430219,0.12377117491924494
3,scary-1,scary,197000,11.080816079663958,-0.02000904953023408,0.0010688592971525024,-0.044483145804019464,4.59916559853003,7.943343925592219
3,amusing-1,amusing,185584,-2.448955087716236,-0.0832649859924679,-0.07644797234105738,-0.016447297677203987,3.7127141721075017,1.529513395956723
3,boring-1,boring,118666,0.19588741181965474,-0.027282759275244928,-0.022211914522120124,-0.1670806017056249,-1.080515713797089,-0.22884445753199767
3,amusing-2,amusing,173084,1.5331452869048547,-0.039728717422917725,-0.03156452317878955,0.04809479001304251,6.754162940788863,2.7879913168653143
3,boring-2,boring,160125,-3.686810127493203,0.00770997682161223,-0.09780761204614041,-0.08632445696321023,-0.585396682660031,-0.005270516349540344
3,scary-2,scary,143750,9.62245029385739,-0.015973144948027596,0.009068488348202619,0.019589968585126627,0.8132120885326097,2.1744674517210116
3,relaxed-2,relaxed,146750,-2.9279860687284547,-0.008954381437007441,-0.03170710822027756,-0.07458108315874185,5.157004828045137,-0.009926817195485604
