participant,film_id,eeg_theta_relative_delta,eeg_alpha_relative_delta,eeg_beta_relative_delta,eeg_frontal_alpha_asymmetry_delta,ecg_hr_bpm_delta,ecg_rmssd_ms_delta,ecg_sdnn_ms_delta,film,emotion
1,1,-0.009472150626017584,0.011997546147428251,-0.00547330397408996,0.14056717322648726,3.5556641382568444,-12.251090036363834,-17.45875182126344,Searching for Bobby Fischer,calmness
1,2,-0.08183718547446867,-0.00048165172370288195,0.08183861163814266,0.08438169159499331,-5.684919411662477,4.062816141435327,-15.218446697057637,D.O.A.,surprise
1,3,-0.07454649213478137,0.10018291554887698,-0.05943415583367223,-0.07385441572865847,-0.43536192518185146,-52.31163180363619,-49.55019377614975,The Hangover,amusement
1,4,-0.01236756921891441,0.01281728411926561,-0.004154585014493839,0.09200454916480671,-3.4695684277102714,-5.326211844886803,-15.580072386605018,The Ring,fear
1,5,-0.13637039837202752,-0.03095737497479468,0.17375203274600415,-0.029470629016219885,5.3749948586270335,-12.145148789150308,-24.29665344301267,300,excitement
1,6,0.050544622177779885,0.12043366185332495,-0.18851672753783666,-0.42904224820256376,8.900080971895207,5.4547649291046625,-0.8349063633740741,National Lampoon's Van Wilder,disgust
1,7,-0.09438133566524054,0.005475685042662187,0.08533142536187283,0.026523679194176086,-1.8729584500189844,0.7960309211205328,-4.53793914192606,Wall-E,happiness
1,8,-0.2373673140336901,-0.09886847251246877,0.40164945246380385,1.4058188444401085,0.790931397464945,-6.442772093752431,-27.567492750242366,Crash,anger
1,9,-0.608075133527742,-0.12253593853972433,0.78608167778992,1.0876407166970745,-0.33208284118238396,-12.72689008694979,-41.09467210199665,My Girl,sadness
1,10,0.01724542599166362,-0.01032163921567994,-0.011621122353252467,-3.4855751196492846,1.0415121828858958,-10.822759107978385,-5.556930753585945,The Fly,disgust
1,11,0.03375288589031045,-0.0003158116567985314,-0.0319193684368258,0.07089900277407057,-4.66921236651514,59.206748678032326,29.55084774421922,Pride and Prejudice,calmness
1,12,-0.06029806783236341,-0.026251377938756287,0.08583193821220941,0.007099603530304588,-9.593804119670423,89.7692106119074,39.90608430670602,Modern Times,amusement
1,13,-0.04280330675261307,-0.014629811803911763,0.05418472855076306,0.02703637434773265,-5.448073095918716,105.85623987445733,47.97498845927918,Remember the Titans,happiness
1,14,-0.030281222437618105,0.0024149787819679747,0.022432799655690894,-0.049679775708159735,-6.721241811265216,71.3101170678799,23.0684302576053,Gentleman's Agreement,anger
1,15,-0.03755852266831988,-0.019978029337727327,0.059209704335450614,0.11697993676951102,-2.075117427940711,-2.6321843636138134,-7.933117451065039,Psycho,fear
1,16,-0.04325779944941743,0.006848035814832426,0.034170442178919125,0.2052358824310878,-0.8724798993411724,-5.054063660667989,-10.889116445535976,The Bourne Identity,excitement
1,17,-0.0029173120397537056,-0.009927297409974306,0.015186121680548531,0.05143865881500265,9.090102967616318,-7.577136958103679,-10.303366283528739,The Shawshank Redemption,sadness
1,18,-0.029344915390224324,0.016587577139652254,0.01646244576186376,0.07514128782604557,-7.553978651821694,108.49867710107479,43.13498373973437,The Departed,surprise
2,1,-0.05303036867080252,-0.0027000333810669463,0.054490928455322996,-0.057353389625478535,-2.668764087273999,-15.321455973625696,-24.665179294545077,Searching for Bobby Fischer,calmness
2,2,-0.040655535566336,-0.0038781692622707475,0.04425680357301148,-0.014341122545234342,-3.8024348439043933,-9.283716259061706,-24.926886387107892,D.O.A.,surprise
2,3,0.011813881497924672,-0.022432993289477204,0.0066447174176729185,-0.05188321114366623,-5.697801661436344,24.18647755724193,31.324028061389782,The Hangover,amusement
2,4,-0.02973656727427826,-0.05206492881353092,0.08657203826147394,0.08327320377471681,-1.4426810063782511,-4.065641397930982,-2.429433869282363,The Ring,fear
2,5,-0.0476388756519765,-0.02883633893179366,0.07804712742375508,0.05555639603751983,-1.1553826986327635,16.970852764591882,8.430344792796603,300,excitement
2,6,-0.05506811043816029,0.013206462894849669,0.03818738281131884,0.08039994842683784,-12.174837664322183,63.45028523108411,46.86806350778276,National Lampoon's Van Wilder,disgust
2,7,0.0007512141561271113,-0.026286814816288306,0.03492085405950557,3.8506541368704768,-6.938738728368335,-5.068225209285707,-3.311286628850951,Wall-E,happiness
2,8,-0.061341861678261,-0.020969415186090024,0.08841880392715107,-0.8774825251851386,-7.844227245483097,6.723471797367509,-0.7645909295181639,Crash,anger
2,9,-0.05036563808125688,0.002207007762107749,0.04780046407186575,-0.20839607614081146,-7.07222334707069,12.077602405761773,4.174384653909868,My Girl,sadness
2,10,-0.041782177063149406,0.019968668597316636,0.018698142294439946,-0.08115678292654716,-1.1109496428724697,14.132264273742173,20.17741233678288,The Fly,disgust
2,11,0.043051625444950226,-0.03923097168905146,-0.0005739236759912392,0.16765340749826851,-0.8217781474957491,-4.912783592517364,-6.034224541604814,Pride and Prejudice,calmness
2,12,-0.07425306678793753,0.008175555612220803,0.053501784083162696,0.043849885962985,-10.18225126652213,49.412178084096276,45.14924432231344,Modern Times,amusement
2,13,-0.025690888550557678,-0.031933997994381846,0.054111635974181505,0.00526427777499805,-5.688144856837411,-6.167030173420436,-15.217210137944008,Remember the Titans,happiness
2,14,-0.024683748067567957,-0.028962953599025842,0.052786652693633807,-0.46241190174466906,-6.850177273267306,24.79407009813829,24.49189338705162,Gentleman's Agreement,anger
2,15,0.03211326851385077,-0.05410870619176672,0.023692832492620663,0.29379191946584005,-11.957721171134367,55.86656036248026,49.57732594022042,Psycho,fear
2,16,-0.027910374583541675,-0.06342338599975023,0.08716633382010597,-0.15513515775625963,-8.440918247763761,-29.64456856111046,-31.465588136769313,The Bourne Identity,excitement
2,17,-0.06134493757795578,-0.03787043778512822,0.09322534925510362,-0.10590104250942733,-9.876064853205648,38.82673817837546,-11.940150386819383,The Shawshank Redemption,sadness
2,18,0.1073966567479841,-0.1180265620970147,0.0029041220025916026,0.21985609390531025,-6.409670593810688,19.410116829462282,8.727632024767097,The Departed,surprise
3,1,-0.03388626987460919,-0.010885595795275815,0.044041704684706307,-0.004410808176599446,-5.861668344500934,-0.4435496032383952,-9.16651704949879,Searching for Bobby Fischer,calmness
3,2,0.024448089336820855,0.0020122387205569747,-0.022594656250282286,0.02527023998092437,-0.4356932393257438,-1.2253815152011427,-15.900594560126269,D.O.A.,surprise
3,3,-0.09844204429157416,-0.04750292817915852,0.14759940437012248,-0.15715512132359688,-0.7049865176369394,93.04744684554052,51.94332739930954,The Hangover,amusement
3,4,-0.027942116775648396,-0.03670621382696135,0.06401936327614577,0.010084525138249756,-0.07019225358928338,58.57459446981796,30.70971803322471,The Ring,fear
3,5,-0.11284251740325685,-0.01801643268430725,0.1322822018291368,-0.031251891240512863,-1.9153568653623054,-0.010399575396633054,-19.466015859632293,300,excitement
3,6,0.010115694570059841,-0.04479057383347529,0.03320175635727074,0.5748609549578689,-0.07077535589370854,14.269361755374419,35.530370132578,National Lampoon's Van Wilder,disgust
3,7,-0.07036221714027946,-0.052235999406338635,0.12469342864422372,0.061802513608037124,-1.2219132584433652,71.4835565871944,54.088429691355074,Wall-E,happiness
3,8,-0.09080223517426728,-0.030461613864018355,0.11995311595054337,-0.13070364671954904,-0.14202137386484281,-135.0288239042168,-87.36910994993612,Crash,anger
3,9,-0.15702142969826383,-0.011442877638531163,0.15958498420316858,0.10450385791054462,-0.3000169449961163,34.293811796718295,-0.7697607610203789,My Girl,sadness
3,10,-0.06805545593643686,0.004083359048785706,0.06754760921417874,0.19332896962959545,-2.01130207204654,18.714667000756975,-4.845352168962535,The Fly,disgust
3,11,0.0023514715069033465,0.004849212101295741,-0.011031740188441885,0.15217495049982022,-1.3625844213969174,-33.752801880417586,-20.707547938344433,Pride and Prejudice,calmness
3,12,-0.09330615740081422,0.040563815866063585,0.05377776814305224,-0.13530214023689746,-0.8637422125382983,71.80222408147756,49.87304436696216,Modern Times,amusement
3,13,-0.005579190996128969,-0.03291688706678886,0.040469365137216995,0.012239618049159073,-0.6335924424540522,0.8724164341309404,3.4093600968237254,Remember the Titans,happiness
3,14,-0.04600069455079403,-0.0176656981643952,0.062246028863153335,0.14860393271732075,-3.1786565973505745,88.61811854411553,32.4618937994743,Gentleman's Agreement,anger
3,15,-0.15476632653743283,-0.006555623830525575,0.1569729786415866,0.028849969920594187,-3.227440916420143,-12.856021707718817,9.938515586168563,Psycho,fear
3,16,-0.10499802014734028,-0.010768019371206139,0.11025170341059876,0.1643598684878218,-3.598511354125506,11.540403879278486,-15.35064202255829,The Bourne Identity,excitement
3,17,-0.012957379474967612,0.0201318953073181,-0.0018284474527813233,0.06331899662881524,-0.8106912711558678,79.83440934972732,40.32959420295765,The Shawshank Redemption,sadness
3,18,-0.1561691075544946,0.001694358401651802,0.1565691618426992,0.35976796921277154,-0.7590759003930998,53.64796805623378,49.45067335824468,The Departed,surprise
4,1,0.009711837461942222,0.0012781902447135188,-0.01043073646578152,0.35187242028370314,-3.5091056535726537,14.11674785077598,8.350646152890626,Searching for Bobby Fischer,calmness
4,2,-0.045114410554392026,-0.0015546521693045809,0.047219198390225925,0.6788530945797131,0.3486655878910483,5.527797190725153,9.753793591016873,D.O.A.,surprise
4,3,0.32871625984707736,0.11387295477887303,-0.4674599892529323,-0.1058508645270857,3.062046125480009,10.14084638555137,61.04749405690718,The Hangover,amusement
4,4,-0.053143477252789,-0.02035118473217799,0.08026198249165939,0.0895433988663541,-1.8997463677704616,13.305225637421358,7.899116044895749,The Ring,fear
4,5,0.00044545116317846827,-0.00022558997549381636,-0.0004453956063598108,0.1821738422571575,-1.4368009843185021,-2.3115571367786245,-12.014134975865389,300,excitement
4,6,-0.08125704501468904,-0.007057290782712413,0.0911490159191124,0.7461747684613904,-3.882125038263098,-1.8430781038619024,-21.590456440162964,National Lampoon's Van Wilder,disgust
4,7,-0.018341380732006432,-0.0077524701768312484,0.027802857279748516,0.10022567852789255,0.1395641185395391,-8.308171499581725,-15.574729059238493,Wall-E,happiness
4,8,0.004072688508983763,0.0017636674050986248,-0.006534450572571515,0.01739719195594258,1.443468800994637,5.667993522321812,20.376832701771413,Crash,anger
4,9,0.0011904854640347878,-0.001125589054055194,0.0003442385013092686,0.011821430785905918,-4.43925380800394,7.562596169512947,1.173013121007287,My Girl,sadness
4,10,-0.06959426979735661,-0.06443628741956622,0.13929037631745894,0.03937655670644746,-2.4821595832146883,-4.962506689267862,-7.124357794050731,The Fly,disgust
4,11,-0.3165052284086579,0.013716012518114246,0.29798378049701957,-0.08310741657628107,-2.3559803973355216,22.378691691926278,25.424791180021124,Pride and Prejudice,calmness
4,12,-0.07600416272088723,-0.11416215422762926,0.1913995475769924,-0.11415215742145302,-1.242178390660996,17.844375569187548,32.74964655202603,Modern Times,amusement
4,13,-0.1525823938966613,0.07546068352503885,0.058443063798408135,0.0669395426245476,1.5150375452432314,11.715423449674539,13.045765369606464,Remember the Titans,happiness
4,14,-0.15618515380534245,0.0021935498136882448,0.15229906083821076,-0.7170834946639677,-2.8422312547786603,-18.144183457105086,-21.212290945228347,Gentleman's Agreement,anger
4,15,-0.008312887416855319,-0.012423477337138722,0.022539908280663434,-0.02592979074658741,-3.6216120306871247,3.8561903582194077,-17.680579806735466,Psycho,fear
4,16,0.1461295145326475,-0.09007763568810667,-0.05415893470783456,0.004487198981786733,0.8731642861424049,0.1617393039134356,32.118369156457916,The Bourne Identity,excitement
4,17,-0.03404661221438776,-0.05584368414706786,0.09047476942126303,-0.09793212027075038,-3.704172988495074,2.0480387606782458,-36.48298245802497,The Shawshank Redemption,sadness
4,18,0.012280367224453276,-0.041606233211574334,0.03377667988486188,-0.13110121695174026,-0.579328447759643,1.4834274966130323,4.486535140599926,The Departed,surprise
5,1,0.1783052621983611,0.0009401586938571349,-0.18843663138940225,-0.04783582115583318,4.890861601479472,10.018860904162153,3.855605838973574,Searching for Bobby Fischer,calmness
5,2,-0.15901690988700995,-0.04265992345923572,0.2116060963600187,-0.30533724496934456,3.569851653117979,-3.331824785107905,-1.6986973844918722,D.O.A.,surprise
5,3,0.1316200960599117,0.09515712420118883,-0.2455981669345949,0.1761830644848792,-0.6389521391698167,33.97568397328155,39.47646846928113,The Hangover,amusement
5,4,-0.015018550854222767,-0.003170710578355263,0.018996258080527184,0.14059099050066637,3.43253792432661,-7.548853862529391,-11.24026081166712,The Ring,fear
5,5,0.0071012457007368635,-0.0011349346170797872,-0.005576625895882592,-0.13837097840489854,1.1583777353881288,-3.666613411017174,-4.323883258654675,300,excitement
5,6,0.007665889309470264,0.0033504283938911444,-0.011440245255909365,-0.0012829257101949487,3.0017909791185957,-12.346540773800314,-26.681590350412442,National Lampoon's Van Wilder,disgust
5,7,0.0036726056151513906,-0.0012568364632494205,-0.0016892337227968346,0.030516631916978287,-0.30151929042011716,1.7193368493164911,-7.319196313605758,Wall-E,happiness
5,8,0.005409639629264301,-0.00235440398395582,-0.002614230956819452,1.3464049847774975,2.180712753662128,49.69609303875356,41.78601503284823,Crash,anger
5,9,-0.00162736259257424,-0.0008013958079494867,0.002700842651697455,-0.10517594398243624,5.503382531601687,110.04469729873372,72.41296417389528,My Girl,sadness
5,10,-0.022210559904200178,0.0008416119193290494,0.012469678297746145,-0.005142206635342816,-2.715394338759367,-1.5559717264496378,-9.205659504706734,The Fly,disgust
5,11,-0.02348451439940341,-0.011729150194611668,0.030698698592895868,0.013709507103742524,-0.7528614164167493,-19.67361500015268,-22.442302104617767,Pride and Prejudice,calmness
5,12,-0.13048115677792874,-0.031959274205412044,0.15990835196168884,-0.04909451749337945,-0.47140684504368835,9.519288020552228,6.709016310892963,Modern Times,amusement
5,13,-0.09446776553731906,-0.009043528709135829,0.10434180252927872,0.034139293647664104,5.939324153811782,10.454525550283353,59.866575789767396,Remember the Titans,happiness
5,14,-0.06697421856452335,0.004624534149939921,0.06381817608702633,-0.05762197561420157,-1.0691292495574345,8.412393214372727,-7.086193653560706,Gentleman's Agreement,anger
5,15,-0.07712626409526105,-0.01638508139174423,0.09715751251596505,-0.046123208737427035,-3.6523840634953046,-0.6696988762653291,-0.2593583747073964,Psycho,fear
5,16,-0.19690269852323136,-0.03971525779242534,0.23734677528639592,0.01980932820906567,2.0549336242462743,6.081622356517009,12.553775160705356,The Bourne Identity,excitement
5,17,0.0992497016180433,-0.03892161527407878,-0.04938895124734488,0.21841789735325712,-0.40726672357669713,145.533124520156,78.78074120584522,The Shawshank Redemption,sadness
5,18,0.04745893234233256,0.014049120787876082,-0.059768461571698905,-0.19269483807103782,3.6288557760821405,44.22405826501237,21.752859646933032,The Departed,surprise
6,1,-0.04128265432894568,0.039958858507185724,0.00305184825043614,0.19555711021400501,7.929261893471988,-2.9273012084932546,35.44642042912532,Searching for Bobby Fischer,calmness
6,2,-0.01770307226613499,0.023582311930727795,-0.013006589335751828,0.11924751294031077,-1.7653198056795247,-1.4176146181817586,-6.811786510759916,D.O.A.,surprise
6,3,0.038670746568803926,-0.09999352080876367,0.07098898748622348,-0.044385888394591344,-1.985219020007861,-5.380677972779303,-1.8435448875132323,The Hangover,amusement
6,4,-0.06261268863014047,-0.03705980874424264,0.10654514665259007,0.6657933082160659,4.7871010786435875,-24.690263366299536,-31.745228566391816,The Ring,fear
6,5,0.03519708265647131,-0.0627368783269206,0.026441897126721847,-0.02450913795201748,1.466676451585343,-4.939057235869917,-12.168698086405271,300,excitement
6,6,0.12458498949830443,-0.14971433507402068,0.03494670413201739,-0.30107913692108434,8.944698777244795,21.491746069823,21.09684315711982,National Lampoon's Van Wilder,disgust
6,7,-0.030296328835184794,-0.02711727260404756,0.05009621493741348,0.17456261916478688,-0.05736122387743592,-15.881082148878598,-15.01673329518627,Wall-E,happiness
6,8,-0.030217318916296254,-0.0673454416220873,0.09794522264582733,-0.15195738073384968,7.822667222124167,-41.901580651323755,-58.34019356534084,Crash,anger
6,9,-0.17194875566029472,0.05585597770776046,0.09940097559582725,0.3213060868326014,7.2761224640370585,1.989941989110335,30.21559066712149,My Girl,sadness
6,10,0.06302278587621948,-0.14943554521781394,0.07827126499407222,0.047752402310037745,-2.69654438960805,-14.068518035050772,-40.26718396182523,The Fly,disgust
6,11,0.011653960224267207,-0.04207010162913827,0.018448716622018718,0.09073157290580625,0.8975057207415063,-16.93224089644317,-38.14932938536208,Pride and Prejudice,calmness
6,12,0.08269294221853069,-0.09917830813542428,0.028364395427742023,-0.4423843059056267,-3.4586684632210876,18.847343239968566,42.50983614093483,Modern Times,amusement
6,13,-0.08489773503391249,-0.039246381912495965,0.1253758134115618,-0.09904715847907974,3.8474354710209298,9.815766715931474,13.350802081059143,Remember the Titans,happiness
6,14,0.08964641020879877,-0.1527623996645049,0.05173022458131013,0.010612039857013755,5.131022914726856,-15.80729140740496,-7.266149641233341,Gentleman's Agreement,anger
6,15,-0.0819218922046615,0.03953149512361792,0.050933769678350616,-0.11990399664345874,-23.653556006246532,-198.18537568605123,-149.89490582922036,Psycho,fear
6,16,-0.043850092402068996,-0.009577190602160668,0.05256538735642621,-0.04098259917377467,-29.255369028050993,-186.5881173119834,-100.59135248393089,The Bourne Identity,excitement
6,17,-0.04881247005482625,-0.025781469169808113,0.08161109046773973,-0.060077212040553274,-12.772407525171289,-27.502502323138735,-67.42822987020935,The Shawshank Redemption,sadness
6,18,0.08917137490810437,-0.11339449210392161,0.017986867809041657,-0.06775563669892559,7.1438190370534045,-97.62229434914322,-48.0862819535738,The Departed,surprise
7,1,-0.05797361325297812,0.07928856841954976,-0.03285554999530371,0.16643386921906922,0.5295256900883629,-10.63779931089774,20.28486916086341,Searching for Bobby Fischer,calmness
7,2,0.049630824208631186,0.03010046788616333,-0.08107015576830745,0.07889536573992961,-4.0769023261221875,3.2929526906359214,-25.82385548376768,D.O.A.,surprise
7,3,-0.009230194709762718,-0.024229962081621093,0.03429237248933942,0.014721388976024041,-7.443053863912709,-4.579717698331464,-65.82056012061395,The Hangover,amusement
7,4,0.09018823603481574,-0.06279875016302633,-0.01454236869397324,-0.04066827586827815,-8.132876613502255,10.196689479119698,-71.44288322216349,The Ring,fear
7,5,0.08614666167976354,-0.07801109966671177,0.010869724679326176,0.025741334141514027,-1.6408383422526427,-8.689598286953569,-33.67125153974757,300,excitement
7,6,-0.13321802264538518,-0.1371960188575846,0.2802997941192672,-0.0891736308555986,-3.558122382417416,5.05097891839695,17.184275379032925,National Lampoon's Van Wilder,disgust
7,7,-0.07298494953271656,-0.07789562563671668,0.15033422006867364,0.23358484442071603,-0.05760022885804972,45.587035947605735,69.74398672142745,Wall-E,happiness
7,8,0.07994923753449296,0.0036970771220283805,-0.08445738744449632,-0.07064203596247598,-3.447813105827116,-63.6817385803284,-68.04643992478445,Crash,anger
7,9,0.04956442391957211,-0.0056308505597866265,-0.04294475405165765,-0.05565382401913821,-10.410214296482863,-69.86305672802047,-73.3777297956383,My Girl,sadness
7,10,0.018407185648605606,-0.05416381093163708,0.04482301776265496,1.6409145225082677,-6.264055325336585,-31.820413444185704,-81.67652106991177,The Fly,disgust
7,11,0.012181435344881308,0.028216967926440517,-0.0523512995968935,0.5596649683629669,-0.8829331896109025,-16.011023044839305,-42.2932263297685,Pride and Prejudice,calmness
7,12,0.05748479247314031,-0.1225384416677128,0.07896187575554847,0.07942262648201348,-0.873151749213342,-15.864544504472576,-21.509430436626985,Modern Times,amusement
7,13,0.010734687447978786,-0.0559350156599544,0.03542039570482736,-0.046223597473195266,2.143997607870169,21.152282640627135,42.200865956908075,Remember the Titans,happiness
7,14,-0.025421268483162673,-0.011747954755995521,0.03321095755492742,-0.29361645522418023,-8.562467491790564,7.5263680765992405,-59.23237272262941,Gentleman's Agreement,anger
7,15,-0.0624949455869358,-0.09119823644143596,0.1603585935344359,0.022871463664342784,-5.274678155960878,13.746994262636065,-35.70844924512653,Psycho,fear
7,16,0.0909016589141955,-0.06437910849131165,-0.018383888058600972,0.001766101003068954,-0.5789161444446762,-2.2004772782900304,0.12136860600919874,The Bourne Identity,excitement
7,17,0.04880146927132489,-0.052165850984530554,-0.0007741444613311721,0.299625007620957,-10.96880178319276,-56.60420527040965,-115.89431451647748,The Shawshank Redemption,sadness
7,18,0.09225917249200721,-0.0889305776594212,0.004231796050111869,-0.07429916430679695,-2.039835674618857,-16.023383993434706,-22.036335162809245,The Departed,surprise
8,1,-0.028215066378485754,0.034589307583591467,-0.008149855139003431,0.260869172735926,1.6881947004901576,32.63165547172696,27.816475161504457,Searching for Bobby Fischer,calmness
8,2,-0.057061491658239205,0.03675969773237395,0.02484261123341347,-0.15942036583549202,-3.818795727385748,-108.6151629642923,-73.8328378540184,D.O.A.,surprise
8,3,-0.00032752845883876613,-0.007056711139656502,0.009817238459614297,0.11761565976233568,0.6009940133729685,-120.120422799525,-88.02256290120738,The Hangover,amusement
8,4,0.017851424564492235,-0.011616890359181065,-0.011162586409678654,-1.0565499761118073,-0.9706339047473165,-81.44616842282241,-42.78484263853349,The Ring,fear
8,5,-0.017818482234468525,0.015484390648288604,0.0029259844269177993,-0.7515291721831483,1.73743279006014,-14.542005890061404,-41.8127776075431,300,excitement
8,6,0.05331260865772386,-0.06435955785843628,0.013243413230364431,0.6498812399694196,0.5185112767676685,23.02885168439017,17.18181275668033,National Lampoon's Van Wilder,disgust
8,7,-0.019132162210682646,0.000469705648603852,0.013508085554444271,0.09359082924440854,11.67836409798943,-6.53964002479924,0.1513644813507682,Wall-E,happiness
8,8,-0.029882451984343583,0.000840363139110345,0.019799257944351417,0.11437440317707814,-2.8464300801970523,47.723053885565875,28.748429710265867,Crash,anger
8,9,-0.0596135007534091,0.03149369601077809,0.023623347013434243,0.10121983392979805,-1.2280473044642832,-45.60420855291945,-55.82642405255398,My Girl,sadness
8,10,-0.040391198887677504,-0.019520710423543475,0.062423766291621385,0.8015928670802333,-1.3147392950579615,-76.62097900518097,-47.49909591704767,The Fly,disgust
8,11,-0.028920902920059333,0.03186632237692649,-0.011895157855841276,-1.8427855435045015,3.277829472514796,-31.198956571853444,-48.55115912923017,Pride and Prejudice,calmness
8,12,0.004679868649228258,-0.034771926140993004,0.03619236338816165,0.4413736794290113,6.288810934154853,-57.950554076103174,-56.82852896296956,Modern Times,amusement
8,13,0.04588804097483984,-0.026965190210314433,-0.012485113110932256,-3.553869794666876,-1.2770615850749465,-66.66072357628695,-69.41468541827888,Remember the Titans,happiness
8,14,0.026858566023172215,-0.031995409317914,0.008600750568445975,-0.19716524601627494,7.015043478788854,-131.62283303286037,-94.20324983707539,Gentleman's Agreement,anger
8,15,0.026957152257696793,0.007004075957131595,-0.02671667484975876,-0.04634732963059207,6.421992156135332,-62.49380604304224,-48.97041423983637,Psycho,fear
8,16,-0.028641897445378095,0.02021716080753322,0.01193529575507063,0.034131270271418934,1.7223272662313747,-31.66282682752157,-32.308233645043,The Bourne Identity,excitement
8,17,-9.469902471120895e-05,0.005554411380525148,0.0019829292381736974,0.6225683197430127,6.799361420194458,-54.222872376303826,-47.07998828786779,The Shawshank Redemption,sadness
8,18,0.05006733310854733,-0.05450293459018196,0.010955896147506083,0.02796792558442096,2.572781064614503,45.844735541547976,-3.5909836417099825,The Departed,surprise
9,1,-0.06958637838937892,0.09999326831007216,-0.03534416841932336,-0.47278513627791074,-3.4857886805969684,0.2569835210568776,-14.358938697444263,Searching for Bobby Fischer,calmness
9,2,0.03189112140263228,0.029002034587538694,-0.06690692892904365,-0.09456111973966674,-0.4656853217628054,-5.01913442498158,-16.67682326058693,D.O.A.,surprise
9,3,-0.023428948958834184,-0.08787003490193657,0.10870649675907662,0.060637031783975726,-0.9737463286464845,71.52594288275455,40.13416318769389,The Hangover,amusement
9,4,0.059186471678802005,-0.15976703377348495,0.08748999809644048,0.007056488705619923,-2.751704243087616,-5.3796907075561435,-6.268445174059973,The Ring,fear
9,5,-0.018025571403284257,-0.07267283077728692,0.08612627315585841,0.9565703131504004,-3.023248787696488,-132.95664074214184,-82.07305559600672,300,excitement
9,6,0.009011608997905762,-0.11593127068423612,0.10621863716635516,0.18807515844501133,3.358505483932916,85.68339821810966,76.5780552147452,National Lampoon's Van Wilder,disgust
9,7,-0.0177965079937345,-0.1046627221402846,0.11255246054623047,0.28568657662530317,-1.0372660800280045,39.93332429116789,22.455540135652278,Wall-E,happiness
9,8,0.01624172457246925,-0.03973478220361876,0.020201009050922814,0.0056325175474079,-1.716534665940884,-9.055501344085279,-12.53115404300874,Crash,anger
9,9,-0.10887625422035238,-0.12572053774337988,0.23034785010234649,-0.10203198638268818,-7.671617462210392,-74.92531280929023,-57.03336338974377,My Girl,sadness
9,10,-0.04830490927654518,-0.015945064342589854,0.06362260839720554,0.2739716847937954,-1.6117364832768146,-52.623103826656134,-23.63379010563537,The Fly,disgust
9,11,0.0021995052775407586,-0.02140470373624692,0.016529095843615338,-0.2489465475306245,-0.6749882913408243,-1.5041495563693772,-11.565027180177385,Pride and Prejudice,calmness
9,12,0.004928938667920768,-0.05033057877974101,0.04467387338843337,-0.0007236677107478329,-4.005681473608277,-31.614897954707445,-26.6962186567744,Modern Times,amusement
9,13,0.04256840511900506,-0.10932233107778666,0.06203736893897549,1.4365481534133346,-1.3532280956177374,4.709032988300727,-12.79269396055657,Remember the Titans,happiness
9,14,-0.014889922454715154,3.120522101007772e-05,0.017679707876310652,-0.0708480172242334,-1.748709135984356,-26.848778493177477,-16.868387537332183,Gentleman's Agreement,anger
9,15,0.01119278115162442,-0.1193021145720734,0.10037573369031413,0.03250350901495791,-2.959460122538829,139.97120496503453,100.82623427498459,Psycho,fear
9,16,0.010508872931121183,-0.06105966609362862,0.04528931320472865,0.0035105580684349214,3.11879559144451,85.16926727133657,32.887030504442755,The Bourne Identity,excitement
9,17,0.04898746174007562,-0.13286942692256581,0.07998646806937518,0.011737919268521857,3.7976656014785135,-3.5573689908676016,10.0017416518426,The Shawshank Redemption,sadness
9,18,0.03861824657058366,0.024967578314711525,-0.06212972557806434,-0.06530563901429964,1.5381908826896762,3.2715735447925773,-23.66655655977616,The Departed,surprise
10,1,-0.025277776044382194,0.003725063345262042,0.02060499503366023,-0.14048231056681182,1.26304266546407,-8.828792669253879,-13.054499438718423,Searching for Bobby Fischer,calmness
10,2,-0.04777314968173918,0.04988093530039911,-0.014687470029570604,-0.5580258649242964,1.1176649027258776,-0.8236569900581951,-2.6367302614321453,D.O.A.,surprise
10,3,0.0005569634938240031,-0.012578389885500613,0.008825984422361266,0.01678028821303834,-1.3184413106493196,-4.7929982727300136,-8.991455416310131,The Hangover,amusement
10,4,0.047523683743891376,-0.007420591412554384,-0.04053118054053201,-0.18103859996395633,-0.20894305434541138,-13.59219269882236,-7.325821541789491,The Ring,fear
10,5,-0.024101160831069945,-0.0021145263501450573,0.021084314431495693,0.13965178732201533,0.10721810574315782,-4.739813511671583,-7.059435773335693,300,excitement
10,6,-0.003991682769016847,-0.03085785492699039,0.041903330721208415,-0.14118480098386632,2.791658909722912,-5.605924005193227,-16.97006400011686,National Lampoon's Van Wilder,disgust
10,7,0.013532078584479357,-0.0035123209206004147,-0.009129452958313439,-0.6906841484004866,0.8923940285644107,-19.20635293909865,-12.625669010993818,Wall-E,happiness
10,8,0.022650872113374187,0.0009096304588886994,-0.026593023429025336,-0.2604211628620581,-0.7790278757462801,1.172667828155248,6.41010804461256,Crash,anger
10,9,0.004395836537387621,0.0033354725206327374,-0.010836425917739423,0.03885528243079017,-0.1869133197074575,-1.8168158332219981,5.8283975736482745,My Girl,sadness
10,10,-0.09080054335623655,0.020659498791106012,0.0616940880268666,-0.2323743599761463,8.416410360797016,7.344309765608358,-7.862385313344085,The Fly,disgust
10,11,0.15551701917987315,-0.02197692230047335,-0.12362720780248782,0.4228982847345266,4.292685947662321,6.459161353319814,-4.571341315026302,Pride and Prejudice,calmness
10,12,-0.0638437225434636,-0.007180380495134253,0.06632209455374119,1.6569561102931014,-3.5494745982189784,-16.662625080416035,-27.660339168354458,Modern Times,amusement
10,13,-0.21182880967301443,0.07682270118568535,0.11102513808246456,0.03510572538592083,-0.45785125514717606,-15.52811779485264,-14.800072975331023,Remember the Titans,happiness
10,14,-0.016008885843884046,-0.00682187828223485,0.025676383569843836,-0.26284628732061766,-4.013434492338689,-0.34850097120614976,3.3295852628977762,Gentleman's Agreement,anger
10,15,-0.03243639788948488,0.019587474992658477,0.009130036814312459,-0.5175784105519279,-3.8417756883297045,-4.917503421671377,7.268612908828786,Psycho,fear
10,16,0.003438537251576057,-0.006338454032076141,0.0013613649799214533,0.08279943635180453,1.6490602118119426,-3.5429024476920965,2.7566905654568927,The Bourne Identity,excitement
10,17,0.04550024390186502,0.010412560024980505,-0.05835134129863678,2.474736584140862,-0.7373235392202133,9.983463105028584,14.560020616749455,The Shawshank Redemption,sadness
10,18,0.07663573512374006,-0.034853350693978824,-0.03947333819093041,0.01878644308816524,0.8194825228159885,-0.5947246922163743,-12.879698006014927,The Departed,surprise
11,1,-0.002618288420421777,0.02467960537969352,-0.022601185709170524,0.639229463418741,-1.9884602577264587,3.684745059535736,10.503665311696253,Searching for Bobby Fischer,calmness
11,2,-0.0032431467618699306,0.0025990947382119323,-0.0002428817245979098,-0.3935182884201138,1.9023616717923488,-1.457172569235322,0.4675887366595113,D.O.A.,surprise
11,3,-0.022244019724161068,-0.04445098285290036,0.06400259724923485,0.7100934611607466,0.25058448287144586,8.019088816848619,21.6625094997161,The Hangover,amusement
11,4,-0.011330080847021196,-0.04442790291708565,0.05223641286294578,-0.40412208414652895,5.429430395134801,-1.3159259588931889,-6.286754408833701,The Ring,fear
11,5,-0.09201127025363576,0.023740750093180052,0.059269733312224904,0.021535880417991482,0.2334211602137799,-1.061311540543855,-12.592886255819586,300,excitement
11,6,-0.041502115465298195,-0.03376330873082167,0.07675941346315551,-0.32274023373204885,4.6435820003902535,11.051567953205733,6.6730154540917255,National Lampoon's Van Wilder,disgust
11,7,-0.019000819222302734,-0.04628613984246732,0.06845815912729114,-0.14285425990236522,-4.452977897468372,-12.002156219601645,-10.050302852066864,Wall-E,happiness
11,8,0.03858260502910821,-0.08316224824278792,0.05071975509547444,-0.07629727331286018,7.354874181376417,-5.390870634688614,-6.740464780903146,Crash,anger
11,9,0.01337053070287042,-0.0222064068548109,0.011104084489215349,0.03963665396454852,-0.4905874765144489,-2.500401539909994,-21.325646261721054,My Girl,sadness
11,10,-0.028160829686181388,-0.018403661697605517,0.04274881853761989,-0.9085083841632846,2.505850854081814,-23.78440803524128,-31.076838813414376,The Fly,disgust
11,11,0.014922440529360426,0.007528065366535525,-0.02697698550135985,1.0073022906420626,-1.550607400032817,-11.165969937206832,-1.0485310409205084,Pride and Prejudice,calmness
11,12,-0.10065284013754999,-0.008821393561816548,0.10587925081723121,0.27945128339432346,-4.191314028967781,-4.804402153604428,6.59348336735502,Modern Times,amusement
11,13,-0.003661539448397755,-0.04790786271778613,0.04964298710592635,0.19731600707301533,-0.44591379070996595,-12.32406245324896,12.556348943891422,Remember the Titans,happiness
11,14,-0.04050209549954353,0.025365765285858294,0.014275977120474903,0.21133506119557355,1.6804710780599663,-1.1207960915323412,-5.781050968391156,Gentleman's Agreement,anger
11,15,0.0042223262422084185,-0.026346772782547434,0.029911084983743508,3.265300388384181,1.778285722358092,13.05408273627215,20.740146002656047,Psycho,fear
11,16,0.05203097477918639,-0.041080177694924225,-0.014732061606716917,0.021243158752155544,-0.15554071563266803,-2.500975056401277,6.457232452502403,The Bourne Identity,excitement
11,17,-0.007959429271325424,-0.017593623972622013,0.025229391934282586,0.04258951182425896,0.9787591228213017,6.352554559116982,-0.5025543461945432,The Shawshank Redemption,sadness
11,18,-0.011790360839617098,-0.03122012275364419,0.0487153508025589,-0.049231889139892626,3.697738082170204,-4.621434537343532,-7.191307523920422,The Departed,surprise
12,1,0.009115529541553535,0.003274565128744855,0.0014144026895771544,0.0060010708125726175,0.8534762442823052,-4.948398962788573,-19.251153728061226,Searching for Bobby Fischer,calmness
12,2,0.007629745209628447,-0.005934242725423977,-0.009270167813619445,0.08064079097021315,1.8019613436404285,-7.547206894870847,7.209961202470019,D.O.A.,surprise
12,3,-0.034937580273124824,-0.039230378387550835,0.07636547373548624,0.15931420439429123,-4.562400856216712,9.598382414201517,-2.5113476703212356,The Hangover,amusement
12,4,0.029214070525959424,-0.05249168218370498,0.015494581489271964,0.25332247363979055,-2.2877332250510136,6.567845325791119,-2.0152153894931644,The Ring,fear
12,5,-0.008609249949997289,-0.06552595324199623,0.0750710856014512,0.19408443329959235,3.2543434874593515,6.913577381679062,-46.79647052947553,300,excitement
12,6,0.05892378887858474,-0.09506785559671482,0.038106516708881155,-0.3291657108757129,-1.3369298307076036,76.81009911072078,61.75164004101401,National Lampoon's Van Wilder,disgust
12,7,-0.04480717204566703,-0.02117936964732986,0.07045130480903283,-0.14610210524722866,-7.443304280497017,19.06563337904943,40.68686258120203,Wall-E,happiness
12,8,-0.04722328943071702,-0.024613986165053225,0.058569976685942826,-1.6521841002197843,-2.7962936709795514,11.903012216033908,0.0132336241904909,Crash,anger
12,9,-0.051511769047888234,0.01817276642850868,0.030774230206635278,0.11490105967273823,2.7286472362150533,-43.59695607689778,-46.78198197481614,My Girl,sadness
12,10,0.04390370358412071,-0.054463485472562134,0.00891597814260009,0.1727961370757214,-2.512181407183391,22.160578691232512,16.123810051159737,The Fly,disgust
12,11,-0.03118028338267803,-0.0023177468039159987,0.025266300625682914,0.12041623086141562,1.9692059813826859,-5.113098752736384,-0.025248903027829783,Pride and Prejudice,calmness
12,12,0.0003318537937219146,-0.03483964658587743,0.039631137660883275,0.03369731772268314,-10.330086430930706,67.68824363047543,66.72306827690791,Modern Times,amusement
12,13,-0.01979236111013999,0.004393482855155173,0.00737875037937219,0.24906993547667722,-1.666978764107185,4.724024834890628,-29.652469919760385,Remember the Titans,happiness
12,14,-0.12969682470565047,0.016873587333431306,0.11198907995429375,-0.5450595360904498,-1.6551485572332467,-0.3267244099129911,-1.0376477017569812,Gentleman's Agreement,anger
12,15,0.08808615990086643,-0.0389427400627399,-0.0450393472918178,-0.4721842680021836,-8.741043677817387,21.294422600487664,26.986659317512768,Psycho,fear
12,16,0.006724481385330411,-0.04980739103508494,0.04819165391091418,-0.07322632203943158,1.6481198918408921,-4.938532441388094,-32.849204331777315,The Bourne Identity,excitement
12,17,0.021492282829464693,-0.09179229621185422,0.07499467117732289,-0.061049229445471864,-3.789974762771706,17.64399123008208,21.452943542584954,The Shawshank Redemption,sadness
12,18,-0.07924838880044258,-0.030964807262905097,0.11032633852624896,0.42716472162650826,7.9843415064257925,-70.71481607976494,-99.7977174229868,The Departed,surprise
13,1,-0.0028269535901291887,0.004531358620684683,-0.000411761307278935,0.1342759094060837,-4.761922319812292,-16.675981847285357,-28.490419160561487,Searching for Bobby Fischer,calmness
13,2,-0.021320368470151285,0.0227565773961646,-0.00728072614858466,0.2912008866553458,0.8405823482208987,-64.62916862387235,-48.53181985009325,D.O.A.,surprise
13,3,-0.13218953464502625,-0.1157006184744535,0.2423362059947775,-0.2812798784045504,4.053519687176944,20.567073204460613,53.528109811927855,The Hangover,amusement
13,4,-0.044023709749161616,-0.035416264085152305,0.07989451199218611,-0.27157356332387195,-0.16510594523750655,-11.722153972263754,-1.8193259449473018,The Ring,fear
13,5,0.04547518673443665,-0.018364624665626134,-0.02539751682721625,-0.25443952310838164,0.9017027302576395,-42.447160667515625,-39.06154555819417,300,excitement
13,6,-0.17264857741868692,-0.0701832614223129,0.23696484426204056,0.052608389615685924,0.517638911468886,3.3085879780134206,28.27024655525618,National Lampoon's Van Wilder,disgust
13,7,-0.03266305593716923,-0.0333827247453915,0.06713684910687168,-0.1350996811080678,1.4349201390490336,-69.79807517523508,-49.47536104047157,Wall-E,happiness
13,8,-0.026489331330770083,-0.015000071783863589,0.045146182202233986,0.032958675731047826,2.8652505786328817,28.341439077594167,5.072788453455772,Crash,anger
13,9,-0.0049754649001299,-0.014597747947090428,0.025059598559482477,0.09440272106033287,2.5878596706521577,-21.693899176858018,-19.691824018054312,My Girl,sadness
13,10,-0.17436213066541062,-0.12493660631923562,0.33275818161623427,0.8534695199180833,-4.241143077046296,-3.0372686538675424,-27.378689927394035,The Fly,disgust
13,11,0.00015097049717973212,-5.683445365336874e-05,-8.780469058988771e-05,-0.1510634436727507,-2.6232482025243655,4.968264598985044,3.392034167680613,Pride and Prejudice,calmness
13,12,-0.0067960161325007875,-0.0012593093371828414,0.008463988887840723,-0.8616248770733641,-0.26861911697940144,-0.3086988351879256,6.043025388933842,Modern Times,amusement
13,13,-0.17596510330951443,-0.02529528400805705,0.21471987829253658,-2.130739525053367,3.14036351502439,-2.7136448273174096,7.04227152743028,Remember the Titans,happiness
13,14,0.0004824132293555347,0.00012344224301968605,-0.0005355999936781375,-0.3753144782109987,-5.005896765571322,13.677833977202148,0.9925973169193156,Gentleman's Agreement,anger
13,15,0.00029908492226435324,-0.0004502291103248065,3.035607167001242e-05,-0.14235892721847243,-11.747930018911127,58.74422203520537,1.347843157560277,Psycho,fear
13,16,0.11772579193670457,0.03736918381154337,-0.1651828862029575,-0.2529418626394504,2.0452409113142878,-46.5364503628651,-35.04261730099054,The Bourne Identity,excitement
13,17,-0.13496236907315987,-0.042775119140053684,0.19531059461601952,-0.3555844867432212,0.9817079809634706,-61.59710125109456,-47.33701796768368,The Shawshank Redemption,sadness
13,18,0.03082118549147808,0.018731437447586048,-0.05473076778294628,-0.7716141785563675,9.189349545038873,-130.12662620453162,-92.33279672854214,The Departed,surprise
14,1,-0.09201160193602131,0.06408792744160752,0.023330665962450425,-0.11300085325251158,28.972698965231217,233.74549155705554,150.1585114917002,Searching for Bobby Fischer,calmness
14,2,-0.018153594556072072,-0.05014896777786265,0.06392398866170917,0.20056066251075497,-2.548730851461528,49.546027798804445,-35.005085675501704,D.O.A.,surprise
14,3,-0.07361277875613606,-0.03291833249635473,0.09781939784385091,0.3407089139404274,-2.469269569632445,-106.91251642729586,-68.99168810484682,The Hangover,amusement
14,4,-0.1426515679339633,0.012557226458864312,0.1181313406069896,0.09079681896640324,28.037897122577064,155.4922329859481,-27.20132310763975,The Ring,fear
14,5,0.046015942987126385,-0.11650235004292259,0.061024782810674694,0.2684855090889549,20.197177195886766,-46.4157229985216,-64.06936944558578,300,excitement
14,6,0.0316510754586424,-0.1163506268390028,0.08347712764233639,0.0518648103380894,-2.875815593566287,-17.891849914802265,-0.8836200116024884,National Lampoon's Van Wilder,disgust
14,7,0.014805751144846835,-0.08853290177156437,0.05870625862988288,0.12440065315290057,20.0125208166977,-18.55660921917064,-68.0556471580827,Wall-E,happiness
14,8,0.007276745379498073,-0.1001822146704125,0.08211305071405284,0.10514518881536034,11.051192403472541,-40.8321893570687,-23.12941641793165,Crash,anger
14,9,0.003522344157544599,-0.034133661269334536,0.017796468930421916,0.18789547986912286,6.799156537088052,-28.132571101060307,-33.21744559470915,My Girl,sadness
14,10,-0.028723450745428147,0.07709944991256595,-0.04420058679256256,0.17994127644370028,15.657080799269977,175.97818757328062,89.18987274395701,The Fly,disgust
14,11,-0.01704601870412145,-0.03469413293294027,0.046900051339405724,0.008420474531811495,14.184033233448545,20.49283941085457,-16.28484136423154,Pride and Prejudice,calmness
14,12,-0.0019817288930412957,-0.0553660604903094,0.05410260573071529,0.08423886682004933,13.523403992889968,68.6792997137035,28.8754888888802,Modern Times,amusement
14,13,-0.018624681930251213,-0.07064734959105484,0.08676941422269041,0.5260143772950895,26.64193880964426,-30.817293652780336,-66.42016641752463,Remember the Titans,happiness
14,14,-0.01622036310956737,-0.05384165266712376,0.06205443122342841,-0.25010297279032767,-12.294960498773307,25.926596761678525,46.40072528309676,Gentleman's Agreement,anger
14,15,-0.02340900071585411,-0.04545225541794029,0.06866703928255319,-0.1096710907374373,-11.662086762252642,-163.69532766924348,-134.48383757408297,Psycho,fear
14,16,0.02055259891094624,-0.05590652072930996,0.0337904978200555,-0.6892877012585169,-12.589930949591981,-148.37632322477987,-111.18478365319928,The Bourne Identity,excitement
14,17,-0.0034433893101705193,-0.06571256557549204,0.06591029512735697,-0.37507482573485884,23.52801200646371,-41.75653476663592,-59.63791445068645,The Shawshank Redemption,sadness
14,18,-0.09416650640406729,-0.07887307149888628,0.1713596539320752,0.5271676692964926,-14.474632854050007,-161.47890403584057,-163.05795591072655,The Departed,surprise
15,1,-0.40023554135527806,-0.07914544995054819,0.4958437153750154,-0.5762893603986776,-4.973652086918172,-59.02280584426026,-86.67599415631082,Searching for Bobby Fischer,calmness
15,2,-0.02099670334923332,0.00283673382338296,0.016887912767528213,-0.08046318120208706,2.786845952398771,-10.660839451472924,-12.541040724613367,D.O.A.,surprise
15,3,-0.32714134310644544,-0.11762730139113484,0.45247925654038296,-0.443595510891288,-5.1947070489498515,6.272027939115262,-17.377631111229817,The Hangover,amusement
15,4,-0.5087253521697315,0.018888246916839324,0.4987934872489562,-0.16033929604049046,-3.0123955465791,-68.97137707318659,-64.68431240436054,The Ring,fear
15,5,0.0786816040332442,0.047410182402390005,-0.12600383036442353,0.06766210662865713,1.0441692036025643,-2.689196366420809,-16.06714042668709,300,excitement
15,6,-0.1543039029394462,0.005046440844197447,0.1393288719147726,-1.7028060606020752,-0.5106554213743806,-0.3917550193102102,-1.5990510337327493,National Lampoon's Van Wilder,disgust
15,7,-0.39248402040228786,0.036241133744540355,0.3576940228281495,1.6497760987508676,-0.4758653377402595,-24.90603306594766,-37.30490129856048,Wall-E,happiness
15,8,-0.10562355199816637,-0.05702420025618968,0.17117294478207995,-0.4785473493322031,1.4783905225045615,-64.51572084272918,-57.101549436760905,Crash,anger
15,9,-0.24410278697638488,-0.1689582255192187,0.4406593950483905,0.3837655796249221,-2.291642703430604,-32.65268988296678,-69.17686552691993,My Girl,sadness
15,10,-0.09332341910855879,0.0021770802809239764,0.10316519236379673,-0.4540012109055245,-3.8319710784686976,-44.51187237698648,-35.28067046012156,The Fly,disgust
15,11,-0.20265623704758418,0.011624542412644684,0.1886769983915046,-0.16731996090898216,0.7633064858363241,8.932218849482133,-8.14103098679621,Pride and Prejudice,calmness
15,12,-0.09223130978619865,-0.0056351706215459485,0.0945986507248136,-0.09095780374595641,-0.9341491086188825,-9.732045936795231,-39.72322287566735,Modern Times,amusement
15,13,-0.00818518436023552,-0.009070482830870086,0.01505282707159028,-0.03583882911625125,-1.5342847414227165,7.759756040554144,-9.934387270043757,Remember the Titans,happiness
15,14,0.0006151304507969191,0.02350553597846683,-0.025919617864675448,-2.7317893097977795,-3.8644289598681567,-5.573003314133672,-18.36048136678339,Gentleman's Agreement,anger
15,15,-0.10691519783434139,0.004633239435277381,0.09545112609055484,-0.3734820759970505,-4.467446576159276,22.84476716590961,3.5926462648311244,Psycho,fear
15,16,0.04267621168842378,-0.02447559749195577,-0.02332980682903585,0.7862862327031492,-1.4458041832980797,-3.513594562706075,-19.78871929807579,The Bourne Identity,excitement
15,17,-0.05491477637445791,-0.018380865389647866,0.06722671082139886,-0.042044271417633006,-2.5255507608448724,-14.008116117021316,-16.479614446963254,The Shawshank Redemption,sadness
15,18,0.19577616718023916,-0.06113186458276393,-0.13205342273423415,-0.4189173752335895,2.3573893202269005,-10.541781257945132,-24.978998625268687,The Departed,surprise
16,1,0.031870499287550424,-0.0038278116286236397,-0.024883074956460804,2.698763422193952,-4.027326575175692,29.743116279916215,14.73191538650535,Searching for Bobby Fischer,calmness
16,2,0.0514969049373421,-0.017496378739305513,-0.0352398646846272,0.26200332860613695,3.298210532044024,-3.7582560884832326,-6.568122824625405,D.O.A.,surprise
16,3,0.01664625701142247,-0.04508609108949013,0.026717028575541424,-0.16550558846772834,-1.8475933044510384,-4.5539736282731695,-5.637730642607515,The Hangover,amusement
16,4,0.04299438205583628,-0.022193206415327377,-0.012250428246628503,0.09635525141453805,7.855356123842327,30.733664095903404,46.164108766339545,The Ring,fear
16,5,-0.1644988069125337,-0.010409086307141047,0.16075951821786927,0.4758582916802876,1.1312394466536517,-18.04173368734016,-11.540085194678174,300,excitement
16,6,-0.056939008111779765,0.02756746557548656,0.02103052183651183,0.12961791214712548,2.3384468409642665,-6.618073670234978,29.5241934118461,National Lampoon's Van Wilder,disgust
16,7,0.0037122396309545724,-0.03891894501053994,0.03451726848797082,-0.4111523452090582,0.7561432646672159,14.499005256042615,9.489044369996783,Wall-E,happiness
16,8,-0.01890310313656221,-0.018946819613091276,0.03769332597627151,0.1860276934611047,-5.631938033871577,-30.82027883584776,-44.994866483473764,Crash,anger
16,9,0.034294739409426095,-0.03150037252297569,-0.0037338633281895905,-0.04290980216968254,-0.5728338256932517,24.953386511167682,23.039714899816634,My Girl,sadness
16,10,-0.04396958136190149,0.015248605426743084,0.023934793748760952,0.008078098156219848,-3.305383932515639,9.906945901604129,13.230025178318947,The Fly,disgust
16,11,0.024079809839819583,-0.0004531941477957102,-0.02049704809879893,-0.1579067860837755,-0.1949694358152243,11.967244604808993,10.996750368398711,Pride and Prejudice,calmness
16,12,0.04514434090705294,-0.014980439679865232,-0.03920960092983955,0.25423002823310625,-3.437312870785931,5.53545280801173,2.073530916352997,Modern Times,amusement
16,13,-0.0029933577523687527,-0.038854661647584054,0.042906208368076515,1.0498033274180578,0.3263106652029393,1.5174078967230926,12.088863252292668,Remember the Titans,happiness
16,14,-0.039554756036912275,-0.007786963284890758,0.05029370899954688,-0.09475988527119927,-3.698166861914885,6.145287069113076,7.270278857034157,Gentleman's Agreement,anger
16,15,-0.0665438687382453,-0.005436516243046308,0.06596448595024534,-0.0027444643447793737,-5.12715377329539,13.508719166579459,17.918692476806186,Psycho,fear
16,16,0.132874054919228,-0.006370955250580124,-0.1343751677836459,0.4018580297990342,1.736828373372603,0.9870095414302895,0.02122367236584566,The Bourne Identity,excitement
16,17,0.08307278439388804,-0.07003658674156785,-0.003237566668804648,0.5210293643160044,0.47842787172396584,1.144219004337117,10.655540006850686,The Shawshank Redemption,sadness
16,18,0.014168103031251544,0.029240982335374227,-0.04664302726169123,-0.17291065501255876,2.730884828833311,-5.6215047569690135,-16.095290699832425,The Departed,surprise
17,1,-0.15213848410759434,0.031097420658109942,0.11859665071991762,1.5510330653959246,-1.22551741658107,-62.11515397368858,-56.05624635277162,Searching for Bobby Fischer,calmness
17,2,-0.1249447657789799,0.18594536173347792,-0.05637043252375318,0.4130843390533374,-3.6105610944230477,14.96513101509926,-34.26799169964289,D.O.A.,surprise
17,3,-0.03741990630870434,-0.006873909733582428,0.03996813249994624,0.4804734065879743,0.40184827975465964,-30.4957730427019,-61.618699294991615,The Hangover,amusement
17,4,-0.10786000742842963,-0.07281010259315335,0.17794765290935088,1.2515015801835037,-3.167368083465007,80.44873590250896,8.888608279812189,The Ring,fear
17,5,0.06530132472821265,0.00893222209604655,-0.05990313123447749,0.4809169277644134,2.089152667796597,8.173491583415966,-24.583776585666897,300,excitement
17,6,-0.14654767838245963,-0.017067370141648802,0.1531938759142084,1.7859820670160431,1.516913363792895,33.4693044264429,7.379976243602783,National Lampoon's Van Wilder,disgust
17,7,-0.0264687335896866,0.005502389189973533,0.020668468148372338,0.7294345434251728,1.8873304540037168,36.874083183668475,40.05372500373416,Wall-E,happiness
17,8,-0.15944471960180906,0.06507006164824486,0.08568996910638771,0.5259885733075418,17.474202562787113,-110.18824901306786,-79.18251437816991,Crash,anger
17,9,-0.20198276146167493,0.09237233759661084,0.10150474863887055,2.707557617675752,4.926364151390516,-154.8234337648675,-81.77863753473098,My Girl,sadness
17,10,-0.03241244816324901,-0.1325190031987473,0.15478469374608733,0.02920999448750905,-0.9016110151940353,12.836446878203176,6.650163911679215,The Fly,disgust
17,11,0.039101283266253506,0.016002107326736792,-0.051179696411572606,0.13425371673928144,-1.3146001888340635,-9.143473310037699,4.0493054228739425,Pride and Prejudice,calmness
17,12,0.061025376023679745,0.020265503724120282,-0.07516879835504758,0.20580235048075268,-4.569915755037201,-28.578949159210424,-19.63803021767515,Modern Times,amusement
17,13,-0.01692621555942131,-0.04634833229694607,0.05264646782208282,0.2662260624406003,-1.358474314744683,47.64157496303373,35.346941848515826,Remember the Titans,happiness
17,14,-0.02552170737172102,0.10319326284011915,-0.07932708806113858,0.3925846441512322,3.917146566967361,-57.250693236806605,-48.44311861498318,Gentleman's Agreement,anger
17,15,0.06256103520519804,-0.17829264928499766,0.11046789353053077,-2.9260783863527005,-2.3487802903568777,2.057347782031613,-3.4498901006837173,Psycho,fear
17,16,0.09267941181496683,0.06897967190835322,-0.16524020835602038,0.11119398364492028,-0.7728457699057429,-10.357019591374094,-27.18193920314784,The Bourne Identity,excitement
17,17,0.041403187287402526,-0.07052365964554119,0.02789678750211161,-0.37108769150968435,-5.221092339254881,9.529836848602933,8.532641285000132,The Shawshank Redemption,sadness
17,18,-0.07873361293276099,0.0099030550357187,0.061998602673032976,0.14796179457683767,-4.051242817931183,5.4015109073557,-24.409574557021017,The Departed,surprise
18,1,0.046638447430902424,0.035756782138427076,-0.07803370292352663,-0.051909357237584164,3.1044465532107495,61.06262799699107,15.159476329814034,Searching for Bobby Fischer,calmness
18,2,0.11062157342913043,0.06125780149066262,-0.1732379021905341,0.16036316486919944,-1.8067123611712788,-12.472669446247416,-8.164980824949517,D.O.A.,surprise
18,3,-0.10973614045100971,-0.032912247408963605,0.1442637702918515,-0.6056343178973496,3.114079813561659,-3.818698314133165,8.814813550621167,The Hangover,amusement
18,4,-0.13606584117683357,-0.015690534008011264,0.14879962033651817,-0.10641923240031259,4.896733544102062,-20.822432496168968,-25.460226481122227,The Ring,fear
18,5,-0.0031798264474738325,-0.0006190482308132683,0.004801021590916887,-0.1545522322385784,-2.77736085309553,-46.84726100874085,-46.58541384622101,300,excitement
18,6,-0.21349375142610924,-0.048527612973886705,0.2615372287761884,-0.12510770969800378,14.625944102611939,7.2405429939858195,9.031791563989927,National Lampoon's Van Wilder,disgust
18,7,-0.012407121660445497,0.02396671874745457,-0.012091335838285033,-0.2828831175561386,-3.788741038831205,-45.09669258282062,-28.43553617169364,Wall-E,happiness
18,8,-0.17379871194253543,-0.024106886585539417,0.19954427155751486,2.242137951849186,-44.753983078697686,-164.66523643681708,-100.05763059635521,Crash,anger
18,9,-0.06639518493615826,-0.01647168473866284,0.08890955631640401,2.0453585545552446,-3.5828898087916343,-30.60907261507764,-15.927360328563523,My Girl,sadness
18,10,-0.01815183892521327,0.00860058258435259,0.011952502758068029,0.03782037852944642,-0.590155934281853,11.517826316269463,-32.81973196962751,The Fly,disgust
18,11,-0.016763221656566962,-0.01371369678585721,0.03212989833479274,-0.03797167480814245,-3.9511520888319325,17.512435557416467,9.536015468826832,Pride and Prejudice,calmness
18,12,-0.1253193336438453,-0.0265288432240999,0.15002092529255479,-0.10766487306186323,-21.14467432154956,-47.771272638568576,-73.58807870740033,Modern Times,amusement
18,13,-0.2114535297302417,-0.05808451815492617,0.26309568501562824,-0.05095971741749272,2.370599684613296,30.899171688839104,50.11997856914752,Remember the Titans,happiness
18,14,-0.08641850616347702,0.027506188464540254,0.05279856946606348,0.3342640415020164,-8.09160707851575,63.55618849489264,44.85150047493593,Gentleman's Agreement,anger
18,15,-0.10923517174820746,-0.051577865381517596,0.1675771323064114,0.5629338158208801,-23.51375293904357,11.534941819089937,67.48027249841942,Psycho,fear
18,16,-0.152356507242022,-0.007400043413038043,0.1609453473286842,-0.08397923791707029,-5.323298574477505,-128.78520190813825,-107.40277361535387,The Bourne Identity,excitement
18,17,-0.15451892716128202,-0.011216345958213858,0.1704550298351311,0.8546964553257199,4.513813492467449,-66.81991058719389,-68.77556566472987,The Shawshank Redemption,sadness
18,18,-0.1671779113648154,0.00881308097883296,0.1570064486677598,-0.8036533951948068,-3.5401932792429562,-102.54067505188266,-113.73343570217716,The Departed,surprise
19,1,0.09523664504611645,-0.01677255860366611,-0.07749997706592043,-0.4480483642617126,-0.3529429874790537,-9.140902272631024,-13.084238554141841,Searching for Bobby Fischer,calmness
19,2,0.07410636776514218,-0.005972840818464498,-0.05953922702003339,0.4149322974804268,-0.013599059450214668,-9.816907168431946,14.883163376999697,D.O.A.,surprise
19,3,0.04352618582209117,0.018240984611078676,-0.0646113996547254,0.2028997717752672,-4.507347934097865,-1.433421473919779,-3.6495538307540443,The Hangover,amusement
19,4,-0.18960268911697847,0.04760638749986598,0.13349861447164676,3.282487191944567,-5.689537276857372,-4.395245657799194,-12.414018054378879,The Ring,fear
19,5,-0.04719415594279536,0.03423735504431186,0.003983970620107191,-0.17913233094107373,-0.7820014482741371,4.510186236714937,6.796109488539862,300,excitement
19,6,0.05224273032018212,0.004654970453801199,-0.053950460494953445,0.009001775729559736,-5.456126143687662,1.602947294668084,90.8201955833063,National Lampoon's Van Wilder,disgust
19,7,0.053993796734707056,0.030308956763396122,-0.08946468764804616,-0.5284700391298314,-2.740752253280057,19.56289523257915,-11.431354479650153,Wall-E,happiness
19,8,-0.06517025631796552,0.05970072055560871,0.014046592139985603,0.8894404674427219,-9.866190862942524,17.057362349453264,3.5087986707279413,Crash,anger
19,9,0.06443804960818517,-0.004428970851710429,-0.06587881832748343,7.048110389706244,-8.842858578624543,-1.9290290883381758,-10.046690527621692,My Girl,sadness
19,10,-0.05808378488401661,0.0497213067644153,0.015804032369888865,0.3044174960365411,-1.0214403499859017,45.37319969895934,-10.505003378040925,The Fly,disgust
19,11,-0.015089235339670548,-0.0020529104245721186,0.016987101573291197,0.16548147246530576,1.41217040568187,74.71077302502829,62.844448782554785,Pride and Prejudice,calmness
19,12,-0.024223588701160037,0.014766740970508896,0.009343519382387255,0.16371145127977593,14.864538404405238,39.80580329267222,42.288899611964496,Modern Times,amusement
19,13,-0.15683864417952098,0.043757602771218845,0.10189632443568769,6.201564456171379,1.6323496083046791,112.97060963322124,4.8709396095704705,Remember the Titans,happiness
19,14,0.07336810961389972,-0.0071785931565312155,-0.04395917640690539,4.819524847730124,-2.9950337265250937,63.85511657057786,-24.08146684715686,Gentleman's Agreement,anger
19,15,-0.08543148217444096,0.049465466283546144,0.03851345504435616,2.6160868661815435,7.593147272835637,20.737491722313244,-31.341088366886297,Psycho,fear
19,16,-0.0009274203384457835,-0.0008356897549302023,-0.0017619668526904775,-0.3127754501655553,3.279117381246273,170.02547112562021,73.91673757244062,The Bourne Identity,excitement
19,17,0.007406611559031773,0.024681389009017674,-0.029514984124391352,0.20693152031633932,10.293952335823626,85.77884737907907,82.9102204400758,The Shawshank Redemption,sadness
19,18,-0.2720119739460391,0.04321187673940308,0.21885249879274038,6.9347252735355775,9.640877922850564,-20.61188394631172,-103.89010788640611,The Departed,surprise
20,1,-0.11408738666136195,-0.012615285953903127,0.12602845681844232,-0.09551610481012052,-2.650011881613338,-39.72049149875042,-19.933623140086908,Searching for Bobby Fischer,calmness
20,2,0.0033444694635612615,-0.01956248752423348,0.018793990853450016,0.031134678300158036,5.527621715066445,-11.301338887150067,1.3558362836258127,D.O.A.,surprise
20,3,0.005639290132337715,-0.03438250886737956,0.0311143449443379,-0.0546530904406759,2.632464948536807,-18.92072514663001,-21.70251073924542,The Hangover,amusement
20,4,-0.005122585443763983,-0.0020460506851521787,0.006975055800680252,0.07824165281499029,-3.5257343592120804,3.8440894844607705,-18.212006699795108,The Ring,fear
20,5,-0.01534869737704192,-0.005129485975738257,0.01699925813670894,-0.09064361348842187,0.07856910981479359,-12.479933492086595,0.1724961578412021,300,excitement
20,6,-0.010853948788441092,-0.04350171763229352,0.05682372896859239,-0.08640193402458074,2.919858523300576,-3.1329449022876688,9.60902980821507,National Lampoon's Van Wilder,disgust
20,7,-0.016471575623184687,-0.05251621205875398,0.07461308233407632,0.03612887904514839,-2.0581897585564377,4.505512005795083,8.374688001034755,Wall-E,happiness
20,8,-0.06185229085652574,-0.036588775922989036,0.10028138768770423,0.23905958801307925,-3.7664703129129435,22.08853275815349,12.844400023867564,Crash,anger
20,9,-0.04048152422828738,-0.042281320796740934,0.0838329996919644,0.07870502725080142,-5.819599036604089,10.945460627491453,-1.92015090907611,My Girl,sadness
20,10,-0.16171716504473319,-0.027403387976735326,0.19731094752100664,-0.04361557719159315,-4.672078521882568,-2.356861767828832,-27.168153857598412,The Fly,disgust
20,11,-0.002180718826794735,-0.0016069508788403297,0.004432243421401583,-0.11539740918111718,-0.09834872555516938,54.56319931468159,28.267725257000592,Pride and Prejudice,calmness
20,12,-0.049450165757060724,-0.010169518763389673,0.06277330194061148,0.059911089330581646,-4.392997073848136,47.535381978704145,26.03230555783052,Modern Times,amusement
20,13,0.040206511399400395,0.009407070794190078,-0.05252130956760137,-0.0038200536491119763,0.5243033292460311,-18.373925825428998,-9.139837138424632,Remember the Titans,happiness
20,14,-0.46306715586473784,-0.15921617211848463,0.6757608294653032,0.04775744214471178,-1.012089065968837,79.53351611082276,-27.707992363476137,Gentleman's Agreement,anger
20,15,-0.004450754995464198,-0.004677120111334206,0.010027578439942064,-0.05296108132624333,6.168589234069081,145.8096254093375,27.62694236869403,Psycho,fear
20,16,-0.0077362102350758966,-0.00021826657770060431,0.008501918387585405,0.23001569239591024,-0.8776721817988147,128.90092898174646,51.00786270860601,The Bourne Identity,excitement
20,17,-0.0011407480708992557,-0.001366697061841799,0.002520943154825428,0.034215658757992706,11.79495705346752,157.3907486464987,96.35144297494534,The Shawshank Redemption,sadness
20,18,0.005563454580330439,-0.0006918065725417914,-0.003619303699720855,-0.04598144990504771,15.734849398671173,-54.22215983083481,-59.05521379425821,The Departed,surprise
21,1,0.06993399513782994,-0.02926432360352127,-0.03945001001766879,0.009835840165062226,-0.6815377519870225,-1.8581639658183775,3.8008842127306295,Searching for Bobby Fischer,calmness
21,2,0.08772277945382934,-0.03373305779495944,-0.049577235601225234,0.09753230850401762,0.36623685207402445,-4.382992162369323,-8.134173004320498,D.O.A.,surprise
21,3,0.028494074343284603,-0.07792005490992426,0.05220456216999925,0.6939297002487197,-2.2451212491254466,5.351734818222438,11.713127638751228,The Hangover,amusement
21,4,0.05968221368572407,-0.016240338039351654,-0.03677745090526485,-1.6818615678314508,-6.691006976779903,-27.098217802811583,-3.945559729910727,The Ring,fear
21,5,0.09907950314173064,-0.07094527081530266,-0.01947886043813707,-0.328145895528444,-2.6764833434174022,5.531996384000758,12.363510169266537,300,excitement
21,6,-0.10636530796373728,0.01369739585300006,0.08001136300900649,0.3887162149165526,-9.783225330986596,-20.00844146327889,-41.81072698709124,National Lampoon's Van Wilder,disgust
21,7,-0.2295661335000293,0.12808139237639105,0.08444361848109819,-0.5844782431849804,-3.5857307589347016,-26.884312343657996,-2.5015965680212133,Wall-E,happiness
21,8,-0.4109250081571861,0.15720315471108348,0.2317858595920217,1.3113647002015854,-12.226129703312651,-11.453694889736333,12.000482645057723,Crash,anger
21,9,0.011227093886663375,-0.03984907889444317,0.02596805849242867,-0.0011467908944600147,-2.676133766995534,-10.09521889615904,-12.332939203342285,My Girl,sadness
21,10,0.060040455886148314,-0.07002665844248745,0.011275926198264175,-0.5467475462497706,-4.428924870104879,-1.317472530310603,-11.315521474509023,The Fly,disgust
21,11,0.034745505927852305,-0.0004016192501086202,-0.03964354659328173,0.3444609392889304,-2.3362103667639644,4.324050744914766,7.827838748023755,Pride and Prejudice,calmness
21,12,0.016727691123992472,-0.02663687566517231,0.019650560037971943,0.06951039973797357,-2.1526199297515802,-0.4956684284922588,-2.1530353644620384,Modern Times,amusement
21,13,-0.08662382209444319,0.037223592814755346,0.045793113671943,-0.12910192811044885,-3.0789422230679264,-3.4367806953979425,-10.721140902894327,Remember the Titans,happiness
21,14,0.011016487437048195,0.022496006571482707,-0.03763990038575277,0.018460750167116124,-2.9091279867653697,0.41547842256284895,-8.299673545090144,Gentleman's Agreement,anger
21,15,-0.02306879461119804,-0.016615914798842557,0.03780075786998843,0.021652485372671837,-2.60615081713874,9.941819396316529,5.4999663287489255,Psycho,fear
21,16,0.07567773647563186,-0.09988052782134699,0.036398064902815275,0.2336726104205762,-3.2069407628188173,2.108312329142377,-7.33844714719665,The Bourne Identity,excitement
21,17,0.06554867833810812,-0.1489449519257865,0.09329144633625958,0.02215234798125998,-3.2873372423728,18.402369447285086,39.9381128402767,The Shawshank Redemption,sadness
21,18,-0.05542826926902078,-0.006323605973171165,0.05346475187606187,-0.010569348940296486,-2.5318928863299277,-4.120565919291195,-21.485386951189618,The Departed,surprise
22,1,-0.017882121814185303,0.0545207830564336,-0.04253060768702027,0.0075790617803757065,0.91203139563153,-0.9506977193824397,-0.19941903128683336,Searching for Bobby Fischer,calmness
22,2,-0.3191006463423961,0.17187063147348017,0.14778962556532807,0.3783431397045556,-9.542645894451866,5.515806406718536,-17.571461296484692,D.O.A.,surprise
22,3,-0.14857706078696914,0.019963209513706892,0.10988907825968641,-1.667695990082413,-9.084360439167426,-13.432288098529021,-6.246980521409384,The Hangover,amusement
22,4,-0.029810571238711975,0.003416368578835538,0.010485373836259748,-0.039384912131787964,-1.2365658421466321,1.867864452701756,4.762429875148747,The Ring,fear
22,5,-0.05027711534325463,-0.024209569513858775,0.06671087047410484,-0.23997551394054373,-2.1445087819974873,-3.218424176015109,-26.100742373719577,300,excitement
22,6,-0.10206306359727646,-0.049844161623298744,0.16266620849393004,-0.1608561816489651,-3.3175107032469384,-7.581714461115752,-15.515710913519321,National Lampoon's Van Wilder,disgust
22,7,-0.29079061931441963,0.10219965853005347,0.17706388494962827,0.366397848476546,-13.901169639451865,-67.3971375117995,-54.96774606648266,Wall-E,happiness
22,8,-0.23709162488163918,0.052097047886508874,0.18701608171586978,0.016325874481148972,-3.5657339859020425,-14.91671666541938,-34.54317268008155,Crash,anger
22,9,-0.49145647874883386,0.16531730529902397,0.301102415887407,0.06968103877391751,-9.5418485994403,21.081560429086565,-18.85912464440336,My Girl,sadness
22,10,-0.17656732598100705,0.04152855628513019,0.128170141003522,0.10459695761657262,-9.760587203087908,-99.20274760297987,-176.14407945703545,The Fly,disgust
22,11,-0.4450767617990079,0.3471581022887101,0.11846360059826018,1.0481360741171737,-3.316983496584612,-48.3907638097668,-73.356464872717,Pride and Prejudice,calmness
22,12,-0.03188436609337325,0.007319319080481113,0.012176016118784161,0.14256069337938904,-8.400603130759734,4.288693807128148,-21.366381597414403,Modern Times,amusement
22,13,-0.09181873763783785,0.0013829551492992032,0.07885513510172751,-0.08490343420211177,-10.346730779254386,79.8632758212582,-3.3532803226810017,Remember the Titans,happiness
22,14,-0.03863167331820849,0.04524693774664201,-0.018405819569180082,-0.02660948456517076,-4.141089058860729,-38.983473105110264,-41.19317293388622,Gentleman's Agreement,anger
22,15,-0.03549909228538514,0.2419590058755972,-0.20588473490746356,-0.24682495855102848,-12.215674186946345,-1.4192583681388982,-25.889104256092125,Psycho,fear
22,16,-0.042014359736311846,0.11793087992746476,-0.09810855948748332,-0.25509894897345387,-1.7959823098815804,-35.99105127984929,-42.74332801155502,The Bourne Identity,excitement
22,17,0.0015348786716101737,0.14792280263509922,-0.16412538410359562,-0.15092787867244262,-13.328141132889826,12.540518916180574,3.9681491231028474,The Shawshank Redemption,sadness
22,18,0.034439446102457916,-0.08259271916054417,0.03940448815471981,-0.030647500796240568,-11.475631881025691,-86.43238841267666,-80.63121297207957,The Departed,surprise
23,1,-0.1302889495170137,0.060990025906202894,0.06194933951021814,0.5981269184979516,-1.103665104000335,-3.7401974681099617,-19.869332506708098,Searching for Bobby Fischer,calmness
23,2,0.06627552885543864,-0.010297412644120985,-0.06514123700435065,0.12658130612930085,-0.3376296551479143,17.09886438048445,19.622993060402806,D.O.A.,surprise
23,3,0.1183620179400135,-0.04631860805809335,-0.05972842860555805,-0.03306002966895649,-1.3211590590354234,33.30978122081644,42.9163384807071,The Hangover,amusement
23,4,0.14226367841617998,-0.04266919555065524,-0.09422252191469382,0.09766401144139891,-4.639772309858635,-0.5977811615995563,-16.456235192231638,The Ring,fear
23,5,-0.040921872524338876,-0.08930642612820633,0.13107957546406984,-0.06988583533626525,0.11449446834395616,24.875887467244972,17.691771369768702,300,excitement
23,6,0.09074557036518949,-0.05682567115357459,-0.023924830361356175,-0.5597048779664187,3.8679228545504145,-5.512382484697554,59.98370628444262,National Lampoon's Van Wilder,disgust
23,7,0.05001351399435516,-0.003941588896698961,-0.03438854321867324,-0.039768681081856716,-7.81091714834519,-24.272531127358462,-39.83175078815525,Wall-E,happiness
23,8,0.04975391182135197,-0.052813629936919265,-0.0040554439136529785,-0.16398575058863063,-5.171647716535411,23.43569187752054,8.491833687110883,Crash,anger
23,9,0.09008099568014966,-0.0207896617037924,-0.06434370545367185,0.02897780434775088,-1.3168709492913635,-7.187190677171522,-0.70700721271335,My Girl,sadness
23,10,0.02202717550657679,-0.019502477317613315,-0.0034614025899880607,0.4359028024551721,1.6422281286004647,5.292723575421242,20.90033718275776,The Fly,disgust
23,11,-0.0663240855269479,0.03510732202775191,0.03346579225884655,2.452630384143811,-3.9405008891918953,3.9058746958698904,-6.059395630144202,Pride and Prejudice,calmness
23,12,-0.021444589228318933,-0.010563509259708476,0.03159909239950087,1.2598168427062175,-5.819963116454176,-0.9963316653396745,7.778548347890073,Modern Times,amusement
23,13,0.02057743294912362,-0.04529960317454804,0.02092396373725869,1.1656401328551294,2.124134665953193,3.666770030714183,5.043942614460569,Remember the Titans,happiness
23,14,0.05175461449405511,-0.045506445410146756,-0.0016058435103403768,1.9982612812052425,-7.276786672022951,-66.26205088679757,-68.59300304984674,Gentleman's Agreement,anger
23,15,0.051086306380780655,-0.0011248204050106625,-0.04552605775793772,0.49865388386980314,-0.10481048590094133,-30.14556715877842,-57.87463168907127,Psycho,fear
23,16,0.06972554707570472,-0.0657807889273426,-0.004515169188167301,-0.3955046012759027,-1.5975836646313581,9.833658607924335,-12.93585457507966,The Bourne Identity,excitement
23,17,0.1491820239338888,-0.04964826184451529,-0.08399380097774045,-0.3819174569173347,0.34903781093998987,-7.227231148280801,-35.998029020044115,The Shawshank Redemption,sadness
23,18,0.12232376141070483,-0.05826867751484363,-0.05229534027289928,0.02973320899593146,6.291798032761861,-10.904258913996067,-39.85485136296274,The Departed,surprise
