term_set,dominance_orientation,emotion,predicted_valence,residual_valence,calibration_slope_valence,calibration_intercept_valence,predicted_arousal,residual_arousal,calibration_slope_arousal,calibration_intercept_arousal,predicted_dominance,residual_dominance,calibration_slope_dominance,calibration_intercept_dominance,calibrated_residual_va,calibrated_residual_vad
adjective,reported,excitement,0.39698710220213695,-0.17959579785431087,0.5536153674199245,-0.054763037612521395,0.30118271424113535,-0.040313149023744055,0.3485999539153469,0.0006895539661063031,0.14851261181892728,0.04713956209411621,-0.06642311126019226,0.17627747232568763,0.18406466415674977,0.1900051023145487
adjective,reported,anger,-0.44346251012499466,-0.13262444639674448,0.5122470145782677,-0.05620376710382425,0.2554002763340536,-0.21192201546448838,0.3659971444061871,0.013842161025970088,0.16993770791494833,0.014844900780703829,-0.05317877996987618,0.1809988941486826,0.25000036884087556,0.2504407225268342
adjective,reported,amusement,0.3319189551234032,0.2985158274852925,0.49105378861000104,-0.10217259400783772,0.2590882940863373,-0.1503926419124243,0.3605754266203508,0.008848948011813922,0.18165190951918483,-0.051217126910489186,-0.04048540830003111,0.1894251079127908,0.3342598480234017,0.33816096772039306
adjective,reported,surprise,0.2829635101108305,-0.3590504666325696,0.5606089577418956,-0.035462377886566164,0.24324867869759018,-0.014987809132372798,0.3428353163644938,-0.0001643959212004455,0.19589640583265733,-0.1306790145283095,-0.03559373011552055,0.19867271678166792,0.35936314782077255,0.38238576967474164
adjective,reported,happiness,0.35955994126343016,0.36870092830178725,0.47521219744131354,-0.10852407321626366,0.15127258326704981,0.06611872108077627,0.3375754485744021,-0.007387877562919141,0.10444057195191167,0.22164638456982746,-0.12223623284079889,0.15211270275982325,0.3745825140178825,0.435246113826227
adjective,reported,fear,-0.6898134741372353,0.32024825674593094,0.5897744884182383,-0.11360379895261642,0.09154216391510751,0.24541435782402293,0.33967719822052334,-0.028024209858516693,0.16797399473852842,0.168982527000602,0.001010806576871297,0.16850871141769333,0.40346889963785965,0.43742684806318693
adjective,reported,disgust,-0.6528544533671765,0.3702457577150026,0.5938963407728841,-0.11953553935312651,0.17073748984681053,0.11187120580536336,0.33220060343823316,-0.010644039630464784,0.1527940360700684,0.26024944219080115,0.014974785286305577,0.1595626390194785,0.3867778274336604,0.4661832900854829
adjective,reported,sadness,-0.27490889239500976,-0.49683023803977283,0.47706496279401167,-0.012523162858303358,-0.15966644802691216,0.15966644802691216,0.3808012330806911,-0.03247883617796134,0.13530977419204815,0.22338587798186488,0.04390929397717281,0.16613409856402345,0.5218559763538096,0.5676573883408166
adjective,reported,calmness,0.3356988787983177,-0.05309018314614383,0.537380403236596,-0.06733642362912927,-0.010810175005877956,-0.4348419989071655,0.14020988078962732,0.11537871770478662,0.30786417042520703,-0.6339511269469462,-0.17473668271521636,0.24268738777243135,0.43807092069671827,0.7705842996826328
adjective,reversed,excitement,0.3969871022021369,-0.17959579785431082,0.5536153674199245,-0.05476303761252142,0.3011827142411352,-0.04031314902374389,0.3485999539153468,0.0006895539661062535,-0.14851261181892722,-0.047139562094116266,0.06642311126019235,-0.17627747232568763,0.1840646641567497,0.19000510231454865
adjective,reversed,anger,-0.4434625101249948,-0.1326244463967443,0.512247014578268,-0.0562037671038242,0.2554002763340534,-0.21192201546448816,0.3659971444061869,0.01384216102596998,-0.16993770791494842,-0.014844900780703746,0.05317877996987622,-0.18099889414868267,0.25000036884087523,0.2504407225268339
adjective,reversed,amusement,0.3319189551234034,0.29851582748529226,0.4910537886100014,-0.10217259400783776,0.2590882940863372,-0.15039264191242419,0.36057542662035075,0.008848948011813811,-0.1816519095191848,0.05121712691048916,0.040485408300031014,-0.18942510791279077,0.3342598480234014,0.33816096772039284
adjective,reversed,surprise,0.28296351011083076,-0.3590504666325699,0.560608957741896,-0.03546237788656616,0.24324867869758998,-0.014987809132372604,0.3428353163644937,-0.00016439592120055235,-0.19589640583265736,0.13067901452830955,0.035593730115520535,-0.19867271678166795,0.35936314782077283,0.3823857696747419
adjective,reversed,happiness,0.3595599412634296,0.3687009283017878,0.475212197441313,-0.10852407321626364,0.15127258326704976,0.06611872108077632,0.3375754485744019,-0.00738787756291914,-0.10444057195191178,-0.22164638456982735,0.12223623284079896,-0.1521127027598234,0.37458251401788306,0.43524611382622747
adjective,reversed,fear,-0.6898134741372348,0.3202482567459305,0.5897744884182378,-0.11360379895261652,0.09154216391510749,0.24541435782402293,0.33967719822052345,-0.028024209858516762,-0.1679739947385286,-0.16898252700060185,-0.0010108065768712558,-0.16850871141769347,0.4034688996378593,0.43742684806318655
adjective,reversed,disgust,-0.6528544533671768,0.37024575771500295,0.5938963407728842,-0.11953553935312676,0.17073748984681053,0.11187120580536336,0.3322006034382331,-0.010644039630464766,-0.15279403607006833,-0.26024944219080126,-0.014974785286305747,-0.15956263901947854,0.38677782743366074,0.46618329008548326
adjective,reversed,sadness,-0.27490889239500976,-0.49683023803977283,0.4770649627940115,-0.012523162858303426,-0.15966644802691227,0.15966644802691227,0.380801233080691,-0.032478836177961476,-0.13530977419204798,-0.22338587798186504,-0.04390929397717292,-0.16613409856402336,0.5218559763538098,0.5676573883408167
adjective,reversed,calmness,0.33569887879831756,-0.053090183146143666,0.5373804032365959,-0.06733642362912932,-0.010810175005877706,-0.43484199890716574,0.14020988078962715,0.11537871770478673,-0.307864170425207,0.6339511269469461,0.17473668271521633,-0.24268738777243126,0.4380709206967185,0.7705842996826328
noun,reported,excitement,0.3652659855153403,-0.1478746811675142,0.5369338600157348,-0.059985631617121705,0.11400381821743802,0.14686574699995328,0.33805160314390664,-0.010399171739519628,0.1579144268828259,0.037737747030217594,-0.06267416589508783,0.18686989152635647,0.2084141765145746,0.21180322595079842
noun,reported,fear,-0.5709189777136843,0.20135376032237995,0.551217675163858,-0.10017908312374951,0.21782034374844972,0.11913617799068071,0.3248248762254281,-0.0030605720848413953,0.17694490085764594,0.1600116208814845,-0.01582179862290243,0.17039467622776433,0.23395889746318602,0.28344397068787597
noun,reported,anger,-0.38156703657658214,-0.194519919945157,0.4965403121960073,-0.05087118865404129,0.2975379740461569,-0.2540597131765917,0.3787566995879791,0.0210455833469322,0.17141948471878393,0.01336312397686823,-0.05664646510335912,0.1892064747612387,0.31997552580602523,0.32025444602263287
noun,reported,amusement,0.305340275756211,0.3250945068524847,0.48065268667925926,-0.10705972941459345,0.25806614873130973,-0.1493704965573967,0.3599293614301724,0.015473759127373508,0.16691003733354282,-0.03647525472484717,-0.04471678453125397,0.19400840875948272,0.3577680584225812,0.359622618636128
noun,reported,sadness,-0.45589549698820464,-0.31584363344657795,0.4699677630864199,-0.03480438126277243,-0.2036602935350969,0.2036602935350969,0.3965277884601443,-0.035532511227995736,0.144451012474658,0.21424463969925503,0.025818394173023618,0.16180097335892987,0.3758120753136308,0.43259158751806737
noun,reported,disgust,-0.636597591813147,0.3539888961609731,0.5769572847661659,-0.11964386466266233,0.1789057988539913,0.10370289679818259,0.3318297081499907,-0.0036005406285035927,0.1584857126614891,0.2545577655993805,0.0010011507256092766,0.1588521338270621,0.3688664113328818,0.4481763999102896
noun,reported,happiness,0.3125431736286223,0.41571769593659513,0.46542376592950047,-0.11564669102651819,0.15583174580464648,0.0615595585431796,0.33732335819611015,-0.0006862923983486334,0.07013997937846302,0.25594697714327613,-0.13882955912031483,0.1673206707626834,0.4202508559930158,0.49205653849089664
noun,reported,surprise,0.4012336771594478,-0.47732063368118693,0.5705096637898655,-0.026648570682951293,0.2675444712265903,-0.03928360166137293,0.3467448595187558,0.007485826587523491,0.19889488790571477,-0.13367749660136696,-0.050634784573237085,0.20517360119279618,0.47893443047801365,0.49724024555028506
noun,reported,calmness,0.4014713851493039,-0.11886268949713003,0.5351457729519076,-0.06303514577295184,-0.020286685840863808,-0.42536548807217966,0.14979495583383196,0.1137797996304158,0.2917182778092545,-0.6178052343309937,-0.13762858365585892,0.2643301896617386,0.4416606586479882,0.7594389014029692
noun,reversed,excitement,0.3652659855153404,-0.14787468116751432,0.5369338600157348,-0.05998563161712162,0.11400381821743796,0.14686574699995333,0.3380516031439066,-0.01039917173951965,-0.157914426882826,-0.03773774703021748,0.06267416589508777,-0.18686989152635655,0.20841417651457472,0.2118032259507985
noun,reversed,fear,-0.5709189777136845,0.20135376032238017,0.5512176751638583,-0.10017908312374957,0.21782034374844972,0.11913617799068071,0.32482487622542805,-0.0030605720848413624,-0.1769449008576459,-0.16001162088148455,0.01582179862290232,-0.17039467622776433,0.2339588974631862,0.2834439706878762
noun,reversed,anger,-0.38156703657658214,-0.194519919945157,0.4965403121960073,-0.05087118865404126,0.2975379740461569,-0.2540597131765917,0.3787566995879791,0.021045583346932187,-0.171419484718784,-0.013363123976868174,0.05664646510335904,-0.18920647476123872,0.31997552580602523,0.32025444602263287
noun,reversed,amusement,0.3053402757562107,0.325094506852485,0.48065268667925903,-0.10705972941459349,0.2580661487313096,-0.1493704965573966,0.3599293614301723,0.015473759127373454,-0.16691003733354298,0.036475254724847334,0.04471678453125388,-0.19400840875948283,0.3577680584225814,0.3596226186361282
noun,reversed,sadness,-0.455895496988205,-0.3158436334465776,0.46996776308642013,-0.03480438126277254,-0.20366029353509701,0.20366029353509701,0.39652778846014447,-0.03553251122799576,-0.14445101247465814,-0.2142446396992549,-0.025818394173023586,-0.16180097335892998,0.3758120753136306,0.43259158751806714
noun,reversed,disgust,-0.6365975918131472,0.35398889616097334,0.5769572847661661,-0.11964386466266234,0.17890579885399135,0.10370289679818254,0.33182970814999063,-0.003600540628503526,-0.1584857126614891,-0.2545577655993805,-0.0010011507256092163,-0.15885213382706206,0.36886641133288195,0.4481763999102898
noun,reversed,happiness,0.31254317362862255,0.41571769593659486,0.46542376592950074,-0.11564669102651816,0.15583174580464665,0.06155955854317943,0.3373233581961103,-0.000686292398348563,-0.07013997937846325,-0.25594697714327586,0.1388295591203146,-0.16732067076268348,0.42025085599301554,0.49205653849089626
noun,reversed,surprise,0.40123367715944785,-0.477320633681187,0.5705096637898655,-0.02664857068295123,0.26754447122659025,-0.039283601661372874,0.34674485951875555,0.007485826587523537,-0.19889488790571477,0.13367749660136696,0.050634784573237085,-0.20517360119279618,0.47893443047801365,0.49724024555028506
noun,reversed,calmness,0.4014713851493037,-0.1188626894971298,0.5351457729519075,-0.06303514577295198,-0.02028668584086364,-0.42536548807217983,0.14979495583383184,0.11377979963041586,-0.2917182778092545,0.6178052343309937,0.13762858365585884,-0.2643301896617386,0.4416606586479883,0.7594389014029692
