participant,age,gender,film_id,valence_score,arousal_score,dominance_score,film,emotion,valence_elicited,arousal_elicited,dominance_elicited
1,22,male,1,4.0,3.0,2.0,Searching for Bobby Fischer,calmness,0.5,0.0,-0.5
1,22,male,2,3.0,3.0,1.0,D.O.A.,surprise,0.0,0.0,-1.0
1,22,male,3,5.0,4.0,4.0,The Hangover,amusement,1.0,0.5,0.5
1,22,male,4,4.0,3.0,2.0,The Ring,fear,0.5,0.0,-0.5
1,22,male,5,4.0,4.0,4.0,300,excitement,0.5,0.5,0.5
1,22,male,6,1.0,2.0,5.0,National Lampoon's Van Wilder,disgust,-1.0,-0.5,1.0
1,22,male,7,5.0,4.0,4.0,Wall-E,happiness,1.0,0.5,0.5
1,22,male,8,1.0,2.0,4.0,Crash,anger,-1.0,-0.5,0.5
1,22,male,9,1.0,2.0,3.0,My Girl,sadness,-1.0,-0.5,0.0
1,22,male,10,5.0,3.0,4.0,The Fly,disgust,1.0,0.0,0.5
1,22,male,11,4.0,2.0,3.0,Pride and Prejudice,calmness,0.5,-0.5,0.0
1,22,male,12,4.0,3.0,4.0,Modern Times,amusement,0.5,0.0,0.5
1,22,male,13,4.0,3.0,2.0,Remember the Titans,happiness,0.5,0.0,-0.5
1,22,male,14,3.0,1.0,2.0,Gentleman's Agreement,anger,0.0,-1.0,-0.5
1,22,male,15,2.0,5.0,5.0,Psycho,fear,-0.5,1.0,1.0
1,22,male,16,3.0,2.0,2.0,The Bourne Identity,excitement,0.0,-0.5,-0.5
1,22,male,17,1.0,2.0,5.0,The Shawshank Redemption,sadness,-1.0,-0.5,1.0
1,22,male,18,3.0,5.0,5.0,The Departed,surprise,0.0,1.0,1.0
2,30,female,1,3.0,2.0,2.0,Searching for Bobby Fischer,calmness,0.0,-0.5,-0.5
2,30,female,2,2.0,4.0,3.0,D.O.A.,surprise,-0.5,0.5,0.0
2,30,female,3,5.0,5.0,4.0,The Hangover,amusement,1.0,1.0,0.5
2,30,female,4,1.0,5.0,4.0,The Ring,fear,-1.0,1.0,0.5
2,30,female,5,2.0,2.0,2.0,300,excitement,-0.5,-0.5,-0.5
2,30,female,6,2.0,3.0,3.0,National Lampoon's Van Wilder,disgust,-0.5,0.0,0.0
2,30,female,7,4.0,2.0,2.0,Wall-E,happiness,0.5,-0.5,-0.5
2,30,female,8,2.0,5.0,4.0,Crash,anger,-0.5,1.0,0.5
2,30,female,9,2.0,3.0,3.0,My Girl,sadness,-0.5,0.0,0.0
2,30,female,10,1.0,4.0,4.0,The Fly,disgust,-1.0,0.5,0.5
2,30,female,11,4.0,2.0,2.0,Pride and Prejudice,calmness,0.5,-0.5,-0.5
2,30,female,12,4.0,3.0,2.0,Modern Times,amusement,0.5,0.0,-0.5
2,30,female,13,5.0,4.0,4.0,Remember the Titans,happiness,1.0,0.5,0.5
2,30,female,14,2.0,3.0,3.0,Gentleman's Agreement,anger,-0.5,0.0,0.0
2,30,female,15,1.0,5.0,5.0,Psycho,fear,-1.0,1.0,1.0
2,30,female,16,2.0,5.0,5.0,The Bourne Identity,excitement,-0.5,1.0,1.0
2,30,female,17,1.0,3.0,5.0,The Shawshank Redemption,sadness,-1.0,0.0,1.0
2,30,female,18,3.0,5.0,4.0,The Departed,surprise,0.0,1.0,0.5
3,27,male,1,3.0,4.0,2.0,Searching for Bobby Fischer,calmness,0.0,0.5,-0.5
3,27,male,2,4.0,5.0,3.0,D.O.A.,surprise,0.5,1.0,0.0
3,27,male,3,5.0,5.0,4.0,The Hangover,amusement,1.0,1.0,0.5
3,27,male,4,2.0,5.0,5.0,The Ring,fear,-0.5,1.0,1.0
3,27,male,5,3.0,4.0,3.0,300,excitement,0.0,0.5,0.0
3,27,male,6,3.0,3.0,3.0,National Lampoon's Van Wilder,disgust,0.0,0.0,0.0
3,27,male,7,5.0,3.0,3.0,Wall-E,happiness,1.0,0.0,0.0
3,27,male,8,1.0,4.0,4.0,Crash,anger,-1.0,0.5,0.5
3,27,male,9,1.0,2.0,3.0,My Girl,sadness,-1.0,-0.5,0.0
3,27,male,10,3.0,2.0,2.0,The Fly,disgust,0.0,-0.5,-0.5
3,27,male,11,4.0,1.0,2.0,Pride and Prejudice,calmness,0.5,-1.0,-0.5
3,27,male,12,5.0,3.0,3.0,Modern Times,amusement,1.0,0.0,0.0
3,27,male,13,4.0,4.0,5.0,Remember the Titans,happiness,0.5,0.5,1.0
3,27,male,14,3.0,2.0,2.0,Gentleman's Agreement,anger,0.0,-0.5,-0.5
3,27,male,15,4.0,2.0,3.0,Psycho,fear,0.5,-0.5,0.0
3,27,male,16,4.0,2.0,1.0,The Bourne Identity,excitement,0.5,-0.5,-1.0
3,27,male,17,2.0,2.0,4.0,The Shawshank Redemption,sadness,-0.5,-0.5,0.5
3,27,male,18,3.0,3.0,2.0,The Departed,surprise,0.0,0.0,-0.5
4,26,female,1,3.0,3.0,1.0,Searching for Bobby Fischer,calmness,0.0,0.0,-1.0
4,26,female,2,3.0,3.0,2.0,D.O.A.,surprise,0.0,0.0,-0.5
4,26,female,3,5.0,4.0,4.0,The Hangover,amusement,1.0,0.5,0.5
4,26,female,4,1.0,5.0,4.0,The Ring,fear,-1.0,1.0,0.5
4,26,female,5,4.0,3.0,2.0,300,excitement,0.5,0.0,-0.5
4,26,female,6,4.0,4.0,3.0,National Lampoon's Van Wilder,disgust,0.5,0.5,0.0
4,26,female,7,5.0,3.0,4.0,Wall-E,happiness,1.0,0.0,0.5
4,26,female,8,1.0,4.0,4.0,Crash,anger,-1.0,0.5,0.5
4,26,female,9,1.0,3.0,3.0,My Girl,sadness,-1.0,0.0,0.0
4,26,female,10,1.0,4.0,3.0,The Fly,disgust,-1.0,0.5,0.0
4,26,female,11,3.0,1.0,2.0,Pride and Prejudice,calmness,0.0,-1.0,-0.5
4,26,female,12,3.0,2.0,1.0,Modern Times,amusement,0.0,-0.5,-1.0
4,26,female,13,3.0,2.0,2.0,Remember the Titans,happiness,0.0,-0.5,-0.5
4,26,female,14,2.0,2.0,2.0,Gentleman's Agreement,anger,-0.5,-0.5,-0.5
4,26,female,15,1.0,2.0,2.0,Psycho,fear,-1.0,-0.5,-0.5
4,26,female,16,3.0,1.0,1.0,The Bourne Identity,excitement,0.0,-1.0,-1.0
4,26,female,17,1.0,3.0,4.0,The Shawshank Redemption,sadness,-1.0,0.0,0.5
4,26,female,18,2.0,3.0,3.0,The Departed,surprise,-0.5,0.0,0.0
5,27,female,1,4.0,2.0,2.0,Searching for Bobby Fischer,calmness,0.5,-0.5,-0.5
5,27,female,2,2.0,4.0,3.0,D.O.A.,surprise,-0.5,0.5,0.0
5,27,female,3,5.0,4.0,4.0,The Hangover,amusement,1.0,0.5,0.5
5,27,female,4,1.0,4.0,4.0,The Ring,fear,-1.0,0.5,0.5
5,27,female,5,1.0,3.0,2.0,300,excitement,-1.0,0.0,-0.5
5,27,female,6,3.0,3.0,4.0,National Lampoon's Van Wilder,disgust,0.0,0.0,0.5
5,27,female,7,4.0,3.0,3.0,Wall-E,happiness,0.5,0.0,0.0
5,27,female,8,1.0,4.0,4.0,Crash,anger,-1.0,0.5,0.5
5,27,female,9,1.0,2.0,2.0,My Girl,sadness,-1.0,-0.5,-0.5
5,27,female,10,3.0,3.0,3.0,The Fly,disgust,0.0,0.0,0.0
5,27,female,11,4.0,2.0,3.0,Pride and Prejudice,calmness,0.5,-0.5,0.0
5,27,female,12,4.0,1.0,2.0,Modern Times,amusement,0.5,-1.0,-0.5
5,27,female,13,4.0,4.0,4.0,Remember the Titans,happiness,0.5,0.5,0.5
5,27,female,14,3.0,2.0,2.0,Gentleman's Agreement,anger,0.0,-0.5,-0.5
5,27,female,15,3.0,3.0,3.0,Psycho,fear,0.0,0.0,0.0
5,27,female,16,3.0,4.0,3.0,The Bourne Identity,excitement,0.0,0.5,0.0
5,27,female,17,1.0,4.0,4.0,The Shawshank Redemption,sadness,-1.0,0.5,0.5
5,27,female,18,2.0,4.0,4.0,The Departed,surprise,-0.5,0.5,0.5
6,25,male,1,3.0,3.0,3.0,Searching for Bobby Fischer,calmness,0.0,0.0,0.0
6,25,male,2,3.0,4.0,3.0,D.O.A.,surprise,0.0,0.5,0.0
6,25,male,3,4.0,4.0,4.0,The Hangover,amusement,0.5,0.5,0.5
6,25,male,4,2.0,5.0,5.0,The Ring,fear,-0.5,1.0,1.0
6,25,male,5,4.0,4.0,3.0,300,excitement,0.5,0.5,0.0
6,25,male,6,1.0,5.0,5.0,National Lampoon's Van Wilder,disgust,-1.0,1.0,1.0
6,25,male,7,4.0,3.0,3.0,Wall-E,happiness,0.5,0.0,0.0
6,25,male,8,1.0,5.0,4.0,Crash,anger,-1.0,1.0,0.5
6,25,male,9,1.0,4.0,5.0,My Girl,sadness,-1.0,0.5,1.0
6,25,male,10,3.0,4.0,4.0,The Fly,disgust,0.0,0.5,0.5
6,25,male,11,4.0,2.0,3.0,Pride and Prejudice,calmness,0.5,-0.5,0.0
6,25,male,12,4.0,3.0,3.0,Modern Times,amusement,0.5,0.0,0.0
6,25,male,13,5.0,5.0,5.0,Remember the Titans,happiness,1.0,1.0,1.0
6,25,male,14,2.0,3.0,3.0,Gentleman's Agreement,anger,-0.5,0.0,0.0
6,25,male,15,3.0,3.0,3.0,Psycho,fear,0.0,0.0,0.0
6,25,male,16,4.0,4.0,4.0,The Bourne Identity,excitement,0.5,0.5,0.5
6,25,male,17,2.0,4.0,4.0,The Shawshank Redemption,sadness,-0.5,0.5,0.5
6,25,male,18,4.0,5.0,4.0,The Departed,surprise,0.5,1.0,0.5
7,23,female,1,3.0,3.0,2.0,Searching for Bobby Fischer,calmness,0.0,0.0,-0.5
7,23,female,2,2.0,3.0,2.0,D.O.A.,surprise,-0.5,0.0,-0.5
7,23,female,3,4.0,3.0,3.0,The Hangover,amusement,0.5,0.0,0.0
7,23,female,4,2.0,4.0,4.0,The Ring,fear,-0.5,0.5,0.5
7,23,female,5,3.0,4.0,3.0,300,excitement,0.0,0.5,0.0
7,23,female,6,1.0,5.0,5.0,National Lampoon's Van Wilder,disgust,-1.0,1.0,1.0
7,23,female,7,5.0,5.0,4.0,Wall-E,happiness,1.0,1.0,0.5
7,23,female,8,1.0,4.0,5.0,Crash,anger,-1.0,0.5,1.0
7,23,female,9,1.0,5.0,4.0,My Girl,sadness,-1.0,1.0,0.5
7,23,female,10,2.0,3.0,4.0,The Fly,disgust,-0.5,0.0,0.5
7,23,female,11,3.0,2.0,2.0,Pride and Prejudice,calmness,0.0,-0.5,-0.5
7,23,female,12,4.0,2.0,2.0,Modern Times,amusement,0.5,-0.5,-0.5
7,23,female,13,4.0,3.0,2.0,Remember the Titans,happiness,0.5,0.0,-0.5
7,23,female,14,2.0,3.0,2.0,Gentleman's Agreement,anger,-0.5,0.0,-0.5
7,23,female,15,2.0,3.0,4.0,Psycho,fear,-0.5,0.0,0.5
7,23,female,16,4.0,3.0,2.0,The Bourne Identity,excitement,0.5,0.0,-0.5
7,23,female,17,1.0,4.0,5.0,The Shawshank Redemption,sadness,-1.0,0.5,1.0
7,23,female,18,2.0,3.0,3.0,The Departed,surprise,-0.5,0.0,0.0
8,29,male,1,2.0,2.0,3.0,Searching for Bobby Fischer,calmness,-0.5,-0.5,0.0
8,29,male,2,3.0,4.0,3.0,D.O.A.,surprise,0.0,0.5,0.0
8,29,male,3,4.0,3.0,3.0,The Hangover,amusement,0.5,0.0,0.0
8,29,male,4,3.0,4.0,4.0,The Ring,fear,0.0,0.5,0.5
8,29,male,5,3.0,2.0,2.0,300,excitement,0.0,-0.5,-0.5
8,29,male,6,5.0,4.0,4.0,National Lampoon's Van Wilder,disgust,1.0,0.5,0.5
8,29,male,7,3.0,1.0,2.0,Wall-E,happiness,0.0,-1.0,-0.5
8,29,male,8,2.0,3.0,3.0,Crash,anger,-0.5,0.0,0.0
8,29,male,9,1.0,3.0,4.0,My Girl,sadness,-1.0,0.0,0.5
8,29,male,10,4.0,3.0,3.0,The Fly,disgust,0.5,0.0,0.0
8,29,male,11,4.0,2.0,3.0,Pride and Prejudice,calmness,0.5,-0.5,0.0
8,29,male,12,3.0,2.0,2.0,Modern Times,amusement,0.0,-0.5,-0.5
8,29,male,13,5.0,5.0,5.0,Remember the Titans,happiness,1.0,1.0,1.0
8,29,male,14,3.0,1.0,2.0,Gentleman's Agreement,anger,0.0,-1.0,-0.5
8,29,male,15,3.0,3.0,3.0,Psycho,fear,0.0,0.0,0.0
8,29,male,16,4.0,3.0,3.0,The Bourne Identity,excitement,0.5,0.0,0.0
8,29,male,17,2.0,3.0,3.0,The Shawshank Redemption,sadness,-0.5,0.0,0.0
8,29,male,18,3.0,4.0,3.0,The Departed,surprise,0.0,0.5,0.0
9,31,female,1,3.0,2.0,2.0,Searching for Bobby Fischer,calmness,0.0,-0.5,-0.5
9,31,female,2,4.0,4.0,3.0,D.O.A.,surprise,0.5,0.5,0.0
9,31,female,3,5.0,5.0,4.0,The Hangover,amusement,1.0,1.0,0.5
9,31,female,4,2.0,4.0,4.0,The Ring,fear,-0.5,0.5,0.5
9,31,female,5,4.0,4.0,4.0,300,excitement,0.5,0.5,0.5
9,31,female,6,1.0,4.0,5.0,National Lampoon's Van Wilder,disgust,-1.0,0.5,1.0
9,31,female,7,5.0,4.0,4.0,Wall-E,happiness,1.0,0.5,0.5
9,31,female,8,3.0,3.0,3.0,Crash,anger,0.0,0.0,0.0
9,31,female,9,1.0,5.0,5.0,My Girl,sadness,-1.0,1.0,1.0
9,31,female,10,2.0,4.0,4.0,The Fly,disgust,-0.5,0.5,0.5
9,31,female,11,4.0,3.0,3.0,Pride and Prejudice,calmness,0.5,0.0,0.0
9,31,female,12,4.0,3.0,3.0,Modern Times,amusement,0.5,0.0,0.0
9,31,female,13,4.0,4.0,4.0,Remember the Titans,happiness,0.5,0.5,0.5
9,31,female,14,3.0,3.0,3.0,Gentleman's Agreement,anger,0.0,0.0,0.0
9,31,female,15,3.0,4.0,4.0,Psycho,fear,0.0,0.5,0.5
9,31,female,16,4.0,4.0,4.0,The Bourne Identity,excitement,0.5,0.5,0.5
9,31,female,17,2.0,4.0,4.0,The Shawshank Redemption,sadness,-0.5,0.5,0.5
9,31,female,18,3.0,4.0,4.0,The Departed,surprise,0.0,0.5,0.5
10,24,male,1,4.0,1.0,2.0,Searching for Bobby Fischer,calmness,0.5,-1.0,-0.5
10,24,male,2,3.0,2.0,3.0,D.O.A.,surprise,0.0,-0.5,0.0
10,24,male,3,5.0,3.0,4.0,The Hangover,amusement,1.0,0.0,0.5
10,24,male,4,4.0,5.0,5.0,The Ring,fear,0.5,1.0,1.0
10,24,male,5,5.0,5.0,5.0,300,excitement,1.0,1.0,1.0
10,24,male,6,4.0,4.0,3.0,National Lampoon's Van Wilder,disgust,0.5,0.5,0.0
10,24,male,7,5.0,4.0,4.0,Wall-E,happiness,1.0,0.5,0.5
10,24,male,8,1.0,3.0,4.0,Crash,anger,-1.0,0.0,0.5
10,24,male,9,1.0,2.0,3.0,My Girl,sadness,-1.0,-0.5,0.0
10,24,male,10,4.0,2.0,3.0,The Fly,disgust,0.5,-0.5,0.0
10,24,male,11,5.0,1.0,1.0,Pride and Prejudice,calmness,1.0,-1.0,-1.0
10,24,male,12,4.0,2.0,2.0,Modern Times,amusement,0.5,-0.5,-0.5
10,24,male,13,5.0,4.0,4.0,Remember the Titans,happiness,1.0,0.5,0.5
10,24,male,14,2.0,2.0,3.0,Gentleman's Agreement,anger,-0.5,-0.5,0.0
10,24,male,15,3.0,2.0,2.0,Psycho,fear,0.0,-0.5,-0.5
10,24,male,16,4.0,5.0,4.0,The Bourne Identity,excitement,0.5,1.0,0.5
10,24,male,17,1.0,2.0,3.0,The Shawshank Redemption,sadness,-1.0,-0.5,0.0
10,24,male,18,4.0,5.0,4.0,The Departed,surprise,0.5,1.0,0.5
11,26,male,1,2.0,3.0,1.0,Searching for Bobby Fischer,calmness,-0.5,0.0,-1.0
11,26,male,2,2.0,4.0,4.0,D.O.A.,surprise,-0.5,0.5,0.5
11,26,male,3,5.0,4.0,4.0,The Hangover,amusement,1.0,0.5,0.5
11,26,male,4,2.0,5.0,5.0,The Ring,fear,-0.5,1.0,1.0
11,26,male,5,5.0,4.0,5.0,300,excitement,1.0,0.5,1.0
11,26,male,6,1.0,3.0,5.0,National Lampoon's Van Wilder,disgust,-1.0,0.0,1.0
11,26,male,7,5.0,2.0,4.0,Wall-E,happiness,1.0,-0.5,0.5
11,26,male,8,1.0,4.0,4.0,Crash,anger,-1.0,0.5,0.5
11,26,male,9,1.0,2.0,2.0,My Girl,sadness,-1.0,-0.5,-0.5
11,26,male,10,1.0,5.0,5.0,The Fly,disgust,-1.0,1.0,1.0
11,26,male,11,5.0,2.0,3.0,Pride and Prejudice,calmness,1.0,-0.5,0.0
11,26,male,12,4.0,2.0,3.0,Modern Times,amusement,0.5,-0.5,0.0
11,26,male,13,5.0,4.0,4.0,Remember the Titans,happiness,1.0,0.5,0.5
11,26,male,14,2.0,2.0,2.0,Gentleman's Agreement,anger,-0.5,-0.5,-0.5
11,26,male,15,3.0,3.0,3.0,Psycho,fear,0.0,0.0,0.0
11,26,male,16,3.0,2.0,4.0,The Bourne Identity,excitement,0.0,-0.5,0.5
11,26,male,17,1.0,3.0,5.0,The Shawshank Redemption,sadness,-1.0,0.0,1.0
11,26,male,18,3.0,3.0,2.0,The Departed,surprise,0.0,0.0,-0.5
12,25,male,1,4.0,2.0,3.0,Searching for Bobby Fischer,calmness,0.5,-0.5,0.0
12,25,male,2,3.0,2.0,2.0,D.O.A.,surprise,0.0,-0.5,-0.5
12,25,male,3,5.0,2.0,3.0,The Hangover,amusement,1.0,-0.5,0.0
12,25,male,4,3.0,4.0,4.0,The Ring,fear,0.0,0.5,0.5
12,25,male,5,4.0,3.0,3.0,300,excitement,0.5,0.0,0.0
12,25,male,6,4.0,4.0,3.0,National Lampoon's Van Wilder,disgust,0.5,0.5,0.0
12,25,male,7,5.0,4.0,4.0,Wall-E,happiness,1.0,0.5,0.5
12,25,male,8,2.0,4.0,4.0,Crash,anger,-0.5,0.5,0.5
12,25,male,9,1.0,4.0,4.0,My Girl,sadness,-1.0,0.5,0.5
12,25,male,10,2.0,4.0,3.0,The Fly,disgust,-0.5,0.5,0.0
12,25,male,11,5.0,3.0,3.0,Pride and Prejudice,calmness,1.0,0.0,0.0
12,25,male,12,4.0,3.0,3.0,Modern Times,amusement,0.5,0.0,0.0
12,25,male,13,5.0,4.0,4.0,Remember the Titans,happiness,1.0,0.5,0.5
12,25,male,14,3.0,2.0,2.0,Gentleman's Agreement,anger,0.0,-0.5,-0.5
12,25,male,15,2.0,4.0,3.0,Psycho,fear,-0.5,0.5,0.0
12,25,male,16,5.0,3.0,4.0,The Bourne Identity,excitement,1.0,0.0,0.5
12,25,male,17,1.0,3.0,4.0,The Shawshank Redemption,sadness,-1.0,0.0,0.5
12,25,male,18,3.0,3.0,3.0,The Departed,surprise,0.0,0.0,0.0
13,28,male,1,4.0,3.0,2.0,Searching for Bobby Fischer,calmness,0.5,0.0,-0.5
13,28,male,2,4.0,3.0,3.0,D.O.A.,surprise,0.5,0.0,0.0
13,28,male,3,5.0,4.0,5.0,The Hangover,amusement,1.0,0.5,1.0
13,28,male,4,4.0,4.0,5.0,The Ring,fear,0.5,0.5,1.0
13,28,male,5,4.0,4.0,4.0,300,excitement,0.5,0.5,0.5
13,28,male,6,2.0,5.0,4.0,National Lampoon's Van Wilder,disgust,-0.5,1.0,0.5
13,28,male,7,4.0,3.0,3.0,Wall-E,happiness,0.5,0.0,0.0
13,28,male,8,1.0,4.0,5.0,Crash,anger,-1.0,0.5,1.0
13,28,male,9,2.0,3.0,3.0,My Girl,sadness,-0.5,0.0,0.0
13,28,male,10,2.0,4.0,4.0,The Fly,disgust,-0.5,0.5,0.5
13,28,male,11,3.0,2.0,2.0,Pride and Prejudice,calmness,0.0,-0.5,-0.5
13,28,male,12,4.0,3.0,2.0,Modern Times,amusement,0.5,0.0,-0.5
13,28,male,13,4.0,4.0,4.0,Remember the Titans,happiness,0.5,0.5,0.5
13,28,male,14,3.0,2.0,2.0,Gentleman's Agreement,anger,0.0,-0.5,-0.5
13,28,male,15,3.0,3.0,4.0,Psycho,fear,0.0,0.0,0.5
13,28,male,16,4.0,3.0,3.0,The Bourne Identity,excitement,0.5,0.0,0.0
13,28,male,17,2.0,3.0,4.0,The Shawshank Redemption,sadness,-0.5,0.0,0.5
13,28,male,18,4.0,5.0,5.0,The Departed,surprise,0.5,1.0,1.0
14,25,male,1,3.0,2.0,2.0,Searching for Bobby Fischer,calmness,0.0,-0.5,-0.5
14,25,male,2,4.0,2.0,2.0,D.O.A.,surprise,0.5,-0.5,-0.5
14,25,male,3,5.0,5.0,4.0,The Hangover,amusement,1.0,1.0,0.5
14,25,male,4,2.0,3.0,3.0,The Ring,fear,-0.5,0.0,0.0
14,25,male,5,4.0,4.0,4.0,300,excitement,0.5,0.5,0.5
14,25,male,6,5.0,5.0,5.0,National Lampoon's Van Wilder,disgust,1.0,1.0,1.0
14,25,male,7,4.0,4.0,4.0,Wall-E,happiness,0.5,0.5,0.5
14,25,male,8,1.0,4.0,4.0,Crash,anger,-1.0,0.5,0.5
14,25,male,9,1.0,3.0,3.0,My Girl,sadness,-1.0,0.0,0.0
14,25,male,10,3.0,3.0,3.0,The Fly,disgust,0.0,0.0,0.0
14,25,male,11,4.0,2.0,4.0,Pride and Prejudice,calmness,0.5,-0.5,0.5
14,25,male,12,3.0,1.0,2.0,Modern Times,amusement,0.0,-1.0,-0.5
14,25,male,13,5.0,3.0,3.0,Remember the Titans,happiness,1.0,0.0,0.0
14,25,male,14,1.0,2.0,2.0,Gentleman's Agreement,anger,-1.0,-0.5,-0.5
14,25,male,15,3.0,1.0,2.0,Psycho,fear,0.0,-1.0,-0.5
14,25,male,16,4.0,2.0,2.0,The Bourne Identity,excitement,0.5,-0.5,-0.5
14,25,male,17,2.0,2.0,2.0,The Shawshank Redemption,sadness,-0.5,-0.5,-0.5
14,25,male,18,3.0,4.0,3.0,The Departed,surprise,0.0,0.5,0.0
15,29,male,1,3.0,2.0,4.0,Searching for Bobby Fischer,calmness,0.0,-0.5,0.5
15,29,male,2,2.0,2.0,3.0,D.O.A.,surprise,-0.5,-0.5,0.0
15,29,male,3,5.0,4.0,5.0,The Hangover,amusement,1.0,0.5,1.0
15,29,male,4,1.0,4.0,4.0,The Ring,fear,-1.0,0.5,0.5
15,29,male,5,2.0,4.0,4.0,300,excitement,-0.5,0.5,0.5
15,29,male,6,3.0,4.0,4.0,National Lampoon's Van Wilder,disgust,0.0,0.5,0.5
15,29,male,7,4.0,3.0,5.0,Wall-E,happiness,0.5,0.0,1.0
15,29,male,8,3.0,4.0,5.0,Crash,anger,0.0,0.5,1.0
15,29,male,9,1.0,2.0,4.0,My Girl,sadness,-1.0,-0.5,0.5
15,29,male,10,1.0,4.0,5.0,The Fly,disgust,-1.0,0.5,1.0
15,29,male,11,3.0,1.0,3.0,Pride and Prejudice,calmness,0.0,-1.0,0.0
15,29,male,12,4.0,3.0,4.0,Modern Times,amusement,0.5,0.0,0.5
15,29,male,13,4.0,3.0,3.0,Remember the Titans,happiness,0.5,0.0,0.0
15,29,male,14,2.0,3.0,4.0,Gentleman's Agreement,anger,-0.5,0.0,0.5
15,29,male,15,1.0,4.0,4.0,Psycho,fear,-1.0,0.5,0.5
15,29,male,16,4.0,5.0,4.0,The Bourne Identity,excitement,0.5,1.0,0.5
15,29,male,17,1.0,2.0,3.0,The Shawshank Redemption,sadness,-1.0,-0.5,0.0
15,29,male,18,2.0,5.0,5.0,The Departed,surprise,-0.5,1.0,1.0
16,28,female,1,2.0,2.0,2.0,Searching for Bobby Fischer,calmness,-0.5,-0.5,-0.5
16,28,female,2,2.0,1.0,1.0,D.O.A.,surprise,-0.5,-1.0,-1.0
16,28,female,3,5.0,4.0,5.0,The Hangover,amusement,1.0,0.5,1.0
16,28,female,4,2.0,5.0,5.0,The Ring,fear,-0.5,1.0,1.0
16,28,female,5,2.0,3.0,3.0,300,excitement,-0.5,0.0,0.0
16,28,female,6,1.0,4.0,5.0,National Lampoon's Van Wilder,disgust,-1.0,0.5,1.0
16,28,female,7,5.0,4.0,5.0,Wall-E,happiness,1.0,0.5,1.0
16,28,female,8,1.0,5.0,5.0,Crash,anger,-1.0,1.0,1.0
16,28,female,9,1.0,2.0,3.0,My Girl,sadness,-1.0,-0.5,0.0
16,28,female,10,2.0,2.0,2.0,The Fly,disgust,-0.5,-0.5,-0.5
16,28,female,11,4.0,3.0,3.0,Pride and Prejudice,calmness,0.5,0.0,0.0
16,28,female,12,4.0,2.0,2.0,Modern Times,amusement,0.5,-0.5,-0.5
16,28,female,13,5.0,4.0,4.0,Remember the Titans,happiness,1.0,0.5,0.5
16,28,female,14,3.0,1.0,1.0,Gentleman's Agreement,anger,0.0,-1.0,-1.0
16,28,female,15,2.0,2.0,2.0,Psycho,fear,-0.5,-0.5,-0.5
16,28,female,16,4.0,4.0,4.0,The Bourne Identity,excitement,0.5,0.5,0.5
16,28,female,17,1.0,3.0,4.0,The Shawshank Redemption,sadness,-1.0,0.0,0.5
16,28,female,18,1.0,4.0,3.0,The Departed,surprise,-1.0,0.5,0.0
17,26,female,1,2.0,1.0,2.0,Searching for Bobby Fischer,calmness,-0.5,-1.0,-0.5
17,26,female,2,5.0,2.0,3.0,D.O.A.,surprise,1.0,-0.5,0.0
17,26,female,3,4.0,2.0,2.0,The Hangover,amusement,0.5,-0.5,-0.5
17,26,female,4,2.0,5.0,4.0,The Ring,fear,-0.5,1.0,0.5
17,26,female,5,1.0,4.0,3.0,300,excitement,-1.0,0.5,0.0
17,26,female,6,2.0,4.0,5.0,National Lampoon's Van Wilder,disgust,-0.5,0.5,1.0
17,26,female,7,5.0,3.0,3.0,Wall-E,happiness,1.0,0.0,0.0
17,26,female,8,1.0,4.0,5.0,Crash,anger,-1.0,0.5,1.0
17,26,female,9,2.0,2.0,5.0,My Girl,sadness,-0.5,-0.5,1.0
17,26,female,10,1.0,3.0,4.0,The Fly,disgust,-1.0,0.0,0.5
17,26,female,11,5.0,1.0,3.0,Pride and Prejudice,calmness,1.0,-1.0,0.0
17,26,female,12,5.0,2.0,3.0,Modern Times,amusement,1.0,-0.5,0.0
17,26,female,13,4.0,3.0,3.0,Remember the Titans,happiness,0.5,0.0,0.0
17,26,female,14,2.0,2.0,2.0,Gentleman's Agreement,anger,-0.5,-0.5,-0.5
17,26,female,15,3.0,3.0,3.0,Psycho,fear,0.0,0.0,0.0
17,26,female,16,3.0,4.0,4.0,The Bourne Identity,excitement,0.0,0.5,0.5
17,26,female,17,1.0,3.0,4.0,The Shawshank Redemption,sadness,-1.0,0.0,0.5
17,26,female,18,2.0,2.0,2.0,The Departed,surprise,-0.5,-0.5,-0.5
18,25,female,1,3.0,2.0,2.0,Searching for Bobby Fischer,calmness,0.0,-0.5,-0.5
18,25,female,2,3.0,3.0,3.0,D.O.A.,surprise,0.0,0.0,0.0
18,25,female,3,4.0,4.0,4.0,The Hangover,amusement,0.5,0.5,0.5
18,25,female,4,1.0,4.0,5.0,The Ring,fear,-1.0,0.5,1.0
18,25,female,5,2.0,4.0,4.0,300,excitement,-0.5,0.5,0.5
18,25,female,6,1.0,4.0,5.0,National Lampoon's Van Wilder,disgust,-1.0,0.5,1.0
18,25,female,7,4.0,3.0,4.0,Wall-E,happiness,0.5,0.0,0.5
18,25,female,8,1.0,4.0,5.0,Crash,anger,-1.0,0.5,1.0
18,25,female,9,2.0,4.0,3.0,My Girl,sadness,-0.5,0.5,0.0
18,25,female,10,1.0,2.0,4.0,The Fly,disgust,-1.0,-0.5,0.5
18,25,female,11,4.0,2.0,2.0,Pride and Prejudice,calmness,0.5,-0.5,-0.5
18,25,female,12,4.0,3.0,3.0,Modern Times,amusement,0.5,0.0,0.0
18,25,female,13,5.0,5.0,4.0,Remember the Titans,happiness,1.0,1.0,0.5
18,25,female,14,2.0,4.0,4.0,Gentleman's Agreement,anger,-0.5,0.5,0.5
18,25,female,15,2.0,3.0,3.0,Psycho,fear,-0.5,0.0,0.0
18,25,female,16,4.0,4.0,3.0,The Bourne Identity,excitement,0.5,0.5,0.0
18,25,female,17,2.0,3.0,4.0,The Shawshank Redemption,sadness,-0.5,0.0,0.5
18,25,female,18,2.0,3.0,3.0,The Departed,surprise,-0.5,0.0,0.0
19,33,male,1,3.0,2.0,1.0,Searching for Bobby Fischer,calmness,0.0,-0.5,-1.0
19,33,male,2,4.0,4.0,3.0,D.O.A.,surprise,0.5,0.5,0.0
19,33,male,3,4.0,4.0,4.0,The Hangover,amusement,0.5,0.5,0.5
19,33,male,4,3.0,4.0,4.0,The Ring,fear,0.0,0.5,0.5
19,33,male,5,4.0,4.0,4.0,300,excitement,0.5,0.5,0.5
19,33,male,6,3.0,3.0,2.0,National Lampoon's Van Wilder,disgust,0.0,0.0,-0.5
19,33,male,7,5.0,5.0,4.0,Wall-E,happiness,1.0,1.0,0.5
19,33,male,8,1.0,5.0,5.0,Crash,anger,-1.0,1.0,1.0
19,33,male,9,3.0,3.0,3.0,My Girl,sadness,0.0,0.0,0.0
19,33,male,10,2.0,3.0,3.0,The Fly,disgust,-0.5,0.0,0.0
19,33,male,11,4.0,4.0,4.0,Pride and Prejudice,calmness,0.5,0.5,0.5
19,33,male,12,5.0,5.0,4.0,Modern Times,amusement,1.0,1.0,0.5
19,33,male,13,4.0,4.0,4.0,Remember the Titans,happiness,0.5,0.5,0.5
19,33,male,14,2.0,4.0,3.0,Gentleman's Agreement,anger,-0.5,0.5,0.0
19,33,male,15,4.0,4.0,4.0,Psycho,fear,0.5,0.5,0.5
19,33,male,16,4.0,4.0,5.0,The Bourne Identity,excitement,0.5,0.5,1.0
19,33,male,17,2.0,4.0,4.0,The Shawshank Redemption,sadness,-0.5,0.5,0.5
19,33,male,18,2.0,4.0,5.0,The Departed,surprise,-0.5,0.5,1.0
20,23,female,1,4.0,3.0,2.0,Searching for Bobby Fischer,calmness,0.5,0.0,-0.5
20,23,female,2,3.0,2.0,2.0,D.O.A.,surprise,0.0,-0.5,-0.5
20,23,female,3,2.0,4.0,3.0,The Hangover,amusement,-0.5,0.5,0.0
20,23,female,4,2.0,3.0,2.0,The Ring,fear,-0.5,0.0,-0.5
20,23,female,5,2.0,4.0,4.0,300,excitement,-0.5,0.5,0.5
20,23,female,6,1.0,3.0,4.0,National Lampoon's Van Wilder,disgust,-1.0,0.0,0.5
20,23,female,7,5.0,3.0,5.0,Wall-E,happiness,1.0,0.0,1.0
20,23,female,8,2.0,3.0,4.0,Crash,anger,-0.5,0.0,0.5
20,23,female,9,3.0,2.0,4.0,My Girl,sadness,0.0,-0.5,0.5
20,23,female,10,1.0,2.0,3.0,The Fly,disgust,-1.0,-0.5,0.0
20,23,female,11,4.0,3.0,4.0,Pride and Prejudice,calmness,0.5,0.0,0.5
20,23,female,12,4.0,4.0,4.0,Modern Times,amusement,0.5,0.5,0.5
20,23,female,13,5.0,4.0,5.0,Remember the Titans,happiness,1.0,0.5,1.0
20,23,female,14,3.0,2.0,2.0,Gentleman's Agreement,anger,0.0,-0.5,-0.5
20,23,female,15,2.0,3.0,3.0,Psycho,fear,-0.5,0.0,0.0
20,23,female,16,4.0,4.0,3.0,The Bourne Identity,excitement,0.5,0.5,0.0
20,23,female,17,3.0,3.0,5.0,The Shawshank Redemption,sadness,0.0,0.0,1.0
20,23,female,18,2.0,4.0,4.0,The Departed,surprise,-0.5,0.5,0.5
21,26,male,1,4.0,2.0,3.0,Searching for Bobby Fischer,calmness,0.5,-0.5,0.0
21,26,male,2,2.0,3.0,5.0,D.O.A.,surprise,-0.5,0.0,1.0
21,26,male,3,5.0,4.0,4.0,The Hangover,amusement,1.0,0.5,0.5
21,26,male,4,1.0,5.0,5.0,The Ring,fear,-1.0,1.0,1.0
21,26,male,5,3.0,4.0,5.0,300,excitement,0.0,0.5,1.0
21,26,male,6,5.0,5.0,3.0,National Lampoon's Van Wilder,disgust,1.0,1.0,0.0
21,26,male,7,4.0,2.0,3.0,Wall-E,happiness,0.5,-0.5,0.0
21,26,male,8,1.0,4.0,5.0,Crash,anger,-1.0,0.5,1.0
21,26,male,9,1.0,5.0,5.0,My Girl,sadness,-1.0,1.0,1.0
21,26,male,10,1.0,5.0,5.0,The Fly,disgust,-1.0,1.0,1.0
21,26,male,11,4.0,2.0,3.0,Pride and Prejudice,calmness,0.5,-0.5,0.0
21,26,male,12,3.0,3.0,3.0,Modern Times,amusement,0.0,0.0,0.0
21,26,male,13,5.0,5.0,5.0,Remember the Titans,happiness,1.0,1.0,1.0
21,26,male,14,1.0,2.0,2.0,Gentleman's Agreement,anger,-1.0,-0.5,-0.5
21,26,male,15,2.0,4.0,4.0,Psycho,fear,-0.5,0.5,0.5
21,26,male,16,3.0,3.0,4.0,The Bourne Identity,excitement,0.0,0.0,0.5
21,26,male,17,1.0,4.0,4.0,The Shawshank Redemption,sadness,-1.0,0.5,0.5
21,26,male,18,3.0,4.0,5.0,The Departed,surprise,0.0,0.5,1.0
22,28,male,1,3.0,2.0,2.0,Searching for Bobby Fischer,calmness,0.0,-0.5,-0.5
22,28,male,2,4.0,3.0,3.0,D.O.A.,surprise,0.5,0.0,0.0
22,28,male,3,4.0,4.0,3.0,The Hangover,amusement,0.5,0.5,0.0
22,28,male,4,1.0,4.0,4.0,The Ring,fear,-1.0,0.5,0.5
22,28,male,5,4.0,4.0,4.0,300,excitement,0.5,0.5,0.5
22,28,male,6,4.0,3.0,3.0,National Lampoon's Van Wilder,disgust,0.5,0.0,0.0
22,28,male,7,5.0,3.0,4.0,Wall-E,happiness,1.0,0.0,0.5
22,28,male,8,1.0,4.0,5.0,Crash,anger,-1.0,0.5,1.0
22,28,male,9,1.0,4.0,4.0,My Girl,sadness,-1.0,0.5,0.5
22,28,male,10,3.0,2.0,3.0,The Fly,disgust,0.0,-0.5,0.0
22,28,male,11,3.0,1.0,1.0,Pride and Prejudice,calmness,0.0,-1.0,-1.0
22,28,male,12,4.0,3.0,3.0,Modern Times,amusement,0.5,0.0,0.0
22,28,male,13,3.0,1.0,3.0,Remember the Titans,happiness,0.0,-1.0,0.0
22,28,male,14,3.0,1.0,3.0,Gentleman's Agreement,anger,0.0,-1.0,0.0
22,28,male,15,3.0,3.0,3.0,Psycho,fear,0.0,0.0,0.0
22,28,male,16,4.0,3.0,4.0,The Bourne Identity,excitement,0.5,0.0,0.5
22,28,male,17,2.0,3.0,3.0,The Shawshank Redemption,sadness,-0.5,0.0,0.0
22,28,male,18,3.0,4.0,4.0,The Departed,surprise,0.0,0.5,0.5
23,25,male,1,4.0,1.0,1.0,Searching for Bobby Fischer,calmness,0.5,-1.0,-1.0
23,25,male,2,3.0,2.0,2.0,D.O.A.,surprise,0.0,-0.5,-0.5
23,25,male,3,5.0,3.0,4.0,The Hangover,amusement,1.0,0.0,0.5
23,25,male,4,1.0,4.0,4.0,The Ring,fear,-1.0,0.5,0.5
23,25,male,5,4.0,4.0,4.0,300,excitement,0.5,0.5,0.5
23,25,male,6,5.0,4.0,5.0,National Lampoon's Van Wilder,disgust,1.0,0.5,1.0
23,25,male,7,4.0,2.0,1.0,Wall-E,happiness,0.5,-0.5,-1.0
23,25,male,8,1.0,5.0,5.0,Crash,anger,-1.0,1.0,1.0
23,25,male,9,2.0,2.0,2.0,My Girl,sadness,-0.5,-0.5,-0.5
23,25,male,10,2.0,5.0,5.0,The Fly,disgust,-0.5,1.0,1.0
23,25,male,11,4.0,1.0,1.0,Pride and Prejudice,calmness,0.5,-1.0,-1.0
23,25,male,12,4.0,2.0,2.0,Modern Times,amusement,0.5,-0.5,-0.5
23,25,male,13,4.0,3.0,3.0,Remember the Titans,happiness,0.5,0.0,0.0
23,25,male,14,2.0,2.0,2.0,Gentleman's Agreement,anger,-0.5,-0.5,-0.5
23,25,male,15,2.0,2.0,2.0,Psycho,fear,-0.5,-0.5,-0.5
23,25,male,16,3.0,3.0,2.0,The Bourne Identity,excitement,0.0,0.0,-0.5
23,25,male,17,2.0,2.0,4.0,The Shawshank Redemption,sadness,-0.5,-0.5,0.5
23,25,male,18,2.0,4.0,2.0,The Departed,surprise,-0.5,0.5,-0.5
