term_set,dominance_orientation,dimension,n_emotions,pearson_r,pearson_p,spearman_rho,spearman_p
adjective,reported,valence,9,0.8676160715261803,0.002436119179631618,0.8333333333333333,0.005265691029161747
adjective,reported,arousal,9,0.8286552871591084,0.005773384809442508,0.39999999999999997,0.286105101908313
adjective,reported,dominance,9,-0.09556437715867908,0.8067933876059301,-0.38333333333333336,0.3084952723803716
adjective,reversed,valence,9,0.8676160715261803,0.002436119179631618,0.8333333333333333,0.005265691029161747
adjective,reversed,arousal,9,0.8286552871591084,0.005773384809442508,0.39999999999999997,0.286105101908313
adjective,reversed,dominance,9,0.0955643771586791,0.8067933876059301,0.38333333333333336,0.3084952723803716
noun,reported,valence,9,0.8751058295862284,0.002002106692937095,0.8954053273686235,0.0010985258735882702
noun,reported,arousal,9,0.8319684097382688,0.005410534726436491,0.43333333333333335,0.24395243588005172
noun,reported,dominance,9,-0.12058588786815809,0.7573017244727417,-0.41666666666666663,0.26458604674749636
noun,reversed,valence,9,0.8751058295862284,0.002002106692937095,0.8954053273686235,0.0010985258735882702
noun,reversed,arousal,9,0.8319684097382688,0.005410534726436491,0.43333333333333335,0.24395243588005172
noun,reversed,dominance,9,0.12058588786815806,0.7573017244727417,0.41666666666666663,0.26458604674749636
