emotion,residual_valence,residual_arousal,residual_dominance,calibrated_residual_va,calibrated_residual_vad,residual_va_ci_low,residual_va_ci_high,residual_vad_ci_low,residual_vad_ci_high
amusement,0.325094506852485,-0.1493704965573966,-0.03647525472484725,0.3577680584225814,0.35962261863612827,0.22807830399483628,0.6789249553742445,0.24568122909841242,0.8084701527534816
anger,-0.19451991994515694,-0.2540597131765918,0.013363123976868285,0.3199755258060253,0.3202544460226329,0.19264774715591926,0.8385011431039552,0.21495358546996976,1.0202338180867978
calmness,-0.11886268949713003,-0.42536548807217966,-0.6178052343309937,0.4416606586479882,0.7594389014029692,0.21683669750444412,0.7577999160247887,0.5379223763948738,1.0362139162081128
disgust,0.35398889616097345,0.10370289679818248,0.2545577655993805,0.36886641133288206,0.44817639991028985,0.11088679123692696,0.7925688757906078,0.1928265799836206,0.8946932605097927
excitement,-0.1478746811675142,0.14686574699995336,0.03773774703021751,0.20841417651457467,0.21180322595079845,0.04385874363451037,0.5002974366275833,0.07590465976944104,0.5486049640049118
fear,0.20135376032237984,0.11913617799068052,0.16001162088148452,0.23395889746318582,0.28344397068787586,0.11261983827049164,0.6127836097504848,0.15619377936954115,0.7718474785987615
happiness,0.415717695936595,0.06155955854317938,0.255946977143276,0.4202508559930157,0.4920565384908965,0.2671150378900995,0.6210145661339357,0.3072730520554474,0.8019049865913056
sadness,-0.3158436334465777,0.20366029353509696,0.21424463969925506,0.3758120753136306,0.4325915875180672,0.18846591796322393,0.6077897951270937,0.24577370790756312,0.6938722097583743
surprise,-0.47732063368118705,-0.039283601661372874,-0.13367749660136696,0.4789344304780137,0.4972402455502851,0.3118267899165423,0.731614316828224,0.358382707299269,0.8011241763850134
