term_set,dominance_orientation,omitted_emotion,dimension,pearson_r,spearman_rho
adjective,reported,amusement,valence,0.8508352047563904,0.7619047619047619
adjective,reported,amusement,arousal,0.8535490507086706,0.4523809523809524
adjective,reported,amusement,dominance,-0.07509064558393108,-0.47619047619047616
adjective,reported,anger,valence,0.8452111651380797,0.9047619047619048
adjective,reported,anger,arousal,0.8762385704761227,0.4523809523809524
adjective,reported,anger,dominance,-0.09782352327973154,-0.47619047619047616
adjective,reported,calmness,valence,0.8610179928224636,0.7857142857142857
adjective,reported,calmness,arousal,0.43117562430520656,0.14285714285714285
adjective,reported,calmness,dominance,-0.6242019322148893,-0.47619047619047616
adjective,reported,disgust,valence,0.8891564664857707,0.8809523809523809
adjective,reported,disgust,arousal,0.830070768997309,0.5714285714285714
adjective,reported,disgust,dominance,0.02914544399513337,-0.19047619047619047
adjective,reported,excitement,valence,0.8701924237334778,0.7857142857142857
adjective,reported,excitement,arousal,0.8198542340312677,0.38095238095238093
adjective,reported,excitement,dominance,-0.11346449370859277,-0.4523809523809524
adjective,reported,fear,valence,0.8781593490677597,0.8809523809523809
adjective,reported,fear,arousal,0.881582134941765,0.6428571428571429
adjective,reported,fear,dominance,0.0018309339666779587,-0.16666666666666666
adjective,reported,happiness,valence,0.8470307446395808,0.7619047619047619
adjective,reported,happiness,arousal,0.8288510624692085,0.40476190476190477
adjective,reported,happiness,dominance,-0.21742321360576633,-0.4523809523809524
adjective,reported,sadness,valence,0.884564849924833,0.9047619047619048
adjective,reported,sadness,arousal,0.8472578602942945,0.14285714285714285
adjective,reported,sadness,dominance,0.07339662858404634,-0.16666666666666666
adjective,reported,surprise,valence,0.8957207558887538,0.7619047619047619
adjective,reported,surprise,arousal,0.8226638313541251,0.38095238095238093
adjective,reported,surprise,dominance,-0.06849238378331261,-0.47619047619047616
adjective,reversed,amusement,valence,0.8508352047563904,0.7619047619047619
adjective,reversed,amusement,arousal,0.8535490507086706,0.4523809523809524
adjective,reversed,amusement,dominance,0.07509064558393108,0.47619047619047616
adjective,reversed,anger,valence,0.8452111651380797,0.9047619047619048
adjective,reversed,anger,arousal,0.8762385704761227,0.4523809523809524
adjective,reversed,anger,dominance,0.09782352327973154,0.47619047619047616
adjective,reversed,calmness,valence,0.8610179928224636,0.7857142857142857
adjective,reversed,calmness,arousal,0.43117562430520656,0.14285714285714285
adjective,reversed,calmness,dominance,0.6242019322148893,0.47619047619047616
adjective,reversed,disgust,valence,0.8891564664857707,0.8809523809523809
adjective,reversed,disgust,arousal,0.830070768997309,0.5714285714285714
adjective,reversed,disgust,dominance,-0.02914544399513337,0.19047619047619047
adjective,reversed,excitement,valence,0.8701924237334778,0.7857142857142857
adjective,reversed,excitement,arousal,0.8198542340312677,0.38095238095238093
adjective,reversed,excitement,dominance,0.11346449370859277,0.4523809523809524
adjective,reversed,fear,valence,0.8781593490677597,0.8809523809523809
adjective,reversed,fear,arousal,0.881582134941765,0.6428571428571429
adjective,reversed,fear,dominance,-0.0018309339666779587,0.16666666666666666
adjective,reversed,happiness,valence,0.8470307446395808,0.7619047619047619
adjective,reversed,happiness,arousal,0.8288510624692085,0.40476190476190477
adjective,reversed,happiness,dominance,0.21742321360576633,0.4523809523809524
adjective,reversed,sadness,valence,0.884564849924833,0.9047619047619048
adjective,reversed,sadness,arousal,0.8472578602942945,0.14285714285714285
adjective,reversed,sadness,dominance,-0.07339662858404634,0.16666666666666666
adjective,reversed,surprise,valence,0.8957207558887538,0.7619047619047619
adjective,reversed,surprise,arousal,0.8226638313541251,0.38095238095238093
adjective,reversed,surprise,dominance,0.06849238378331261,0.47619047619047616
noun,reported,amusement,valence,0.8654776069316606,0.874267171196679
noun,reported,amusement,arousal,0.8564613007509115,0.5
noun,reported,amusement,dominance,-0.08979672629853037,-0.4523809523809524
noun,reported,anger,valence,0.8595281822530211,0.9341484842923419
noun,reported,anger,arousal,0.8984590671341425,0.6190476190476191
noun,reported,anger,dominance,-0.12208029303613699,-0.47619047619047616
noun,reported,calmness,valence,0.8713907065946318,0.874267171196679
noun,reported,calmness,arousal,0.4815621925407769,0.19047619047619047
noun,reported,calmness,dominance,-0.5744152659855899,-0.5238095238095238
noun,reported,disgust,valence,0.8947633146106423,0.9523809523809523
noun,reported,disgust,arousal,0.831390726313268,0.5
noun,reported,disgust,dominance,0.002244601539497676,-0.23809523809523808
noun,reported,excitement,valence,0.8757399220850787,0.8503146459584138
noun,reported,excitement,arousal,0.8482223566164074,0.5476190476190477
noun,reported,excitement,dominance,-0.13111090310241055,-0.47619047619047616
noun,reported,fear,valence,0.8747474484583982,0.9341484842923419
noun,reported,fear,arousal,0.8241677452697519,0.40476190476190477
noun,reported,fear,dominance,-0.03345429402715188,-0.21428571428571427
noun,reported,happiness,valence,0.8698452643170941,0.8503146459584138
noun,reported,happiness,arousal,0.8315486035573963,0.42857142857142855
noun,reported,happiness,dominance,-0.2740258018757632,-0.5238095238095238
noun,reported,sadness,valence,0.8476090539451974,0.8809523809523809
noun,reported,sadness,arousal,0.8638837889983869,0.19047619047619047
noun,reported,sadness,dominance,0.04911414455642021,-0.21428571428571427
noun,reported,surprise,valence,0.9222738599802645,0.8503146459584138
noun,reported,surprise,arousal,0.8275934187872559,0.47619047619047616
noun,reported,surprise,dominance,-0.11343942822597398,-0.5238095238095238
noun,reversed,amusement,valence,0.8654776069316606,0.874267171196679
noun,reversed,amusement,arousal,0.8564613007509115,0.5
noun,reversed,amusement,dominance,0.08979672629853037,0.4523809523809524
noun,reversed,anger,valence,0.8595281822530211,0.9341484842923419
noun,reversed,anger,arousal,0.8984590671341425,0.6190476190476191
noun,reversed,anger,dominance,0.12208029303613699,0.47619047619047616
noun,reversed,calmness,valence,0.8713907065946318,0.874267171196679
noun,reversed,calmness,arousal,0.4815621925407769,0.19047619047619047
noun,reversed,calmness,dominance,0.5744152659855899,0.5238095238095238
noun,reversed,disgust,valence,0.8947633146106423,0.9523809523809523
noun,reversed,disgust,arousal,0.831390726313268,0.5
noun,reversed,disgust,dominance,-0.002244601539497676,0.23809523809523808
noun,reversed,excitement,valence,0.8757399220850787,0.8503146459584138
noun,reversed,excitement,arousal,0.8482223566164074,0.5476190476190477
noun,reversed,excitement,dominance,0.13111090310241055,0.47619047619047616
noun,reversed,fear,valence,0.8747474484583982,0.9341484842923419
noun,reversed,fear,arousal,0.8241677452697519,0.40476190476190477
noun,reversed,fear,dominance,0.03345429402715188,0.21428571428571427
noun,reversed,happiness,valence,0.8698452643170941,0.8503146459584138
noun,reversed,happiness,arousal,0.8315486035573963,0.42857142857142855
noun,reversed,happiness,dominance,0.2740258018757632,0.5238095238095238
noun,reversed,sadness,valence,0.8476090539451974,0.8809523809523809
noun,reversed,sadness,arousal,0.8638837889983869,0.19047619047619047
noun,reversed,sadness,dominance,-0.04911414455642021,0.21428571428571427
noun,reversed,surprise,valence,0.9222738599802645,0.8503146459584138
noun,reversed,surprise,arousal,0.8275934187872559,0.47619047619047616
noun,reversed,surprise,dominance,0.11343942822597398,0.5238095238095238
