subject,blue_samples,blue_zero_valence_fraction,blue_zero_arousal_fraction,emotion_zero_valence_fraction,emotion_zero_arousal_fraction
1,19199,0.9806760768790042,0.9734882025105475,0.06900898062076571,0.04419410745233969
2,19188,0.9719616426933501,0.8773191578069627,0.19452443883387904,0.210067458282378
3,19199,0.9863534559091619,0.9777071722485546,0.07597778565520501,0.038363070621135135
4,19196,0.9578037091060637,0.9425401125234424,0.06312160716408448,0.06094226730593969
5,19188,0.9159891598915989,0.9023869084844695,0.031112161310649023,0.022093572778827977
6,19191,0.9716533791881611,0.9808764525037779,0.14328499369482975,0.11861601513240858
7,19196,0.9863513231923318,0.9905709522817253,0.19502205419029617,0.2774889729048519
8,19193,0.9772833845672901,0.9790027614234357,0.025009846396218983,0.0228042536431666
9,19186,0.9694568956530804,0.9717502345460232,0.09353084863288945,0.08281459301867465
10,19190,0.9651380927566441,0.8305888483585201,0.1778653012997243,0.08365498227648681
11,19196,0.9886955615753282,0.7566680558449677,0.16570798203451265,0.08588763690804507
12,19192,0.9950500208420175,0.9155898290954564,0.16268168747784298,0.1798164414857998
13,19192,0.9792100875364735,0.8012192580241767,0.2546779594248572,0.13917667914122514
14,19193,0.9847861199395613,0.8605220653363206,0.20584528123522924,0.19217740664881047
15,19188,0.9406399833229101,0.7431207004377736,0.062381852551984876,0.04970069313169502
16,19195,0.9793696275071633,0.9373795259182078,0.26323459902316054,0.2572869072002521
17,19172,0.9665136657625704,0.9160755268099311,0.014655342682204227,0.01189018368556192
18,19186,0.9602314187428334,0.9690399249452726,0.10090586845214651,0.10035447026388342
19,19188,0.992234730039608,0.9455388784657077,0.3840365599022968,0.37154788638064845
20,19015,0.9819616092558506,0.8546936628977123,0.08297653028861401,0.06287662543609261
21,19189,0.8910313200270988,0.700661837511074,0.30558291635475354,0.2321421535794492
22,19189,0.9496586586064933,0.8945750169367866,0.2025600630169358,0.18349743993698306
23,19190,0.9759249609171443,0.97107868681605,0.16333202048050413,0.14040961008270972
24,16926,0.9848753397140494,0.9847571783055654,0.23444725591135154,0.23248407643312102
25,19187,0.9860843279303695,0.9866576327721895,0.12375398920452307,0.11228871990859304
26,19190,0.8844710786868161,0.6647212089630016,0.17988021120655687,0.15753802506107653
27,19192,0.9795748228428511,0.847488536890371,0.024181796699617977,0.01886495214839904
28,19194,0.980514744190893,0.9773887673231219,0.2655191429021585,0.27603592248306286
29,19195,0.948267778067205,0.8886168272987757,0.46245713610027195,0.4228055654093256
30,19194,0.9774929665520475,0.577941023236428,0.07568418980114196,0.05694034258712345
