subject,trial_order,video_label,category,main_condition,recovery_is_endvid,baseline_hr_bpm,baseline_scl_us,stimulus_end_hr_bpm,stimulus_end_scl_us,stimulus_end_valence,stimulus_end_arousal,hr_reactivity_bpm,scl_reactivity_us,recovery_hr_min_rr_count,hr_early_residual,hr_late_residual,hr_recovery_auc_abs,hr_recovery_slope_per_s,scl_early_residual,scl_late_residual,scl_recovery_auc_abs,scl_recovery_slope_per_s
1,1,boring-1,boring,False,False,74.44340474875553,8.151349940799998,74.67465686009626,7.044671859999997,5.163487130600571,2.0333617731172544,0.2312521113407371,-1.106678080800001,12,1.6414846821521014,2.177469944932985,332.7103755163936,0.022874041059109607,-1.3075528024000003,-1.8731124688000007,175.51965375200007,-0.0062973881236363626
1,2,amusing-1,amusing,True,False,78.54453360049307,6.366970768799996,74.45233421771586,5.394510534399998,8.865371456399368,6.17763097377103,-4.09219938277721,-0.972460234399998,12,-4.680391101331968,-1.2862830442447166,289.1685998995614,0.026085785888426784,-1.0773997271999995,-1.3721311255999995,134.82750363599996,-0.003262348647272724
1,3,relaxed-1,relaxed,False,False,76.36885693859641,5.044081950399996,78.73436907505442,4.698351283999997,3.9575591992373687,6.276034699714013,2.3655121364580083,-0.3457306663999997,12,1.5372658650401074,0.2859945961639738,156.53277125906425,-0.012612235543331723,-0.3896348031999996,-0.6227640815999985,53.92876029199991,-0.0026476162556643263
1,4,scary-1,scary,True,False,76.95887537676427,4.467151904399998,72.9376048887313,16.629115093599996,0.5,8.96978503336511,-4.021270488032968,12.161963189199998,11,-6.599612027950054,-5.397159473350034,729.9794047525772,0.025629094762496325,12.1032242204,9.470673679599999,1191.264202488,-0.028869183740139904
1,5,boring-2,boring,False,False,71.68996196416583,14.418187459999999,73.15662859636672,9.475963891999998,6.229085986653955,4.161751382268828,1.4666666322008837,-4.942223568000001,12,6.055031611187299,4.833545107662322,496.49781363637436,-0.028011220043289754,-5.604561382400003,-6.5890742856000015,662.7225444160001,-0.011045514647832147
1,6,amusing-2,amusing,True,False,73.71132452810212,8.060292261199997,94.61697766322246,9.308213455999995,9.373223260247853,7.2305277407054325,20.905653135120332,1.2479211947999982,10,0.2821950071846828,0.2875299265592967,319.6641212126984,0.011171040299828353,3.3196702252000008,1.8044214756000005,304.4626984039999,-0.016748340944895097
1,7,relaxed-2,relaxed,False,False,73.0468598326998,10.271316829999998,73.2758960317362,6.9779002367999965,5.083669859680338,4.943570583957056,0.2290361990364005,-3.2934165932000017,12,2.4255088193344627,2.053583609888335,286.9265760715118,0.010984691495948894,-3.6120435844000007,-4.306341692400001,437.5627117120001,-0.007711430933706279
1,8,scary-2,scary,True,True,76.6183384285451,6.064755349199996,82.42468265742087,6.505828819199997,0.5,9.5,5.806344228875773,0.44107347000000097,11,-3.886533217946725,-5.182529728641754,574.1547929190559,-0.002314538441298805,1.2304839420000018,1.3400315844000017,163.35943016400012,0.0010251976699300642
2,1,amusing-2,amusing,True,False,64.7957238766225,8.983954399999998,68.69801325980451,30.1328043216,4.290807721639657,5.623001334604385,3.9022893831820085,21.1488499216,10,-0.21521566063690756,1.0134894071618703,301.67905285014984,0.0016512802945986688,18.3291017496,13.8776373544,1782.918378116,-0.04863354584727281
2,2,relaxed-2,relaxed,False,False,64.23453286435932,23.800214229599998,61.51483612942886,10.979672336799997,5.195438703527168,4.877054337464251,-2.7196967349304657,-12.820541892800001,10,-1.1088273852257207,1.3457230158722666,124.66106301616833,0.025652936399144483,-14.1746888272,-16.1893822352,1668.793057068,-0.022484084806153787
2,3,boring-2,boring,False,False,65.31458719543181,7.939177963999996,62.924897467042285,5.658870240799997,5.100485414680648,3.7630207816968544,-2.389689728389527,-2.280307723199999,10,9.22486429466636,4.669543737646658,634.3945763957503,-0.035102620630983475,0.16367578480000086,3.803873047200001,389.94822270800006,0.03477774515748251
2,4,scary-2,scary,True,False,69.53128355858077,11.640688720399996,64.77061867020912,32.1321636064,1.3571157292659677,8.63728808388942,-4.76066488837165,20.491474886000002,10,-7.158672504169381,-2.65516173017429,447.9920822714008,0.05307464737615954,19.042860451599996,10.673556580400003,1672.681742888,-0.09304511191384622
2,5,amusing-1,amusing,True,False,67.59522951432649,24.038596326799997,62.269486720927596,15.185595276799996,6.788244518589132,5.98446558627264,-5.325742793398895,-8.853001050000001,10,-2.4214156854293356,-3.010756761058687,273.0538240441033,-0.007466995579093729,-7.982690049199999,-8.7073181004,803.8754767600001,-0.006509871784615376
2,6,boring-1,boring,False,False,64.86803149617302,16.341580861199997,63.39316594450843,14.407695511999998,5.169704480457579,4.144011058150619,-1.4748655516645854,-1.9338853491999988,10,-0.34851054979830093,5.775888691004799,497.74436107272146,0.06180034414035037,-4.014725846800001,-2.723410492400001,401.75273295600005,0.01741831068923079
2,7,relaxed-1,relaxed,False,False,70.3845769952934,13.472418085999998,62.997663689539834,11.864200018399996,6.611359771210677,2.930863679694948,-7.386913305753566,-1.608218067600001,10,2.3397728165960436,-2.991856488926724,468.1324118085578,-0.0464594720122078,-1.9470529684000002,-4.521825154000001,330.5619909040001,-0.02927348631524475
2,8,scary-1,scary,True,True,67.02017391072998,9.407562357199994,62.2105124497592,29.9416184992,2.173908287038559,8.386295782518655,-4.80966146097078,20.534056142000004,10,-3.115401291975168,7.294705121430828,314.4213701103614,0.10380513599356944,19.001378898800002,14.275044425200003,1813.6858033760002,-0.05201118009818184
