subject,trial_order,video_label,category,main_condition,recovery_is_endvid,recovery_bin,time_mid_s,hr_bpm,hr_rr_count,hr_delta_bpm,scl_us,scl_delta_us,stimulus_end_valence,stimulus_end_arousal
1,1,boring-1,boring,False,False,1,5.0,75.58464962534369,13,1.1412448765881607,6.907980170399997,-1.243369770400001,5.163487130600571,2.0333617731172544
1,1,boring-1,boring,False,False,2,15.0,77.2758088256454,13,2.8324040768898726,6.845857466399998,-1.3054924743999994,5.163487130600571,2.0333617731172544
1,1,boring-1,boring,False,False,3,25.0,75.3942098417338,12,0.9508050929782712,6.777553778399997,-1.3737961624000006,5.163487130600571,2.0333617731172544
1,1,boring-1,boring,False,False,4,35.0,74.10701779198966,12,-0.33638695676586394,6.715114869599997,-1.4362350712000005,5.163487130600571,2.0333617731172544
1,1,boring-1,boring,False,False,5,45.0,76.2210954706913,13,1.7776907219357696,6.648168472799997,-1.503181468000001,5.163487130600571,2.0333617731172544
1,1,boring-1,boring,False,False,6,55.0,77.78817047589672,13,3.344765727141194,6.579077795999996,-1.5722721448000012,5.163487130600571,2.0333617731172544
1,1,boring-1,boring,False,False,7,65.0,76.91105313511703,13,2.4676483863615033,6.515509178399998,-1.6358407624,5.163487130600571,2.0333617731172544
1,1,boring-1,boring,False,False,8,75.0,82.29762286033477,14,7.854218111579243,6.4549658975999975,-1.6963840432000001,5.163487130600571,2.0333617731172544
1,1,boring-1,boring,False,False,9,85.0,81.69068362044139,13,7.2472788716858645,6.396637120799997,-1.7547128200000008,5.163487130600571,2.0333617731172544
1,1,boring-1,boring,False,False,10,95.0,77.70066961694802,13,3.257264868192493,6.339406799999997,-1.8119431408000004,5.163487130600571,2.0333617731172544
1,1,boring-1,boring,False,False,11,105.0,76.43216438177946,13,1.9887596330239319,6.277899400799996,-1.8734505400000012,5.163487130600571,2.0333617731172544
1,1,boring-1,boring,False,False,12,115.0,75.72979008233806,12,1.2863853335825297,6.217406215199997,-1.9339437256000007,5.163487130600571,2.0333617731172544
1,2,amusing-1,amusing,True,False,1,5.0,73.14721407814584,12,-5.397319522347232,5.321268172799996,-1.045702596,8.865371456399368,6.17763097377103
1,2,amusing-1,amusing,True,False,2,15.0,76.43198484722144,13,-2.112548753271625,5.292575431199998,-1.0743953375999986,8.865371456399368,6.17763097377103
1,2,amusing-1,amusing,True,False,3,25.0,72.01322857211602,12,-6.531305028377048,5.254869520799996,-1.112101248,8.865371456399368,6.17763097377103
1,2,amusing-1,amusing,True,False,4,35.0,78.09714619951195,13,-0.44738740098111407,5.220466963199997,-1.1465038055999992,8.865371456399368,6.17763097377103
1,2,amusing-1,amusing,True,False,5,45.0,77.01826832838121,12,-1.526265272111857,5.188120099199997,-1.1788506695999992,8.865371456399368,6.17763097377103
1,2,amusing-1,amusing,True,False,6,55.0,77.94132394668078,13,-0.6032096538122858,5.1546376751999965,-1.2123330935999999,8.865371456399368,6.17763097377103
1,2,amusing-1,amusing,True,False,7,65.0,76.20351408708386,13,-2.3410195134092078,5.126174447999997,-1.2407963207999995,8.865371456399368,6.17763097377103
1,2,amusing-1,amusing,True,False,8,75.0,74.90496994955019,12,-3.6395636509428755,5.093767115999998,-1.2732036527999986,8.865371456399368,6.17763097377103
1,2,amusing-1,amusing,True,False,9,85.0,74.85018776180178,13,-3.694345838691291,5.060031208799996,-1.30693956,8.865371456399368,6.17763097377103
1,2,amusing-1,amusing,True,False,10,95.0,74.74788844200448,12,-3.7966451584885874,5.026770331199996,-1.3402004376,8.865371456399368,6.17763097377103
1,2,amusing-1,amusing,True,False,11,105.0,77.50652563661346,13,-1.0380079638796076,4.994013827999996,-1.3729569408,8.865371456399368,6.17763097377103
1,2,amusing-1,amusing,True,False,12,115.0,79.52033759012711,14,0.9758039896340449,4.963734770399998,-1.4032359983999987,8.865371456399368,6.17763097377103
1,3,relaxed-1,relaxed,False,False,1,5.0,78.9636441959845,13,2.5947872573880915,4.651928056799997,-0.39215389359999886,3.9575591992373687,6.276034699714013
1,3,relaxed-1,relaxed,False,False,2,15.0,79.25756878507181,13,2.8887118464754025,4.647011918399997,-0.39707003199999935,3.9575591992373687,6.276034699714013
1,3,relaxed-1,relaxed,False,False,3,25.0,75.49715542985324,13,-0.8717015087431719,4.664401466399996,-0.37968048400000054,3.9575591992373687,6.276034699714013
1,3,relaxed-1,relaxed,False,False,4,35.0,75.16415651280633,12,-1.2047004257900795,4.646754854399997,-0.3973270959999997,3.9575591992373687,6.276034699714013
1,3,relaxed-1,relaxed,False,False,5,45.0,75.68699258649924,13,-0.6818643520971648,4.617496379999998,-0.42658557039999856,3.9575591992373687,6.276034699714013
1,3,relaxed-1,relaxed,False,False,6,55.0,78.51041381195999,13,2.1415568733635837,4.585041686399997,-0.45904026399999953,3.9575591992373687,6.276034699714013
1,3,relaxed-1,relaxed,False,False,7,65.0,77.65205160968682,13,1.2831946710904134,4.549314309599998,-0.49476764079999835,3.9575591992373687,6.276034699714013
1,3,relaxed-1,relaxed,False,False,8,75.0,77.5445316822672,13,1.1756747436707968,4.511190691199997,-0.5328912591999995,3.9575591992373687,6.276034699714013
1,3,relaxed-1,relaxed,False,False,9,85.0,76.33375005439693,12,-0.03510688419947883,4.478452819199997,-0.5656291311999997,3.9575591992373687,6.276034699714013
1,3,relaxed-1,relaxed,False,False,10,95.0,77.1832219972333,13,0.8143650586368949,4.448354757599997,-0.5957271927999992,3.9575591992373687,6.276034699714013
1,3,relaxed-1,relaxed,False,False,11,105.0,78.55606793731168,13,2.1872109987152726,4.420486178399998,-0.623595771999998,3.9575591992373687,6.276034699714013
1,3,relaxed-1,relaxed,False,False,12,115.0,74.22526466973616,12,-2.143592268860246,4.395112670399998,-0.6489692799999984,3.9575591992373687,6.276034699714013
1,4,scary-1,scary,True,False,1,5.0,73.6512804656935,12,-3.3075949110707654,16.662889344,12.195737439600002,0.5,8.96978503336511
1,4,scary-1,scary,True,False,2,15.0,68.36079388183451,11,-8.598081494929758,16.6506209256,12.1834690212,0.5,8.96978503336511
1,4,scary-1,scary,True,False,3,25.0,69.06571569891463,11,-7.8931596778496385,16.397618104799992,11.930466200399994,0.5,8.96978503336511
1,4,scary-1,scary,True,False,4,35.0,65.38760609874538,11,-11.571269278018889,16.043003716799994,11.575851812399996,0.5,8.96978503336511
1,4,scary-1,scary,True,False,5,45.0,68.0333775907888,11,-8.925497785975466,15.725884284,11.258732379600001,0.5,8.96978503336511
1,4,scary-1,scary,True,False,6,55.0,73.26398382513389,12,-3.694891551630377,15.402069657599997,10.934917753199999,0.5,8.96978503336511
1,4,scary-1,scary,True,False,7,65.0,71.41501637791792,12,-5.543858998846346,15.062116051199997,10.594964146799999,0.5,8.96978503336511
1,4,scary-1,scary,True,False,8,75.0,72.10166074816671,12,-4.857214628597561,15.002098123199996,10.534946218799998,0.5,8.96978503336511
1,4,scary-1,scary,True,False,9,85.0,71.73982000933908,12,-5.2190553674251845,14.6314338336,10.164281929200001,0.5,8.96978503336511
1,4,scary-1,scary,True,False,10,95.0,70.71456200845711,12,-6.244313368307161,14.282998303199996,9.815846398799998,0.5,8.96978503336511
1,4,scary-1,scary,True,False,11,105.0,69.3124386922233,11,-7.646436684540973,13.941128601599997,9.4739766972,0.5,8.96978503336511
1,4,scary-1,scary,True,False,12,115.0,74.6581470095623,12,-2.3007283672019696,13.589349847199998,9.1221979428,0.5,8.96978503336511
1,5,boring-2,boring,False,False,1,5.0,75.31880131650279,13,3.6288393523369535,9.010783192799996,-5.407404267200002,6.229085986653955,4.161751382268828
1,5,boring-2,boring,False,False,2,15.0,82.7605439836309,13,11.070582019465064,8.809683751199996,-5.6085037088000025,6.229085986653955,4.161751382268828
1,5,boring-2,boring,False,False,3,25.0,75.15563542592571,13,3.4656734617598772,8.620411288799998,-5.797776171200001,6.229085986653955,4.161751382268828
1,5,boring-2,boring,False,False,4,35.0,76.09439388358992,12,4.404431919424084,8.591307698399996,-5.8268797616000025,6.229085986653955,4.161751382268828
1,5,boring-2,boring,False,False,5,45.0,76.45074813350706,13,4.76078616934123,8.698679920799997,-5.719507539200002,6.229085986653955,4.161751382268828
1,5,boring-2,boring,False,False,6,55.0,79.58631120554358,13,7.896349241377749,8.581325630399999,-5.8368618296,6.229085986653955,4.161751382268828
1,5,boring-2,boring,False,False,7,65.0,69.94002696965386,12,-1.7499349945119747,8.448156376799998,-5.9700310832,6.229085986653955,4.161751382268828
1,5,boring-2,boring,False,False,8,75.0,69.9394586329452,12,-1.750503331220628,8.291088710399997,-6.127098749600002,6.229085986653955,4.161751382268828
1,5,boring-2,boring,False,False,9,85.0,72.27750260321599,12,0.587540639050161,8.135168956799998,-6.283018503200001,6.229085986653955,4.161751382268828
1,5,boring-2,boring,False,False,10,95.0,75.66261919152102,12,3.9726572273551852,7.9769632223999976,-6.441224237600001,6.229085986653955,4.161751382268828
1,5,boring-2,boring,False,False,11,105.0,77.51578923646005,13,5.8258272722942195,7.828884631199997,-6.589302828800002,6.229085986653955,4.161751382268828
1,5,boring-2,boring,False,False,12,115.0,76.3921127875034,13,4.702150823337561,7.681491669599997,-6.7366957904000015,6.229085986653955,4.161751382268828
1,6,amusing-2,amusing,True,False,1,5.0,79.14246779538168,12,5.431143267279552,11.115494767199998,3.0552025060000005,9.373223260247853,7.2305277407054325
1,6,amusing-2,amusing,True,False,2,15.0,72.68577099321398,12,-1.0255535348881466,11.574542668799998,3.5142504076000005,9.373223260247853,7.2305277407054325
1,6,amusing-2,amusing,True,False,3,25.0,70.15231981726477,12,-3.559004710837357,11.449850023199998,3.389557762000001,9.373223260247853,7.2305277407054325
1,6,amusing-2,amusing,True,False,4,35.0,62.51061205453493,10,-11.200712473567194,11.376990381599995,3.316698120399998,9.373223260247853,7.2305277407054325
1,6,amusing-2,amusing,True,False,5,45.0,69.1108462603378,12,-4.6004782677643306,11.227139383199997,3.166847122,9.373223260247853,7.2305277407054325
1,6,amusing-2,amusing,True,False,6,55.0,73.72656534695113,12,0.01524081884900852,11.082417055199997,3.022124794,9.373223260247853,7.2305277407054325
1,6,amusing-2,amusing,True,False,7,65.0,73.33077243026679,12,-0.3805520978353343,10.908224467199997,2.8479322059999994,9.373223260247853,7.2305277407054325
1,6,amusing-2,amusing,True,False,8,75.0,69.92037924556075,12,-3.7909452825413723,10.691632610399996,2.6313403491999985,9.373223260247853,7.2305277407054325
1,6,amusing-2,amusing,True,False,9,85.0,73.03344395638696,12,-0.6778805717151641,10.433902691999997,2.3736104307999994,9.373223260247853,7.2305277407054325
1,6,amusing-2,amusing,True,False,10,95.0,74.05017114027413,12,0.33884661217200573,10.154755334399997,2.0944630732,9.373223260247853,7.2305277407054325
1,6,amusing-2,amusing,True,False,11,105.0,76.32698966224419,12,2.6156651341420627,9.865179551999999,1.8048872908000018,9.373223260247853,7.2305277407054325
1,6,amusing-2,amusing,True,False,12,115.0,71.61940256146595,12,-2.0919219666361784,9.574206323999997,1.5139140627999996,9.373223260247853,7.2305277407054325
1,7,relaxed-2,relaxed,False,False,1,5.0,79.14702381384174,13,6.100163981141947,6.752032307999997,-3.5192845220000013,5.083669859680338,4.943570583957056
1,7,relaxed-2,relaxed,False,False,2,15.0,75.15413840036676,12,2.1072785676669668,6.658101119999998,-3.6132157100000004,5.083669859680338,4.943570583957056
1,7,relaxed-2,relaxed,False,False,3,25.0,72.11594374189427,12,-0.9309160908055247,6.567686308799997,-3.703630521200001,5.083669859680338,4.943570583957056
1,7,relaxed-2,relaxed,False,False,4,35.0,72.65592657188371,12,-0.3909332608160838,6.4795454327999975,-3.7917713972000007,5.083669859680338,4.943570583957056
1,7,relaxed-2,relaxed,False,False,5,45.0,72.65766118288678,12,-0.3891986498130109,6.392395778399997,-3.878921051600001,5.083669859680338,4.943570583957056
1,7,relaxed-2,relaxed,False,False,6,55.0,71.2796890614756,12,-1.767170771224201,6.317602243199997,-3.953714586800001,5.083669859680338,4.943570583957056
1,7,relaxed-2,relaxed,False,False,7,65.0,75.07812257570104,13,2.0312627430012498,6.235085966399996,-4.036230863600002,5.083669859680338,4.943570583957056
1,7,relaxed-2,relaxed,False,False,8,75.0,80.6887644912059,13,7.641904658506107,6.164657872799998,-4.1066589572000005,5.083669859680338,4.943570583957056
1,7,relaxed-2,relaxed,False,False,9,85.0,78.43420753792483,13,5.387347705225039,6.093862843199997,-4.177453986800002,5.083669859680338,4.943570583957056
1,7,relaxed-2,relaxed,False,False,10,95.0,76.00663004900284,13,2.959770216303042,6.026234654399996,-4.245082175600002,5.083669859680338,4.943570583957056
1,7,relaxed-2,relaxed,False,False,11,105.0,73.9194651257758,12,0.8726052930760062,5.965360411199999,-4.305956418799999,5.083669859680338,4.943570583957056
1,7,relaxed-2,relaxed,False,False,12,115.0,75.37523515298575,13,2.328375320285957,5.903330347199996,-4.367986482800002,5.083669859680338,4.943570583957056
1,8,scary-2,scary,True,True,1,5.0,74.96772817364932,12,-1.6506102548957813,7.092822093599998,1.028066744400002,0.5,9.5
1,8,scary-2,scary,True,True,2,15.0,75.69069255625568,12,-0.9276458722894176,7.309379918399998,1.2446245692000018,0.5,9.5
1,8,scary-2,scary,True,True,3,25.0,67.53699490189013,12,-9.081343526654976,7.483515861599997,1.4187605124000013,0.5,9.5
1,8,scary-2,scary,True,True,4,35.0,67.93887822250694,11,-8.679460206038158,7.663872371999997,1.5991170228000007,0.5,9.5
1,8,scary-2,scary,True,True,5,45.0,68.9844396374155,11,-7.633898791129596,7.724355131999997,1.6595997828000009,0.5,9.5
1,8,scary-2,scary,True,True,6,55.0,68.15975858973464,12,-8.458579838810465,7.715232796799997,1.650477447600001,0.5,9.5
1,8,scary-2,scary,True,True,7,65.0,79.59290729846137,13,2.9745688699162685,7.715112890399997,1.6503575412000009,0.5,9.5
1,8,scary-2,scary,True,True,8,75.0,73.99583639428961,12,-2.62250203425549,7.685718508799997,1.6209631596000014,0.5,9.5
1,8,scary-2,scary,True,True,9,85.0,72.4600965168796,12,-4.158241911665499,7.627961942399997,1.5632065932000012,0.5,9.5
1,8,scary-2,scary,True,True,10,95.0,72.55084531461162,12,-4.06749311393348,7.5311021351999985,1.4663467860000026,0.5,9.5
1,8,scary-2,scary,True,True,11,105.0,72.12555450100818,12,-4.4927839275369195,7.407919840799996,1.3431644916000005,0.5,9.5
1,8,scary-2,scary,True,True,12,115.0,69.63102628409024,12,-6.987312144454862,7.275338824799998,1.2105834756000018,0.5,9.5
2,1,amusing-2,amusing,True,False,1,5.0,65.74737984381574,10,0.9516559671932328,28.095327811199997,19.1113734112,4.290807721639657,5.623001334604385
2,1,amusing-2,amusing,True,False,2,15.0,66.1601645370037,11,1.3644406603811916,27.344632811999997,18.360678412,4.290807721639657,5.623001334604385
2,1,amusing-2,amusing,True,False,3,25.0,61.833980267137356,11,-2.961743609485147,26.499207825599996,17.515253425599997,4.290807721639657,5.623001334604385
2,1,amusing-2,amusing,True,False,4,35.0,61.69963110363822,10,-3.096092772984285,26.1159121872,17.1319577872,4.290807721639657,5.623001334604385
2,1,amusing-2,amusing,True,False,5,45.0,62.90931313825068,10,-1.886410738371822,25.854129407999995,16.870175007999997,4.290807721639657,5.623001334604385
2,1,amusing-2,amusing,True,False,6,55.0,61.62567343929097,11,-3.1700504373315326,25.649105757599997,16.6651513576,4.290807721639657,5.623001334604385
2,1,amusing-2,amusing,True,False,7,65.0,63.11378223946963,10,-1.6819416371528746,25.4181733128,16.434218912800002,4.290807721639657,5.623001334604385
2,1,amusing-2,amusing,True,False,8,75.0,61.114800442832575,10,-3.6809234337899284,24.864579359999997,15.880624959999999,4.290807721639657,5.623001334604385
2,1,amusing-2,amusing,True,False,9,85.0,62.41400972135414,11,-2.3817141552683623,23.933757441599997,14.9498030416,4.290807721639657,5.623001334604385
2,1,amusing-2,amusing,True,False,10,95.0,71.82961909159424,12,7.033895214971736,23.1931052064,14.2091508064,4.290807721639657,5.623001334604385
2,1,amusing-2,amusing,True,False,11,105.0,63.91942158674565,10,-0.876302289876854,22.998467932799997,14.014513532799999,4.290807721639657,5.623001334604385
2,1,amusing-2,amusing,True,False,12,115.0,61.67859917301323,10,-3.117124703609271,22.393202124,13.409247724,4.290807721639657,5.623001334604385
2,2,relaxed-2,relaxed,False,False,1,5.0,63.40951754854679,10,-0.8250153158125357,9.826478222399997,-13.973736007200001,5.195438703527168,4.877054337464251
2,2,relaxed-2,relaxed,False,False,2,15.0,63.1858529436889,11,-1.0486799206704234,9.584313861599998,-14.215900368,5.195438703527168,4.877054337464251
2,2,relaxed-2,relaxed,False,False,3,25.0,62.78174594516512,10,-1.452786919194203,9.465784123199997,-14.334430106400001,5.195438703527168,4.877054337464251
2,2,relaxed-2,relaxed,False,False,4,35.0,65.91944525924393,11,1.6849123948846056,9.157297245599995,-14.642916984000003,5.195438703527168,4.877054337464251
2,2,relaxed-2,relaxed,False,False,5,45.0,64.36886825636729,11,0.1343353920079693,9.057298771199997,-14.7429154584,5.195438703527168,4.877054337464251
2,2,relaxed-2,relaxed,False,False,6,55.0,63.86208675530188,10,-0.37244610905744224,8.822470070399998,-14.9777441592,5.195438703527168,4.877054337464251
2,2,relaxed-2,relaxed,False,False,7,65.0,63.491980971686125,11,-0.7425518926731982,8.546653173599998,-15.253561056,5.195438703527168,4.877054337464251
2,2,relaxed-2,relaxed,False,False,8,75.0,63.940206232138664,10,-0.2943266322206597,8.255844895199997,-15.5443693344,5.195438703527168,4.877054337464251
2,2,relaxed-2,relaxed,False,False,9,85.0,67.31691437263544,12,3.0823815082761143,8.000073731999997,-15.800140497600001,5.195438703527168,4.877054337464251
2,2,relaxed-2,relaxed,False,False,10,95.0,64.31710182613354,10,0.08256896177421424,7.784878415999997,-16.0153358136,5.195438703527168,4.877054337464251
2,2,relaxed-2,relaxed,False,False,11,105.0,66.59715060442021,11,2.362617740060884,7.622777270399998,-16.1774369592,5.195438703527168,4.877054337464251
2,2,relaxed-2,relaxed,False,False,12,115.0,65.82651521014103,11,1.5919823457817017,7.4248402967999985,-16.3753739328,5.195438703527168,4.877054337464251
2,3,boring-2,boring,False,False,1,5.0,65.11959469402501,11,-0.19499250140680147,5.370738724799998,-2.568439239199998,5.100485414680648,3.7630207816968544
2,3,boring-2,boring,False,False,2,15.0,77.47838184236406,13,12.163794646932246,7.624774828799997,-0.3144031351999992,5.100485414680648,3.7630207816968544
2,3,boring-2,boring,False,False,3,25.0,81.02037793390545,13,15.705790738473638,11.313047692799996,3.3738697288,5.100485414680648,3.7630207816968544
2,3,boring-2,boring,False,False,4,35.0,73.56195186709992,12,8.247364671668109,12.302797886399997,4.363619922400001,5.100485414680648,3.7630207816968544
2,3,boring-2,boring,False,False,5,45.0,67.77363540766201,11,2.4590482122302006,12.636836659199998,4.697658695200002,5.100485414680648,3.7630207816968544
2,3,boring-2,boring,False,False,6,55.0,67.90653956539865,12,2.591952369966833,12.595444442399998,4.656266478400002,5.100485414680648,3.7630207816968544
2,3,boring-2,boring,False,False,7,65.0,65.36758857135173,11,0.05300137591991927,12.218857269599996,4.279679305599999,5.100485414680648,3.7630207816968544
2,3,boring-2,boring,False,False,8,75.0,65.00243134614027,10,-0.3121558492915426,11.563789274399996,3.6246113103999997,5.100485414680648,3.7630207816968544
2,3,boring-2,boring,False,False,9,85.0,75.16281941925675,13,9.848232223824937,10.832332744799997,2.8931547808000007,5.100485414680648,3.7630207816968544
2,3,boring-2,boring,False,False,10,95.0,72.58719753369014,12,7.272610338258332,11.626506575999997,3.687328612000001,5.100485414680648,3.7630207816968544
2,3,boring-2,boring,False,False,11,105.0,67.9545882453619,11,2.640001049930092,11.854908799199997,3.9157308352000006,5.100485414680648,3.7630207816968544
2,3,boring-2,boring,False,False,12,115.0,69.41060702018336,12,4.096019824751551,11.747737658399998,3.808559694400002,5.100485414680648,3.7630207816968544
2,4,scary-2,scary,True,False,1,5.0,64.34630115194568,10,-5.184982406635086,31.622041511999996,19.9813527916,1.3571157292659677,8.63728808388942
2,4,scary-2,scary,True,False,2,15.0,60.057581670285174,10,-9.473701888295594,30.704118455999996,19.0634297356,1.3571157292659677,8.63728808388942
2,4,scary-2,scary,True,False,3,25.0,62.713950341003304,11,-6.817333217577463,29.724487547999992,18.083798827599995,1.3571157292659677,8.63728808388942
2,4,scary-2,scary,True,False,4,35.0,66.10253731010104,10,-3.428746248479726,29.235789568799998,17.5951008484,1.3571157292659677,8.63728808388942
2,4,scary-2,scary,True,False,5,45.0,64.66174279002756,11,-4.8695407685532075,28.492098218399995,16.851409498,1.3571157292659677,8.63728808388942
2,4,scary-2,scary,True,False,6,55.0,65.10065128487501,11,-4.430632273705754,27.709991217599995,16.0693024972,1.3571157292659677,8.63728808388942
2,4,scary-2,scary,True,False,7,65.0,67.13354136470545,11,-2.3977421938753167,26.800870310399997,15.16018159,1.3571157292659677,8.63728808388942
2,4,scary-2,scary,True,False,8,75.0,66.93318479383876,11,-2.598098764742005,25.798430471999996,14.1577417516,1.3571157292659677,8.63728808388942
2,4,scary-2,scary,True,False,9,85.0,70.60286411487296,12,1.07158055629219,24.689541275999996,13.0488525556,1.3571157292659677,8.63728808388942
2,4,scary-2,scary,True,False,10,95.0,66.78171934978263,11,-2.749564208798134,23.497338031199998,11.856649310800002,1.3571157292659677,8.63728808388942
2,4,scary-2,scary,True,False,11,105.0,66.0076507332992,11,-3.5236328252815667,22.2587308464,10.618042126000002,1.3571157292659677,8.63728808388942
2,4,scary-2,scary,True,False,12,115.0,67.8389954021376,11,-1.692288156443169,21.1866670248,9.545978304400002,1.3571157292659677,8.63728808388942
2,5,amusing-1,amusing,True,False,1,5.0,63.08977156565765,11,-4.505457948668841,15.0690721152,-8.969524211599998,6.788244518589132,5.98446558627264
2,5,amusing-1,amusing,True,False,2,15.0,62.60522455551752,10,-4.990004958808967,16.359221596799998,-7.679374729999999,6.788244518589132,5.98446558627264
2,5,amusing-1,amusing,True,False,3,25.0,69.82644536551629,12,2.231215851189802,16.739425120799996,-7.2991712060000005,6.788244518589132,5.98446558627264
2,5,amusing-1,amusing,True,False,4,35.0,66.32702496749617,11,-1.2682045468303187,16.299040135199995,-7.739556191600002,6.788244518589132,5.98446558627264
2,5,amusing-1,amusing,True,False,5,45.0,66.04895318910594,11,-1.5462763252205463,18.162564487199997,-5.8760318395999995,6.788244518589132,5.98446558627264
2,5,amusing-1,amusing,True,False,6,55.0,66.83858539422336,11,-0.7566441201031324,18.501658319999997,-5.5369380068,6.788244518589132,5.98446558627264
2,5,amusing-1,amusing,True,False,7,65.0,66.58011823021066,11,-1.0151112841158323,18.078180141599997,-5.9604161852,6.788244518589132,5.98446558627264
2,5,amusing-1,amusing,True,False,8,75.0,64.2934101843012,11,-3.301819330025296,17.3593118256,-6.679284501199998,6.788244518589132,5.98446558627264
2,5,amusing-1,amusing,True,False,9,85.0,64.5525633833778,10,-3.042666130948689,16.618158520799994,-7.4204378060000025,6.788244518589132,5.98446558627264
2,5,amusing-1,amusing,True,False,10,95.0,65.59178162109805,11,-2.00344789322844,15.796006780799996,-8.242589546000001,6.788244518589132,5.98446558627264
2,5,amusing-1,amusing,True,False,11,105.0,64.82952592506435,11,-2.765703589262145,14.979989966399996,-9.0586063604,6.788244518589132,5.98446558627264
2,5,amusing-1,amusing,True,False,12,115.0,63.332110713641015,11,-4.263118800685476,15.217837931999998,-8.820758394799999,6.788244518589132,5.98446558627264
2,6,boring-1,boring,False,False,1,5.0,65.25146915683058,11,0.38343766065756313,12.865801821599996,-3.475779039600001,5.169704480457579,4.144011058150619
2,6,boring-1,boring,False,False,2,15.0,62.57423059702769,10,-2.2938008991453245,12.312655411199996,-4.028925450000001,5.169704480457579,4.144011058150619
2,6,boring-1,boring,False,False,3,25.0,65.73286308526588,11,0.8648315890928586,11.802107810399995,-4.539473050800002,5.169704480457579,4.144011058150619
2,6,boring-1,boring,False,False,4,35.0,68.1275217340294,12,3.259490237856383,11.485718471999997,-4.8558623892,5.169704480457579,4.144011058150619
2,6,boring-1,boring,False,False,5,45.0,70.0566506676248,11,5.188619171451776,11.256698709599997,-5.0848821516000005,5.169704480457579,4.144011058150619
2,6,boring-1,boring,False,False,6,55.0,72.0817366555408,12,7.213705159367777,12.033171556799998,-4.3084093044,5.169704480457579,4.144011058150619
2,6,boring-1,boring,False,False,7,65.0,70.37696783124447,12,5.5089363350714535,12.812653696799996,-3.5289271644000006,5.169704480457579,4.144011058150619
2,6,boring-1,boring,False,False,8,75.0,68.76690305036705,12,3.898871554194031,13.276586644799997,-3.0649942164000006,5.169704480457579,4.144011058150619
2,6,boring-1,boring,False,False,9,85.0,71.30885357709927,11,6.440822080926253,13.890757067999997,-2.4508237931999997,5.169704480457579,4.144011058150619
2,6,boring-1,boring,False,False,10,95.0,69.64869847074281,12,4.780666974569797,14.044338868799995,-2.297241992400002,5.169704480457579,4.144011058150619
2,6,boring-1,boring,False,False,11,105.0,72.58697894826383,12,7.718947452090816,13.658881819199998,-2.6826990419999994,5.169704480457579,4.144011058150619
2,6,boring-1,boring,False,False,12,115.0,69.6960831425268,12,4.828051646353785,13.151290418399995,-3.190290442800002,5.169704480457579,4.144011058150619
2,7,relaxed-1,relaxed,False,False,1,5.0,64.89727206820963,11,-5.48730492708377,10.639260827999998,-2.833157258,6.611359771210677,2.930863679694948
2,7,relaxed-1,relaxed,False,False,2,15.0,76.2010263504937,12,5.816449355200305,11.827047254399996,-1.645370831600001,6.611359771210677,2.930863679694948
2,7,relaxed-1,relaxed,False,False,3,25.0,77.074751016965,13,6.690174021671595,12.109787270399998,-1.3626308155999993,6.611359771210677,2.930863679694948
2,7,relaxed-1,relaxed,False,False,4,35.0,71.3524285718779,12,0.9678515765844935,11.747811033599996,-1.7246070524000015,6.611359771210677,2.930863679694948
2,7,relaxed-1,relaxed,False,False,5,45.0,65.45623952718474,11,-4.928337468108666,11.286373454399996,-2.1860446316000015,6.611359771210677,2.930863679694948
2,7,relaxed-1,relaxed,False,False,6,55.0,62.32267251435252,10,-8.061904480940882,10.763664923999997,-2.7087531620000007,6.611359771210677,2.930863679694948
2,7,relaxed-1,relaxed,False,False,7,65.0,63.994543861432845,11,-6.390033133860555,10.280577542399996,-3.1918405436000015,6.611359771210677,2.930863679694948
2,7,relaxed-1,relaxed,False,False,8,75.0,66.71915530285246,11,-3.665421692440944,9.845294443199997,-3.627123642800001,6.611359771210677,2.930863679694948
2,7,relaxed-1,relaxed,False,False,9,85.0,69.08330969319411,11,-1.3012673020992906,9.467723361599997,-4.0046947244,6.611359771210677,2.930863679694948
2,7,relaxed-1,relaxed,False,False,10,95.0,68.62477787653482,12,-1.759799118758579,9.187383256799997,-4.285034829200001,6.611359771210677,2.930863679694948
2,7,relaxed-1,relaxed,False,False,11,105.0,68.62364620801782,11,-1.7609307872755835,8.945818262399996,-4.526599823600002,6.611359771210677,2.930863679694948
2,7,relaxed-1,relaxed,False,False,12,115.0,64.92973743454739,11,-5.454839560746009,8.718577276799998,-4.7538408092,6.611359771210677,2.930863679694948
2,8,scary-1,scary,True,True,1,5.0,62.830508538395954,10,-4.1896653723340265,28.947235557599996,19.539673200400003,2.173908287038559,8.386295782518655
2,8,scary-1,scary,True,True,2,15.0,62.964604459010346,11,-4.055569451719634,28.566626395199997,19.159064038000004,2.173908287038559,8.386295782518655
2,8,scary-1,scary,True,True,3,25.0,65.91920485885814,11,-1.100969051871843,27.7129618152,18.305399458000004,2.173908287038559,8.386295782518655
2,8,scary-1,scary,True,True,4,35.0,68.33709166276256,11,1.3169177520325803,27.011262794399993,17.603700437199997,2.173908287038559,8.386295782518655
2,8,scary-1,scary,True,True,5,45.0,67.97913171387091,11,0.9589578031409332,26.9628087696,17.555246412400002,2.173908287038559,8.386295782518655
2,8,scary-1,scary,True,True,6,55.0,66.06811429179818,11,-0.9520596189317985,26.449419763199998,17.041857406000005,2.173908287038559,8.386295782518655
2,8,scary-1,scary,True,True,7,65.0,66.11020804349621,11,-0.9099658672337654,25.812798081599997,16.4052357244,2.173908287038559,8.386295782518655
2,8,scary-1,scary,True,True,8,75.0,64.91690410056947,11,-2.103269810160512,24.8963634144,15.488801057200005,2.173908287038559,8.386295782518655
2,8,scary-1,scary,True,True,9,85.0,68.3412573441892,11,1.321083433459222,24.184720646399995,14.7771582892,2.173908287038559,8.386295782518655
2,8,scary-1,scary,True,True,10,95.0,68.1532896567796,12,1.1331157460496257,23.3851312392,13.977568882000005,2.173908287038559,8.386295782518655
2,8,scary-1,scary,True,True,11,105.0,77.25996587302555,13,10.23979196229557,23.129422029599997,13.721859672400003,2.173908287038559,8.386295782518655
2,8,scary-1,scary,True,True,12,115.0,77.53138156667727,12,10.511207655947288,24.533267078399998,15.125704721200004,2.173908287038559,8.386295782518655
