subject,trial_order,segment_index,video_label,category,main_condition,previous_category,previous_video_label,stimulus_start_ms,stimulus_end_ms,baseline_segment_index,baseline_label,baseline_start_ms,baseline_end_ms,recovery_segment_index,recovery_label,recovery_start_ms,recovery_end_ms,recovery_is_endvid
1,1,2,boring-1,boring,False,,,221500.0,340166.667,1,bluVid,161500.0,221500.0,3,bluVid,340166.667,460166.667,False
1,2,4,amusing-1,amusing,True,boring,boring-1,460166.667,645750.0,3,bluVid,400166.667,460166.667,5,bluVid,645750.0,765750.0,False
1,3,6,relaxed-1,relaxed,False,amusing,amusing-1,765750.0,910875.0,5,bluVid,705750.0,765750.0,7,bluVid,910875.0,1030875.0,False
1,4,8,scary-1,scary,True,relaxed,relaxed-1,1030875.0,1227875.0,7,bluVid,970875.0,1030875.0,9,bluVid,1227875.0,1347875.0,False
1,5,10,boring-2,boring,False,scary,scary-1,1347875.0,1508000.0,9,bluVid,1287875.0,1347875.0,11,bluVid,1508000.0,1628000.0,False
1,6,12,amusing-2,amusing,True,boring,boring-2,1628000.0,1801083.333,11,bluVid,1568000.0,1628000.0,13,bluVid,1801083.333,1921083.333,False
1,7,14,relaxed-2,relaxed,False,amusing,amusing-2,1921083.333,2067833.333,13,bluVid,1861083.333,1921083.333,15,bluVid,2067833.333,2187833.333,False
1,8,16,scary-2,scary,True,relaxed,relaxed-2,2187833.333,2331583.333,15,bluVid,2127833.333,2187833.333,17,endVid,2331583.333,2451583.333,True
2,1,2,amusing-2,amusing,True,,,221500.0,394583.333,1,bluVid,161500.0,221500.0,3,bluVid,394583.333,514583.333,False
2,2,4,relaxed-2,relaxed,False,amusing,amusing-2,514583.333,661333.333,3,bluVid,454583.333,514583.333,5,bluVid,661333.333,781333.333,False
2,3,6,boring-2,boring,False,relaxed,relaxed-2,781333.333,941458.333,5,bluVid,721333.333,781333.333,7,bluVid,941458.333,1061458.333,False
2,4,8,scary-2,scary,True,boring,boring-2,1061458.333,1205208.333,7,bluVid,1001458.3330000001,1061458.333,9,bluVid,1205208.333,1325208.333,False
2,5,10,amusing-1,amusing,True,scary,scary-2,1325208.333,1510791.6660000002,9,bluVid,1265208.333,1325208.333,11,bluVid,1510791.6660000002,1630791.6660000002,False
2,6,12,boring-1,boring,False,amusing,amusing-1,1630791.6660000002,1749458.333,11,bluVid,1570791.6660000002,1630791.6660000002,13,bluVid,1749458.333,1869458.333,False
2,7,14,relaxed-1,relaxed,False,boring,boring-1,1869458.333,2014583.333,13,bluVid,1809458.333,1869458.333,15,bluVid,2014583.333,2134583.333,False
2,8,16,scary-1,scary,True,relaxed,relaxed-1,2134583.333,2331583.333,15,bluVid,2074583.333,2134583.333,17,endVid,2331583.333,2451583.333,True
3,1,2,relaxed-1,relaxed,False,,,221500.0,366625.0,1,bluVid,161500.0,221500.0,3,bluVid,366625.0,486625.0,False
3,2,4,scary-1,scary,True,relaxed,relaxed-1,486625.0,683625.0,3,bluVid,426625.0,486625.0,5,bluVid,683625.0,803625.0,False
3,3,6,amusing-1,amusing,True,scary,scary-1,803625.0,989208.333,5,bluVid,743625.0,803625.0,7,bluVid,989208.333,1109208.333,False
3,4,8,boring-1,boring,False,amusing,amusing-1,1109208.333,1227875.0,7,bluVid,1049208.333,1109208.333,9,bluVid,1227875.0,1347875.0,False
3,5,10,amusing-2,amusing,True,boring,boring-1,1347875.0,1520958.333,9,bluVid,1287875.0,1347875.0,11,bluVid,1520958.333,1640958.333,False
3,6,12,boring-2,boring,False,amusing,amusing-2,1640958.333,1801083.333,11,bluVid,1580958.333,1640958.333,13,bluVid,1801083.333,1921083.333,False
3,7,14,scary-2,scary,True,boring,boring-2,1921083.333,2064833.333,13,bluVid,1861083.333,1921083.333,15,bluVid,2064833.333,2184833.333,False
3,8,16,relaxed-2,relaxed,False,scary,scary-2,2184833.333,2331583.333,15,bluVid,2124833.333,2184833.333,17,endVid,2331583.333,2451583.333,True
4,1,2,boring-2,boring,False,,,221500.0,381625.0,1,bluVid,161500.0,221500.0,3,bluVid,381625.0,501625.0,False
4,2,4,amusing-2,amusing,True,boring,boring-2,501625.0,674708.333,3,bluVid,441625.0,501625.0,5,bluVid,674708.333,794708.333,False
4,3,6,scary-2,scary,True,amusing,amusing-2,794708.333,938458.333,5,bluVid,734708.333,794708.333,7,bluVid,938458.333,1058458.333,False
4,4,8,relaxed-2,relaxed,False,scary,scary-2,1058458.333,1205208.333,7,bluVid,998458.3330000001,1058458.333,9,bluVid,1205208.333,1325208.333,False
4,5,10,boring-1,boring,False,relaxed,relaxed-2,1325208.333,1443875.0,9,bluVid,1265208.333,1325208.333,11,bluVid,1443875.0,1563875.0,False
4,6,12,relaxed-1,relaxed,False,boring,boring-1,1563875.0,1709000.0,11,bluVid,1503875.0,1563875.0,13,bluVid,1709000.0,1829000.0,False
4,7,14,scary-1,scary,True,relaxed,relaxed-1,1829000.0,2026000.0,13,bluVid,1769000.0,1829000.0,15,bluVid,2026000.0,2146000.0,False
4,8,16,amusing-1,amusing,True,scary,scary-1,2146000.0,2331583.333,15,bluVid,2086000.0,2146000.0,17,endVid,2331583.333,2451583.333,True
5,1,2,amusing-1,amusing,True,,,221500.0,407083.333,1,bluVid,161500.0,221500.0,3,bluVid,407083.333,527083.333,False
5,2,4,scary-1,scary,True,amusing,amusing-1,527083.333,724083.333,3,bluVid,467083.333,527083.333,5,bluVid,724083.333,844083.333,False
5,3,6,relaxed-1,relaxed,False,scary,scary-1,844083.333,989208.333,5,bluVid,784083.333,844083.333,7,bluVid,989208.333,1109208.333,False
5,4,8,boring-1,boring,False,relaxed,relaxed-1,1109208.333,1227875.0,7,bluVid,1049208.333,1109208.333,9,bluVid,1227875.0,1347875.0,False
5,5,10,scary-2,scary,True,boring,boring-1,1347875.0,1491625.0,9,bluVid,1287875.0,1347875.0,11,bluVid,1491625.0,1611625.0,False
5,6,12,amusing-2,amusing,True,scary,scary-2,1611625.0,1784708.333,11,bluVid,1551625.0,1611625.0,13,bluVid,1784708.333,1904708.333,False
5,7,14,boring-2,boring,False,amusing,amusing-2,1904708.333,2064833.333,13,bluVid,1844708.333,1904708.333,15,bluVid,2064833.333,2184833.333,False
5,8,16,relaxed-2,relaxed,False,boring,boring-2,2184833.333,2331583.333,15,bluVid,2124833.333,2184833.333,17,endVid,2331583.333,2451583.333,True
6,1,2,relaxed-2,relaxed,False,,,221500.0,368250.0,1,bluVid,161500.0,221500.0,3,bluVid,368250.0,488250.0,False
6,2,4,scary-2,scary,True,relaxed,relaxed-2,488250.0,632000.0,3,bluVid,428250.0,488250.0,5,bluVid,632000.0,752000.0,False
6,3,6,boring-2,boring,False,scary,scary-2,752000.0,912125.0,5,bluVid,692000.0,752000.0,7,bluVid,912125.0,1032125.0,False
6,4,8,amusing-2,amusing,True,boring,boring-2,1032125.0,1205208.333,7,bluVid,972125.0,1032125.0,9,bluVid,1205208.333,1325208.333,False
6,5,10,scary-1,scary,True,amusing,amusing-2,1325208.333,1522208.333,9,bluVid,1265208.333,1325208.333,11,bluVid,1522208.333,1642208.333,False
6,6,12,boring-1,boring,False,scary,scary-1,1642208.333,1760875.0,11,bluVid,1582208.333,1642208.333,13,bluVid,1760875.0,1880875.0,False
6,7,14,relaxed-1,relaxed,False,boring,boring-1,1880875.0,2026000.0,13,bluVid,1820875.0,1880875.0,15,bluVid,2026000.0,2146000.0,False
6,8,16,amusing-1,amusing,True,relaxed,relaxed-1,2146000.0,2331583.333,15,bluVid,2086000.0,2146000.0,17,endVid,2331583.333,2451583.333,True
7,1,2,relaxed-1,relaxed,False,,,221500.0,366625.0,1,bluVid,161500.0,221500.0,3,bluVid,366625.0,486625.0,False
7,2,4,boring-1,boring,False,relaxed,relaxed-1,486625.0,605291.667,3,bluVid,426625.0,486625.0,5,bluVid,605291.667,725291.667,False
7,3,6,scary-1,scary,True,boring,boring-1,725291.667,922291.667,5,bluVid,665291.667,725291.667,7,bluVid,922291.667,1042291.667,False
7,4,8,amusing-1,amusing,True,scary,scary-1,1042291.667,1227875.0,7,bluVid,982291.667,1042291.667,9,bluVid,1227875.0,1347875.0,False
7,5,10,boring-2,boring,False,amusing,amusing-1,1347875.0,1508000.0,9,bluVid,1287875.0,1347875.0,11,bluVid,1508000.0,1628000.0,False
7,6,12,amusing-2,amusing,True,boring,boring-2,1628000.0,1801083.333,11,bluVid,1568000.0,1628000.0,13,bluVid,1801083.333,1921083.333,False
7,7,14,scary-2,scary,True,amusing,amusing-2,1921083.333,2064833.333,13,bluVid,1861083.333,1921083.333,15,bluVid,2064833.333,2184833.333,False
7,8,16,relaxed-2,relaxed,False,scary,scary-2,2184833.333,2331583.333,15,bluVid,2124833.333,2184833.333,17,endVid,2331583.333,2451583.333,True
8,1,2,boring-1,boring,False,,,221500.0,340166.667,1,bluVid,161500.0,221500.0,3,bluVid,340166.667,460166.667,False
8,2,4,relaxed-1,relaxed,False,boring,boring-1,460166.667,605291.667,3,bluVid,400166.667,460166.667,5,bluVid,605291.667,725291.667,False
8,3,6,amusing-1,amusing,True,relaxed,relaxed-1,725291.667,910875.0,5,bluVid,665291.667,725291.667,7,bluVid,910875.0,1030875.0,False
8,4,8,scary-1,scary,True,amusing,amusing-1,1030875.0,1227875.0,7,bluVid,970875.0,1030875.0,9,bluVid,1227875.0,1347875.0,False
8,5,10,boring-2,boring,False,scary,scary-1,1347875.0,1508000.0,9,bluVid,1287875.0,1347875.0,11,bluVid,1508000.0,1628000.0,False
8,6,12,amusing-2,amusing,True,boring,boring-2,1628000.0,1801083.333,11,bluVid,1568000.0,1628000.0,13,bluVid,1801083.333,1921083.333,False
8,7,14,relaxed-2,relaxed,False,amusing,amusing-2,1921083.333,2067833.333,13,bluVid,1861083.333,1921083.333,15,bluVid,2067833.333,2187833.333,False
8,8,16,scary-2,scary,True,relaxed,relaxed-2,2187833.333,2331583.333,15,bluVid,2127833.333,2187833.333,17,endVid,2331583.333,2451583.333,True
9,1,2,amusing-2,amusing,True,,,221500.0,394583.333,1,bluVid,161500.0,221500.0,3,bluVid,394583.333,514583.333,False
9,2,4,boring-2,boring,False,amusing,amusing-2,514583.333,674708.333,3,bluVid,454583.333,514583.333,5,bluVid,674708.333,794708.333,False
9,3,6,relaxed-2,relaxed,False,boring,boring-2,794708.333,941458.333,5,bluVid,734708.333,794708.333,7,bluVid,941458.333,1061458.333,False
9,4,8,scary-2,scary,True,relaxed,relaxed-2,1061458.333,1205208.333,7,bluVid,1001458.3330000001,1061458.333,9,bluVid,1205208.333,1325208.333,False
9,5,10,boring-1,boring,False,scary,scary-2,1325208.333,1443875.0,9,bluVid,1265208.333,1325208.333,11,bluVid,1443875.0,1563875.0,False
9,6,12,relaxed-1,relaxed,False,boring,boring-1,1563875.0,1709000.0,11,bluVid,1503875.0,1563875.0,13,bluVid,1709000.0,1829000.0,False
9,7,14,amusing-1,amusing,True,relaxed,relaxed-1,1829000.0,2014583.333,13,bluVid,1769000.0,1829000.0,15,bluVid,2014583.333,2134583.333,False
9,8,16,scary-1,scary,True,amusing,amusing-1,2134583.333,2331583.333,15,bluVid,2074583.333,2134583.333,17,endVid,2331583.333,2451583.333,True
10,1,2,scary-2,scary,True,,,221500.0,365250.0,1,bluVid,161500.0,221500.0,3,bluVid,365250.0,485250.0,False
10,2,4,relaxed-2,relaxed,False,scary,scary-2,485250.0,632000.0,3,bluVid,425250.0,485250.0,5,bluVid,632000.0,752000.0,False
10,3,6,boring-2,boring,False,relaxed,relaxed-2,752000.0,912125.0,5,bluVid,692000.0,752000.0,7,bluVid,912125.0,1032125.0,False
10,4,8,amusing-2,amusing,True,boring,boring-2,1032125.0,1205208.333,7,bluVid,972125.0,1032125.0,9,bluVid,1205208.333,1325208.333,False
10,5,10,boring-1,boring,False,amusing,amusing-2,1325208.333,1443875.0,9,bluVid,1265208.333,1325208.333,11,bluVid,1443875.0,1563875.0,False
10,6,12,amusing-1,amusing,True,boring,boring-1,1563875.0,1749458.333,11,bluVid,1503875.0,1563875.0,13,bluVid,1749458.333,1869458.333,False
10,7,14,relaxed-1,relaxed,False,amusing,amusing-1,1869458.333,2014583.333,13,bluVid,1809458.333,1869458.333,15,bluVid,2014583.333,2134583.333,False
10,8,16,scary-1,scary,True,relaxed,relaxed-1,2134583.333,2331583.333,15,bluVid,2074583.333,2134583.333,17,endVid,2331583.333,2451583.333,True
11,1,2,boring-1,boring,False,,,221500.0,340166.667,1,bluVid,161500.0,221500.0,3,bluVid,340166.667,460166.667,False
11,2,4,scary-1,scary,True,boring,boring-1,460166.667,657166.667,3,bluVid,400166.667,460166.667,5,bluVid,657166.667,777166.667,False
11,3,6,amusing-1,amusing,True,scary,scary-1,777166.667,962750.0,5,bluVid,717166.667,777166.667,7,bluVid,962750.0,1082750.0,False
11,4,8,relaxed-1,relaxed,False,amusing,amusing-1,1082750.0,1227875.0,7,bluVid,1022750.0,1082750.0,9,bluVid,1227875.0,1347875.0,False
11,5,10,scary-2,scary,True,relaxed,relaxed-1,1347875.0,1491625.0,9,bluVid,1287875.0,1347875.0,11,bluVid,1491625.0,1611625.0,False
11,6,12,boring-2,boring,False,scary,scary-2,1611625.0,1771750.0,11,bluVid,1551625.0,1611625.0,13,bluVid,1771750.0,1891750.0,False
11,7,14,amusing-2,amusing,True,boring,boring-2,1891750.0,2064833.333,13,bluVid,1831750.0,1891750.0,15,bluVid,2064833.333,2184833.333,False
11,8,16,relaxed-2,relaxed,False,amusing,amusing-2,2184833.333,2331583.333,15,bluVid,2124833.333,2184833.333,17,endVid,2331583.333,2451583.333,True
12,1,2,boring-2,boring,False,,,221500.0,381625.0,1,bluVid,161500.0,221500.0,3,bluVid,381625.0,501625.0,False
12,2,4,amusing-2,amusing,True,boring,boring-2,501625.0,674708.333,3,bluVid,441625.0,501625.0,5,bluVid,674708.333,794708.333,False
12,3,6,relaxed-2,relaxed,False,amusing,amusing-2,794708.333,941458.333,5,bluVid,734708.333,794708.333,7,bluVid,941458.333,1061458.333,False
12,4,8,scary-2,scary,True,relaxed,relaxed-2,1061458.333,1205208.333,7,bluVid,1001458.3330000001,1061458.333,9,bluVid,1205208.333,1325208.333,False
12,5,10,relaxed-1,relaxed,False,scary,scary-2,1325208.333,1470333.333,9,bluVid,1265208.333,1325208.333,11,bluVid,1470333.333,1590333.333,False
12,6,12,boring-1,boring,False,relaxed,relaxed-1,1590333.333,1709000.0,11,bluVid,1530333.333,1590333.333,13,bluVid,1709000.0,1829000.0,False
12,7,14,scary-1,scary,True,boring,boring-1,1829000.0,2026000.0,13,bluVid,1769000.0,1829000.0,15,bluVid,2026000.0,2146000.0,False
12,8,16,amusing-1,amusing,True,scary,scary-1,2146000.0,2331583.333,15,bluVid,2086000.0,2146000.0,17,endVid,2331583.333,2451583.333,True
13,1,2,relaxed-1,relaxed,False,,,221500.0,366625.0,1,bluVid,161500.0,221500.0,3,bluVid,366625.0,486625.0,False
13,2,4,boring-1,boring,False,relaxed,relaxed-1,486625.0,605291.667,3,bluVid,426625.0,486625.0,5,bluVid,605291.667,725291.667,False
13,3,6,scary-1,scary,True,boring,boring-1,725291.667,922291.667,5,bluVid,665291.667,725291.667,7,bluVid,922291.667,1042291.667,False
13,4,8,amusing-1,amusing,True,scary,scary-1,1042291.667,1227875.0,7,bluVid,982291.667,1042291.667,9,bluVid,1227875.0,1347875.0,False
13,5,10,relaxed-2,relaxed,False,amusing,amusing-1,1347875.0,1494625.0,9,bluVid,1287875.0,1347875.0,11,bluVid,1494625.0,1614625.0,False
13,6,12,amusing-2,amusing,True,relaxed,relaxed-2,1614625.0,1787708.333,11,bluVid,1554625.0,1614625.0,13,bluVid,1787708.333,1907708.333,False
13,7,14,boring-2,boring,False,amusing,amusing-2,1907708.333,2067833.333,13,bluVid,1847708.333,1907708.333,15,bluVid,2067833.333,2187833.333,False
13,8,16,scary-2,scary,True,boring,boring-2,2187833.333,2331583.333,15,bluVid,2127833.333,2187833.333,17,endVid,2331583.333,2451583.333,True
14,1,2,amusing-2,amusing,True,,,221500.0,394583.333,1,bluVid,161500.0,221500.0,3,bluVid,394583.333,514583.333,False
14,2,4,boring-2,boring,False,amusing,amusing-2,514583.333,674708.333,3,bluVid,454583.333,514583.333,5,bluVid,674708.333,794708.333,False
14,3,6,scary-2,scary,True,boring,boring-2,794708.333,938458.333,5,bluVid,734708.333,794708.333,7,bluVid,938458.333,1058458.333,False
14,4,8,relaxed-2,relaxed,False,scary,scary-2,1058458.333,1205208.333,7,bluVid,998458.3330000001,1058458.333,9,bluVid,1205208.333,1325208.333,False
14,5,10,scary-1,scary,True,relaxed,relaxed-2,1325208.333,1522208.333,9,bluVid,1265208.333,1325208.333,11,bluVid,1522208.333,1642208.333,False
14,6,12,amusing-1,amusing,True,scary,scary-1,1642208.333,1827791.6660000002,11,bluVid,1582208.333,1642208.333,13,bluVid,1827791.6660000002,1947791.6660000002,False
14,7,14,boring-1,boring,False,amusing,amusing-1,1947791.6660000002,2066458.333,13,bluVid,1887791.6660000002,1947791.6660000002,15,bluVid,2066458.333,2186458.333,False
14,8,16,relaxed-1,relaxed,False,boring,boring-1,2186458.333,2331583.333,15,bluVid,2126458.333,2186458.333,17,endVid,2331583.333,2451583.333,True
15,1,2,boring-1,boring,False,,,221500.0,340166.667,1,bluVid,161500.0,221500.0,3,bluVid,340166.667,460166.667,False
15,2,4,relaxed-1,relaxed,False,boring,boring-1,460166.667,605291.667,3,bluVid,400166.667,460166.667,5,bluVid,605291.667,725291.667,False
15,3,6,amusing-1,amusing,True,relaxed,relaxed-1,725291.667,910875.0,5,bluVid,665291.667,725291.667,7,bluVid,910875.0,1030875.0,False
15,4,8,scary-1,scary,True,amusing,amusing-1,1030875.0,1227875.0,7,bluVid,970875.0,1030875.0,9,bluVid,1227875.0,1347875.0,False
15,5,10,amusing-2,amusing,True,scary,scary-1,1347875.0,1520958.333,9,bluVid,1287875.0,1347875.0,11,bluVid,1520958.333,1640958.333,False
15,6,12,boring-2,boring,False,amusing,amusing-2,1640958.333,1801083.333,11,bluVid,1580958.333,1640958.333,13,bluVid,1801083.333,1921083.333,False
15,7,14,scary-2,scary,True,boring,boring-2,1921083.333,2064833.333,13,bluVid,1861083.333,1921083.333,15,bluVid,2064833.333,2184833.333,False
15,8,16,relaxed-2,relaxed,False,scary,scary-2,2184833.333,2331583.333,15,bluVid,2124833.333,2184833.333,17,endVid,2331583.333,2451583.333,True
16,1,2,amusing-2,amusing,True,,,221500.0,394583.333,1,bluVid,161500.0,221500.0,3,bluVid,394583.333,514583.333,False
16,2,4,relaxed-2,relaxed,False,amusing,amusing-2,514583.333,661333.333,3,bluVid,454583.333,514583.333,5,bluVid,661333.333,781333.333,False
16,3,6,boring-2,boring,False,relaxed,relaxed-2,781333.333,941458.333,5,bluVid,721333.333,781333.333,7,bluVid,941458.333,1061458.333,False
16,4,8,scary-2,scary,True,boring,boring-2,1061458.333,1205208.333,7,bluVid,1001458.3330000001,1061458.333,9,bluVid,1205208.333,1325208.333,False
16,5,10,boring-1,boring,False,scary,scary-2,1325208.333,1443875.0,9,bluVid,1265208.333,1325208.333,11,bluVid,1443875.0,1563875.0,False
16,6,12,amusing-1,amusing,True,boring,boring-1,1563875.0,1749458.333,11,bluVid,1503875.0,1563875.0,13,bluVid,1749458.333,1869458.333,False
16,7,14,scary-1,scary,True,amusing,amusing-1,1869458.333,2066458.333,13,bluVid,1809458.333,1869458.333,15,bluVid,2066458.333,2186458.333,False
16,8,16,relaxed-1,relaxed,False,scary,scary-1,2186458.333,2331583.333,15,bluVid,2126458.333,2186458.333,17,endVid,2331583.333,2451583.333,True
17,1,2,scary-1,scary,True,,,221500.0,418500.0,1,bluVid,161500.0,221500.0,3,bluVid,418500.0,538500.0,False
17,2,4,relaxed-1,relaxed,False,scary,scary-1,538500.0,683625.0,3,bluVid,478500.0,538500.0,5,bluVid,683625.0,803625.0,False
17,3,6,boring-1,boring,False,relaxed,relaxed-1,803625.0,922291.667,5,bluVid,743625.0,803625.0,7,bluVid,922291.667,1042291.667,False
17,4,8,amusing-1,amusing,True,boring,boring-1,1042291.667,1227875.0,7,bluVid,982291.667,1042291.667,9,bluVid,1227875.0,1347875.0,False
17,5,10,scary-2,scary,True,amusing,amusing-1,1347875.0,1491625.0,9,bluVid,1287875.0,1347875.0,11,bluVid,1491625.0,1611625.0,False
17,6,12,relaxed-2,relaxed,False,scary,scary-2,1611625.0,1758375.0,11,bluVid,1551625.0,1611625.0,13,bluVid,1758375.0,1878375.0,False
17,7,14,boring-2,boring,False,relaxed,relaxed-2,1878375.0,2038500.0,13,bluVid,1818375.0,1878375.0,15,bluVid,2038500.0,2158500.0,False
17,8,16,amusing-2,amusing,True,boring,boring-2,2158500.0,2331583.333,15,bluVid,2098500.0,2158500.0,17,endVid,2331583.333,2451583.333,True
18,1,2,amusing-2,amusing,True,,,221500.0,394583.333,1,bluVid,161500.0,221500.0,3,bluVid,394583.333,514583.333,False
18,2,4,scary-2,scary,True,amusing,amusing-2,514583.333,658333.333,3,bluVid,454583.333,514583.333,5,bluVid,658333.333,778333.333,False
18,3,6,boring-2,boring,False,scary,scary-2,778333.333,938458.333,5,bluVid,718333.333,778333.333,7,bluVid,938458.333,1058458.333,False
18,4,8,relaxed-2,relaxed,False,boring,boring-2,1058458.333,1205208.333,7,bluVid,998458.3330000001,1058458.333,9,bluVid,1205208.333,1325208.333,False
18,5,10,amusing-1,amusing,True,relaxed,relaxed-2,1325208.333,1510791.6660000002,9,bluVid,1265208.333,1325208.333,11,bluVid,1510791.6660000002,1630791.6660000002,False
18,6,12,boring-1,boring,False,amusing,amusing-1,1630791.6660000002,1749458.333,11,bluVid,1570791.6660000002,1630791.6660000002,13,bluVid,1749458.333,1869458.333,False
18,7,14,scary-1,scary,True,boring,boring-1,1869458.333,2066458.333,13,bluVid,1809458.333,1869458.333,15,bluVid,2066458.333,2186458.333,False
18,8,16,relaxed-1,relaxed,False,scary,scary-1,2186458.333,2331583.333,15,bluVid,2126458.333,2186458.333,17,endVid,2331583.333,2451583.333,True
19,1,2,boring-1,boring,False,,,221500.0,340166.667,1,bluVid,161500.0,221500.0,3,bluVid,340166.667,460166.667,False
19,2,4,amusing-1,amusing,True,boring,boring-1,460166.667,645750.0,3,bluVid,400166.667,460166.667,5,bluVid,645750.0,765750.0,False
19,3,6,scary-1,scary,True,amusing,amusing-1,765750.0,962750.0,5,bluVid,705750.0,765750.0,7,bluVid,962750.0,1082750.0,False
19,4,8,relaxed-1,relaxed,False,scary,scary-1,1082750.0,1227875.0,7,bluVid,1022750.0,1082750.0,9,bluVid,1227875.0,1347875.0,False
19,5,10,boring-2,boring,False,relaxed,relaxed-1,1347875.0,1508000.0,9,bluVid,1287875.0,1347875.0,11,bluVid,1508000.0,1628000.0,False
19,6,12,amusing-2,amusing,True,boring,boring-2,1628000.0,1801083.333,11,bluVid,1568000.0,1628000.0,13,bluVid,1801083.333,1921083.333,False
19,7,14,relaxed-2,relaxed,False,amusing,amusing-2,1921083.333,2067833.333,13,bluVid,1861083.333,1921083.333,15,bluVid,2067833.333,2187833.333,False
19,8,16,scary-2,scary,True,relaxed,relaxed-2,2187833.333,2331583.333,15,bluVid,2127833.333,2187833.333,17,endVid,2331583.333,2451583.333,True
20,1,2,boring-2,boring,False,,,221500.0,381625.0,1,bluVid,161500.0,221500.0,3,bluVid,381625.0,501625.0,False
20,2,4,scary-2,scary,True,boring,boring-2,501625.0,645375.0,3,bluVid,441625.0,501625.0,5,bluVid,645375.0,765375.0,False
20,3,6,amusing-2,amusing,True,scary,scary-2,765375.0,938458.333,5,bluVid,705375.0,765375.0,7,bluVid,938458.333,1058458.333,False
20,4,8,relaxed-2,relaxed,False,amusing,amusing-2,1058458.333,1205208.333,7,bluVid,998458.3330000001,1058458.333,9,bluVid,1205208.333,1325208.333,False
20,5,10,boring-1,boring,False,relaxed,relaxed-2,1325208.333,1443875.0,9,bluVid,1265208.333,1325208.333,11,bluVid,1443875.0,1563875.0,False
20,6,12,amusing-1,amusing,True,boring,boring-1,1563875.0,1749458.333,11,bluVid,1503875.0,1563875.0,13,bluVid,1749458.333,1869458.333,False
20,7,14,relaxed-1,relaxed,False,amusing,amusing-1,1869458.333,2014583.333,13,bluVid,1809458.333,1869458.333,15,bluVid,2014583.333,2134583.333,False
20,8,16,scary-1,scary,True,relaxed,relaxed-1,2134583.333,2331583.333,15,bluVid,2074583.333,2134583.333,17,endVid,2331583.333,2451583.333,True
21,1,2,amusing-1,amusing,True,,,221500.0,407083.333,1,bluVid,161500.0,221500.0,3,bluVid,407083.333,527083.333,False
21,2,4,relaxed-1,relaxed,False,amusing,amusing-1,527083.333,672208.333,3,bluVid,467083.333,527083.333,5,bluVid,672208.333,792208.333,False
21,3,6,boring-1,boring,False,relaxed,relaxed-1,792208.333,910875.0,5,bluVid,732208.333,792208.333,7,bluVid,910875.0,1030875.0,False
21,4,8,scary-1,scary,True,boring,boring-1,1030875.0,1227875.0,7,bluVid,970875.0,1030875.0,9,bluVid,1227875.0,1347875.0,False
21,5,10,relaxed-2,relaxed,False,scary,scary-1,1347875.0,1494625.0,9,bluVid,1287875.0,1347875.0,11,bluVid,1494625.0,1614625.0,False
21,6,12,boring-2,boring,False,relaxed,relaxed-2,1614625.0,1774750.0,11,bluVid,1554625.0,1614625.0,13,bluVid,1774750.0,1894750.0,False
21,7,14,amusing-2,amusing,True,boring,boring-2,1894750.0,2067833.333,13,bluVid,1834750.0,1894750.0,15,bluVid,2067833.333,2187833.333,False
21,8,16,scary-2,scary,True,amusing,amusing-2,2187833.333,2331583.333,15,bluVid,2127833.333,2187833.333,17,endVid,2331583.333,2451583.333,True
22,1,2,amusing-2,amusing,True,,,221500.0,394583.333,1,bluVid,161500.0,221500.0,3,bluVid,394583.333,514583.333,False
22,2,4,scary-2,scary,True,amusing,amusing-2,514583.333,658333.333,3,bluVid,454583.333,514583.333,5,bluVid,658333.333,778333.333,False
22,3,6,boring-2,boring,False,scary,scary-2,778333.333,938458.333,5,bluVid,718333.333,778333.333,7,bluVid,938458.333,1058458.333,False
22,4,8,relaxed-2,relaxed,False,boring,boring-2,1058458.333,1205208.333,7,bluVid,998458.3330000001,1058458.333,9,bluVid,1205208.333,1325208.333,False
22,5,10,scary-1,scary,True,relaxed,relaxed-2,1325208.333,1522208.333,9,bluVid,1265208.333,1325208.333,11,bluVid,1522208.333,1642208.333,False
22,6,12,relaxed-1,relaxed,False,scary,scary-1,1642208.333,1787333.333,11,bluVid,1582208.333,1642208.333,13,bluVid,1787333.333,1907333.333,False
22,7,14,boring-1,boring,False,relaxed,relaxed-1,1907333.333,2026000.0,13,bluVid,1847333.333,1907333.333,15,bluVid,2026000.0,2146000.0,False
22,8,16,amusing-1,amusing,True,boring,boring-1,2146000.0,2331583.333,15,bluVid,2086000.0,2146000.0,17,endVid,2331583.333,2451583.333,True
23,1,2,scary-1,scary,True,,,221500.0,418500.0,1,bluVid,161500.0,221500.0,3,bluVid,418500.0,538500.0,False
23,2,4,amusing-1,amusing,True,scary,scary-1,538500.0,724083.333,3,bluVid,478500.0,538500.0,5,bluVid,724083.333,844083.333,False
23,3,6,boring-1,boring,False,amusing,amusing-1,844083.333,962750.0,5,bluVid,784083.333,844083.333,7,bluVid,962750.0,1082750.0,False
23,4,8,relaxed-1,relaxed,False,boring,boring-1,1082750.0,1227875.0,7,bluVid,1022750.0,1082750.0,9,bluVid,1227875.0,1347875.0,False
23,5,10,scary-2,scary,True,relaxed,relaxed-1,1347875.0,1491625.0,9,bluVid,1287875.0,1347875.0,11,bluVid,1491625.0,1611625.0,False
23,6,12,relaxed-2,relaxed,False,scary,scary-2,1611625.0,1758375.0,11,bluVid,1551625.0,1611625.0,13,bluVid,1758375.0,1878375.0,False
23,7,14,boring-2,boring,False,relaxed,relaxed-2,1878375.0,2038500.0,13,bluVid,1818375.0,1878375.0,15,bluVid,2038500.0,2158500.0,False
23,8,16,amusing-2,amusing,True,boring,boring-2,2158500.0,2331583.333,15,bluVid,2098500.0,2158500.0,17,endVid,2331583.333,2451583.333,True
24,1,2,relaxed-2,relaxed,False,,,221500.0,368250.0,1,bluVid,161500.0,221500.0,3,bluVid,368250.0,488250.0,False
24,2,4,scary-2,scary,True,relaxed,relaxed-2,488250.0,632000.0,3,bluVid,428250.0,488250.0,5,bluVid,632000.0,752000.0,False
24,3,6,boring-2,boring,False,scary,scary-2,752000.0,912125.0,5,bluVid,692000.0,752000.0,7,bluVid,912125.0,1032125.0,False
24,4,8,amusing-2,amusing,True,boring,boring-2,1032125.0,1205208.333,7,bluVid,972125.0,1032125.0,9,bluVid,1205208.333,1325208.333,False
24,5,10,relaxed-1,relaxed,False,amusing,amusing-2,1325208.333,1470333.333,9,bluVid,1265208.333,1325208.333,11,bluVid,1470333.333,1590333.333,False
24,6,12,boring-1,boring,False,relaxed,relaxed-1,1590333.333,1709000.0,11,bluVid,1530333.333,1590333.333,13,bluVid,1709000.0,1829000.0,False
24,7,14,amusing-1,amusing,True,boring,boring-1,1829000.0,2014583.333,13,bluVid,1769000.0,1829000.0,15,bluVid,2014583.333,2134583.333,False
24,8,16,scary-1,scary,True,amusing,amusing-1,2134583.333,2331583.333,15,bluVid,2074583.333,2134583.333,17,endVid,2331583.333,2451583.333,True
25,1,2,amusing-1,amusing,True,,,221500.0,407083.333,1,bluVid,161500.0,221500.0,3,bluVid,407083.333,527083.333,False
25,2,4,scary-1,scary,True,amusing,amusing-1,527083.333,724083.333,3,bluVid,467083.333,527083.333,5,bluVid,724083.333,844083.333,False
25,3,6,relaxed-1,relaxed,False,scary,scary-1,844083.333,989208.333,5,bluVid,784083.333,844083.333,7,bluVid,989208.333,1109208.333,False
25,4,8,boring-1,boring,False,relaxed,relaxed-1,1109208.333,1227875.0,7,bluVid,1049208.333,1109208.333,9,bluVid,1227875.0,1347875.0,False
25,5,10,amusing-2,amusing,True,boring,boring-1,1347875.0,1520958.333,9,bluVid,1287875.0,1347875.0,11,bluVid,1520958.333,1640958.333,False
25,6,12,relaxed-2,relaxed,False,amusing,amusing-2,1640958.333,1787708.333,11,bluVid,1580958.333,1640958.333,13,bluVid,1787708.333,1907708.333,False
25,7,14,scary-2,scary,True,relaxed,relaxed-2,1907708.333,2051458.333,13,bluVid,1847708.333,1907708.333,15,bluVid,2051458.333,2171458.333,False
25,8,16,boring-2,boring,False,scary,scary-2,2171458.333,2331583.333,15,bluVid,2111458.333,2171458.333,17,endVid,2331583.333,2451583.333,True
26,1,2,relaxed-2,relaxed,False,,,221500.0,368250.0,1,bluVid,161500.0,221500.0,3,bluVid,368250.0,488250.0,False
26,2,4,scary-2,scary,True,relaxed,relaxed-2,488250.0,632000.0,3,bluVid,428250.0,488250.0,5,bluVid,632000.0,752000.0,False
26,3,6,boring-2,boring,False,scary,scary-2,752000.0,912125.0,5,bluVid,692000.0,752000.0,7,bluVid,912125.0,1032125.0,False
26,4,8,amusing-2,amusing,True,boring,boring-2,1032125.0,1205208.333,7,bluVid,972125.0,1032125.0,9,bluVid,1205208.333,1325208.333,False
26,5,10,boring-1,boring,False,amusing,amusing-2,1325208.333,1443875.0,9,bluVid,1265208.333,1325208.333,11,bluVid,1443875.0,1563875.0,False
26,6,12,relaxed-1,relaxed,False,boring,boring-1,1563875.0,1709000.0,11,bluVid,1503875.0,1563875.0,13,bluVid,1709000.0,1829000.0,False
26,7,14,scary-1,scary,True,relaxed,relaxed-1,1829000.0,2026000.0,13,bluVid,1769000.0,1829000.0,15,bluVid,2026000.0,2146000.0,False
26,8,16,amusing-1,amusing,True,scary,scary-1,2146000.0,2331583.333,15,bluVid,2086000.0,2146000.0,17,endVid,2331583.333,2451583.333,True
27,1,2,boring-1,boring,False,,,221500.0,340166.667,1,bluVid,161500.0,221500.0,3,bluVid,340166.667,460166.667,False
27,2,4,relaxed-1,relaxed,False,boring,boring-1,460166.667,605291.667,3,bluVid,400166.667,460166.667,5,bluVid,605291.667,725291.667,False
27,3,6,scary-1,scary,True,relaxed,relaxed-1,725291.667,922291.667,5,bluVid,665291.667,725291.667,7,bluVid,922291.667,1042291.667,False
27,4,8,amusing-1,amusing,True,scary,scary-1,1042291.667,1227875.0,7,bluVid,982291.667,1042291.667,9,bluVid,1227875.0,1347875.0,False
27,5,10,boring-2,boring,False,amusing,amusing-1,1347875.0,1508000.0,9,bluVid,1287875.0,1347875.0,11,bluVid,1508000.0,1628000.0,False
27,6,12,amusing-2,amusing,True,boring,boring-2,1628000.0,1801083.333,11,bluVid,1568000.0,1628000.0,13,bluVid,1801083.333,1921083.333,False
27,7,14,scary-2,scary,True,amusing,amusing-2,1921083.333,2064833.333,13,bluVid,1861083.333,1921083.333,15,bluVid,2064833.333,2184833.333,False
27,8,16,relaxed-2,relaxed,False,scary,scary-2,2184833.333,2331583.333,15,bluVid,2124833.333,2184833.333,17,endVid,2331583.333,2451583.333,True
28,1,2,scary-2,scary,True,,,221500.0,365250.0,1,bluVid,161500.0,221500.0,3,bluVid,365250.0,485250.0,False
28,2,4,relaxed-2,relaxed,False,scary,scary-2,485250.0,632000.0,3,bluVid,425250.0,485250.0,5,bluVid,632000.0,752000.0,False
28,3,6,amusing-2,amusing,True,relaxed,relaxed-2,752000.0,925083.333,5,bluVid,692000.0,752000.0,7,bluVid,925083.333,1045083.333,False
28,4,8,boring-2,boring,False,amusing,amusing-2,1045083.333,1205208.333,7,bluVid,985083.333,1045083.333,9,bluVid,1205208.333,1325208.333,False
28,5,10,relaxed-1,relaxed,False,boring,boring-2,1325208.333,1470333.333,9,bluVid,1265208.333,1325208.333,11,bluVid,1470333.333,1590333.333,False
28,6,12,boring-1,boring,False,relaxed,relaxed-1,1590333.333,1709000.0,11,bluVid,1530333.333,1590333.333,13,bluVid,1709000.0,1829000.0,False
28,7,14,scary-1,scary,True,boring,boring-1,1829000.0,2026000.0,13,bluVid,1769000.0,1829000.0,15,bluVid,2026000.0,2146000.0,False
28,8,16,amusing-1,amusing,True,scary,scary-1,2146000.0,2331583.333,15,bluVid,2086000.0,2146000.0,17,endVid,2331583.333,2451583.333,True
29,1,2,amusing-1,amusing,True,,,221500.0,407083.333,1,bluVid,161500.0,221500.0,3,bluVid,407083.333,527083.333,False
29,2,4,boring-1,boring,False,amusing,amusing-1,527083.333,645750.0,3,bluVid,467083.333,527083.333,5,bluVid,645750.0,765750.0,False
29,3,6,scary-1,scary,True,boring,boring-1,765750.0,962750.0,5,bluVid,705750.0,765750.0,7,bluVid,962750.0,1082750.0,False
29,4,8,relaxed-1,relaxed,False,scary,scary-1,1082750.0,1227875.0,7,bluVid,1022750.0,1082750.0,9,bluVid,1227875.0,1347875.0,False
29,5,10,boring-2,boring,False,relaxed,relaxed-1,1347875.0,1508000.0,9,bluVid,1287875.0,1347875.0,11,bluVid,1508000.0,1628000.0,False
29,6,12,relaxed-2,relaxed,False,boring,boring-2,1628000.0,1774750.0,11,bluVid,1568000.0,1628000.0,13,bluVid,1774750.0,1894750.0,False
29,7,14,amusing-2,amusing,True,relaxed,relaxed-2,1894750.0,2067833.333,13,bluVid,1834750.0,1894750.0,15,bluVid,2067833.333,2187833.333,False
29,8,16,scary-2,scary,True,amusing,amusing-2,2187833.333,2331583.333,15,bluVid,2127833.333,2187833.333,17,endVid,2331583.333,2451583.333,True
30,1,2,relaxed-2,relaxed,False,,,221500.0,368250.0,1,bluVid,161500.0,221500.0,3,bluVid,368250.0,488250.0,False
30,2,4,scary-2,scary,True,relaxed,relaxed-2,488250.0,632000.0,3,bluVid,428250.0,488250.0,5,bluVid,632000.0,752000.0,False
30,3,6,amusing-2,amusing,True,scary,scary-2,752000.0,925083.333,5,bluVid,692000.0,752000.0,7,bluVid,925083.333,1045083.333,False
30,4,8,boring-2,boring,False,amusing,amusing-2,1045083.333,1205208.333,7,bluVid,985083.333,1045083.333,9,bluVid,1205208.333,1325208.333,False
30,5,10,relaxed-1,relaxed,False,boring,boring-2,1325208.333,1470333.333,9,bluVid,1265208.333,1325208.333,11,bluVid,1470333.333,1590333.333,False
30,6,12,boring-1,boring,False,relaxed,relaxed-1,1590333.333,1709000.0,11,bluVid,1530333.333,1590333.333,13,bluVid,1709000.0,1829000.0,False
30,7,14,amusing-1,amusing,True,boring,boring-1,1829000.0,2014583.333,13,bluVid,1769000.0,1829000.0,15,bluVid,2014583.333,2134583.333,False
30,8,16,scary-1,scary,True,amusing,amusing-1,2134583.333,2331583.333,15,bluVid,2074583.333,2134583.333,17,endVid,2331583.333,2451583.333,True
