corrected_a,corrected_d,corrected_v,err_corrected,err_nrc,face,improvement,is_validated,midpoint_a,midpoint_d,midpoint_v,nrc_a,nrc_d,nrc_v,output_label,voice
0.27530976259275874,0.2987765403362189,0.535882448102503,0.4979282915813465,0.24851760501018835,Happy,-0.24941068657115814,False,0.47,0.39,0.985,0.24,0.296,0.99,joyful,Happy
0.00992481802931966,-0.12164323480395259,0.1610606805904676,0.08796880612509858,0.6718885696304113,Happy,0.5839197635053127,False,0.06799999999999998,-0.15599999999999997,0.21749999999999997,-0.298,-0.632,-0.084,nostalgic,Sad
0.7794933387211285,0.46226558073217294,0.5796566966608442,0.7495054654824664,0.8780753099820083,Happy,0.1285698444995419,False,0.51,0.01200000000000001,0.044499999999999984,0.694,0.192,0.884,amused,Disgusted
0.7671558581659479,-0.013457032041617106,-0.16754914589232964,0.30205612255176445,0.8605935451768157,Happy,0.5585374226250512,True,0.575,-0.011999999999999983,0.0655,0.64,-0.574,-0.583,nervous,Fear
0.7716880440940088,0.41855643529928044,0.3959911160055066,0.3691218459843627,0.7710202656221171,Happy,0.4018984196377544,True,0.565,0.299,0.11449999999999999,0.862,0.418,0.816,excited,Angry
-0.5107294500904895,-0.0414994351750923,0.61237937461816,1.1875280824448748,1.640367717921808,Happy,0.45283963547693307,False,0.61,0.257,0.8674999999999999,-0.9,-0.373,0.75,calm,Surprised
-0.4219154651462892,-0.12240138647858635,0.16837028729261264,0.48224913318064083,0.34015768402316,Happy,-0.14209144915748084,False,-0.08100000000000002,0.05200000000000002,0.4615,-0.408,0.118,0.528,content,Neutral
0.06076140593227208,-0.13605147782920246,-0.14249514815651593,0.36062008745646434,0.30632703112849835,Sad,-0.054293056327965994,False,0.06799999999999998,-0.15599999999999997,0.21749999999999997,0.138,-0.052,-0.062,bittersweet,Happy
-0.020593755909758593,-0.43783850586870043,-0.48648540776654825,0.41477568906942247,0.46092949569321334,Sad,0.04615380662379087,True,-0.334,-0.702,-0.55,-0.11,-0.728,-0.952,depressed,Sad
0.07434062000447311,-0.38973142665328253,-0.4910168932219673,0.27524995358322707,0.20717384004743447,Sad,-0.0680761135357926,False,0.10800000000000001,-0.534,-0.7230000000000001,0.038,-0.62,-0.898,disillusioned,Disgusted
0.4305053146697558,-0.24607172531549687,-0.5544597969261297,0.4305535357582139,0.4865316022623812,Sad,0.055978066504167256,False,0.17300000000000001,-0.5579999999999999,-0.702,0.572,-0.304,-0.816,dreadful,Fear
-0.012920785508390542,-0.3854279762630609,-0.4190857385797748,0.3237689130876298,0.4647698355100081,Sad,0.14100092242237833,False,0.163,-0.247,-0.653,-0.08,-0.618,-0.792,grieved,Angry
-0.08887340169439167,-0.45007316350047905,-0.48635863004153923,0.6766792620273229,1.1334571010849948,Sad,0.4567778390576719,False,0.208,-0.289,0.09999999999999998,-0.156,-0.674,-0.902,sorrowful,Surprised
-0.08019984569808902,-0.44221080488887066,-0.5380913449910467,0.4677568571978982,0.6982900543470456,Sad,0.23053319714914738,True,-0.483,-0.494,-0.30600000000000005,-0.056,-0.518,-0.858,disappointed,Neutral
-0.3137661912472864,-0.49091407372856044,-0.7581207508651193,1.255274222277987,0.7820692104922684,Disgusted,-0.4732050117857185,False,0.51,0.01200000000000001,0.044499999999999984,0.104,0.174,-0.604,smug,Happy
-0.20410889543589172,-0.4425206671646682,-0.4330145096926864,0.43574306137330854,0.3529886683733629,Disgusted,-0.08275439299994564,False,0.10800000000000001,-0.534,-0.7230000000000001,-0.244,-0.558,-0.734,despondent,Sad
0.5330301807429982,-0.18718440757688568,-0.4360082772778454,0.49381714817545597,0.13676256797823005,Disgusted,-0.3570545801972259,False,0.55,-0.366,-0.896,0.562,-0.454,-0.792,nauseated,Disgusted
0.21230351027785804,-0.28774493584273775,-0.6631037498093768,0.46639101816521744,0.5782093046639772,Disgusted,0.1118182864987598,False,0.615,-0.39,-0.875,0.584,0.124,-0.612,appalled,Fear
0.07606123644171375,-0.26606965070392874,-0.3259870339004558,0.7515212811868487,0.6607919491034981,Disgusted,-0.09072933208335054,True,0.605,-0.079,-0.8260000000000001,0.096,-0.346,-0.5,fed up,Angry
0.245049887128238,-0.27682589794831114,-0.35421444227473264,0.5170569281328113,1.0015478021542457,Disgusted,0.4844908740214343,True,0.65,-0.121,-0.07300000000000001,0.15,-0.638,-0.77,grossed out,Surprised
-0.46497835708845153,-0.5115685123480995,-0.48480164633605394,0.4628466043461029,0.3768952109008551,Disgusted,-0.08595139344524783,False,-0.04099999999999998,-0.32599999999999996,-0.479,-0.396,-0.346,-0.604,unimpressed,Neutral
0.6202202250085129,-0.04988295759432018,-0.3216293455584954,0.39159815808870013,0.5463856238957977,Fear,0.15478746580709757,True,0.575,-0.011999999999999983,0.0655,0.75,-0.132,-0.438,anxious,Happy
-0.16437912905159452,-0.4313958498734414,-0.30338694169458347,0.5373505911418336,0.6737425324261488,Fear,0.1363919412843152,False,0.17300000000000001,-0.5579999999999999,-0.702,-0.404,-0.888,-0.812,hopeless,Sad
0.5714072200999836,-0.23204838722793775,-0.6410992221265932,0.2855846920380915,0.20475839421132414,Fear,-0.08082629782676737,True,0.615,-0.39,-0.875,0.77,-0.264,-0.92,horrified,Disgusted
0.3477595447996031,-0.16861395456255582,-0.22727823849266046,0.7505852368079571,0.5360970061472083,Fear,-0.21448823066074874,False,0.68,-0.414,-0.854,0.25,-0.536,-0.558,petrified,Fear
0.6133694826910805,-0.1827707610479668,-0.5764008884697978,0.2486522543659025,0.1825102736834286,Fear,-0.0661419806824739,False,0.67,-0.103,-0.8049999999999999,0.804,-0.226,-0.82,terrified,Angry
0.30972429077145963,-0.14016479837686902,-0.23631073417783938,0.4452440077065687,0.5335410012360813,Fear,0.08829699352951259,False,0.7150000000000001,-0.145,-0.05199999999999999,0.326,-0.288,-0.388,stunned,Surprised
-0.2537797649562654,-0.26257575130291044,-0.23330131930192183,0.36782345518858023,0.5690483283518193,Fear,0.20122487316323906,False,0.02400000000000002,-0.35,-0.45799999999999996,-0.11,0.034,-0.06,cautious,Neutral
0.6945568680256284,0.08157967458310023,0.02913759000918842,0.2671017053416921,0.7726177903724455,Angry,0.5055160850307534,True,0.565,0.299,0.11449999999999999,0.562,-0.404,-0.206,sarcastic,Happy
0.38881231122587073,-0.27525807177251227,-0.5347137342171967,0.256478769480653,0.42069822913817934,Angry,0.16421945965752632,False,0.163,-0.247,-0.653,0.46,-0.44,-0.88,frustration,Sad
0.2949331849946932,-0.18775387720625075,-0.3298119032348068,0.5951230653792476,0.46444160020394387,Angry,-0.13068146517530377,False,0.605,-0.079,-0.8260000000000001,0.346,-0.294,-0.506,repulsed,Disgusted
0.5061054321224292,-0.1662925519614305,-0.5322744362389954,0.32441733868941686,0.2059563060457241,Angry,-0.11846103264369276,True,0.67,-0.103,-0.8049999999999999,0.754,-0.052,-0.624,hostile,Fear
0.40478961731998836,-0.31357913997117765,-0.8892821874013477,0.5957694857570663,0.273970801363941,Angry,-0.32179868439312537,False,0.66,0.208,-0.756,0.906,0.196,-0.876,furious,Angry
0.500134972345557,-0.07968251544728018,-0.2538504160984141,0.40651630866314115,0.6073763248596376,Angry,0.2008600161964964,False,0.7050000000000001,0.16599999999999998,-0.0030000000000000027,0.546,-0.25,-0.416,shocked,Surprised
-0.6513099006830398,-0.37168166603666697,-0.23396869613356605,0.7641664165592419,0.7141890506021498,Angry,-0.049977365957092124,False,0.014000000000000012,-0.03899999999999999,-0.40900000000000003,-0.47,0.142,0.084,unaffected,Neutral
0.6296902656369054,0.308965762312193,0.39545881607631395,0.47530098499120993,0.33924217013808877,Surprised,-0.13605881485312116,True,0.61,0.257,0.8674999999999999,0.558,0.066,0.592,amazed,Happy
0.6855377658035169,-0.11805236536867031,-0.41727363397429595,0.7244566404966104,1.0078318312099492,Surprised,0.28337519071333883,False,0.208,-0.289,0.09999999999999998,0.74,-0.39,-0.75,disturbed,Sad
0.245049887128238,-0.27682589794831114,-0.35421444227473264,0.5170569281328113,1.0015478021542457,Surprised,0.4844908740214343,False,0.65,-0.121,-0.07300000000000001,0.15,-0.638,-0.77,grossed out,Disgusted
0.3677920997947259,-0.22211348948973855,-0.5718831277871417,0.6299033916276219,0.590648795816939,Surprised,-0.03925459581068291,False,0.7150000000000001,-0.145,-0.05199999999999999,0.644,-0.016,-0.624,alarmed,Fear
0.5059941725648003,-0.06980895545968328,-0.35807508686221257,0.4704120535640676,0.3509729334293458,Surprised,-0.1194391201347218,True,0.7050000000000001,0.16599999999999998,-0.0030000000000000027,0.73,0.052,-0.334,startled,Angry
0.45319273641573304,0.20149648010318044,0.33001132385135545,0.5200872467556326,0.5255853879247406,Surprised,0.005498141169108073,False,0.75,0.124,0.75,0.35,-0.052,0.458,astound,Surprised
-1.4837641345090848,-0.5327398633796157,-0.27227204448378195,1.7216217098149116,1.4356900779764412,Surprised,-0.28593163183847037,False,0.059,-0.08099999999999999,0.344,-1.0,0.833,0.667,unfazed,Neutral
-0.5679859446999063,-0.3611025414478603,-0.09746142284562304,0.8486736076463934,0.8318036126394258,Neutral,-0.01686999500696762,False,-0.08100000000000002,0.05200000000000002,0.4615,-0.632,-0.286,-0.062,neutral,Happy
-0.5230184053504023,-0.38072855677238426,-0.08742093516048541,0.2494167199763737,0.22549722836434163,Neutral,-0.02391949161203208,False,-0.483,-0.494,-0.30600000000000005,-0.686,-0.5,-0.208,indifferent,Sad
-0.06152742842537129,-0.28146628078626135,-0.1712310714362947,0.31165099206326613,0.2966041132553627,Neutral,-0.015046878807903452,True,-0.04099999999999998,-0.32599999999999996,-0.479,-0.208,-0.568,-0.44,detached,Disgusted
-0.2537797649562654,-0.26257575130291044,-0.23330131930192183,0.36782345518858023,0.5690483283518193,Neutral,0.20122487316323906,False,0.02400000000000002,-0.35,-0.45799999999999996,-0.11,0.034,-0.06,cautious,Fear
-1.2298775461237867,-0.4127425624523373,-0.06206367499860685,1.3443510205094669,1.558612844807844,Neutral,0.21426182429837715,False,0.014000000000000012,-0.03899999999999999,-0.40900000000000003,-0.963,0.524,0.667,unbothered,Angry
-1.1772450573881075,-0.5992857326610019,-0.33611737604974007,1.5031572066158816,1.124207276261811,Neutral,-0.37894993035407065,False,0.059,-0.08099999999999999,0.344,-1.0,0.074,0.0,unsurprised,Surprised
-0.5278067431058812,-0.34850628327637556,-0.3635373957568726,0.3250970182438885,0.8017780241438399,Neutral,0.47668100589995144,True,-0.632,-0.286,-0.062,-0.188,0.37,0.062,impartial,Neutral
