consensus,err_corrected,err_nrc,err_scaled,face,improvement,improvement_pct,output_label,voice
57.0,0.3998378517940107,0.8605935451768157,4.852952991998466e-13,Happy,0.46075569338280503,53.53929226689746,Nervous,Fear
84.0,0.6349974808581645,0.7710202656221171,4.1714325801399905e-13,Happy,0.13602278476395258,17.64192081955495,Excited,Angry
78.0,0.5535686749109868,0.46092949569321334,2.4666585396914526e-13,Sad,-0.09263917921777348,-20.09834043669697,Depressed,Sad
63.0,0.5791832443487761,0.6982900543470456,4.636205378205504e-13,Sad,0.1191068099982695,17.056924877653152,Disappointed,Neutral
45.0,0.8411229103372425,0.6607919491034981,5.52288442031162e-13,Disgusted,-0.18033096123374437,-27.290126866425656,Fed up,Angry
75.0,0.6177293153437134,1.0015478021542457,6.860768975057696e-13,Disgusted,0.3838184868105322,38.32253298190935,Grossed out,Surprised
55.0,0.48207564361638794,0.5463856238957977,2.622551068906854e-13,Fear,0.06430998027940976,11.770071807664682,Anxious,Happy
77.0,0.44830180145061166,0.20475839421132414,1.4650371952686026e-13,Fear,-0.24354340723928752,-118.94184273917742,Horrified,Disgusted
60.0,0.326253292272382,0.7726177903724455,5.651562124556126e-13,Angry,0.4463644981000635,57.7730028562134,Sarcastic,Happy
68.0,0.47726755439651275,0.2059563060457241,1.0063159825064849e-13,Angry,-0.2713112483507887,-131.7324308046377,Hostile,Fear
78.0,0.6659618599179538,0.33924217013808877,1.5877311081225584e-13,Surprised,-0.326719689779865,-96.30868993849155,Amazed,Happy
50.0,0.5633767347815724,0.6213453146198176,3.887534075286021e-13,Surprised,0.057968579838245216,9.329527152485433,Astound,Angry
67.0,0.43139359365315666,0.2966041132553627,1.9726673923749637e-13,Neutral,-0.13478948039779398,-45.44423842203831,Detached,Disgusted
73.0,1.1828962896457542,0.8017780241438399,6.482714671475428e-13,Neutral,-0.3811182655019143,-47.5341371333303,Impartial,Neutral
