a_dev,d_dev,face,fvdist_3d,is_validated,middist_3d,output_label,predicted_consensus_3d,v_dev,voice
0.22999999999999998,0.09400000000000003,Happy,0.0,False,0.24851760501018835,joyful,69.18733433998189,0.0050000000000000044,Happy
0.366,0.47600000000000003,Happy,2.048195547304993,False,0.6718885696304113,nostalgic,65.75398443812537,0.3015,Sad
0.18399999999999994,0.18,Happy,2.02881665016827,False,0.8780753099820083,amused,64.0819018346684,0.8395,Disgusted
0.06500000000000006,0.5619999999999999,Happy,2.018027997823618,True,0.8605935451768157,nervous,64.22367115872214,0.6485,Fear
0.29700000000000004,0.119,Happy,1.760768298215299,True,0.7710202656221171,excited,64.95007054901562,0.7015,Angry
1.51,0.63,Happy,0.45208516896708745,False,1.640367717921808,calm,57.90005002455714,0.11749999999999994,Surprised
0.32699999999999996,0.06599999999999998,Happy,1.6636072252788516,False,0.34015768402316,content,68.4441741268871,0.0665,Neutral
0.07000000000000003,0.10399999999999998,Sad,2.048195547304993,False,0.30632703112849835,bittersweet,68.71852564955192,0.27949999999999997,Happy
0.22400000000000003,0.026000000000000023,Sad,0.0,True,0.46092949569321334,depressed,67.46476854078044,0.4019999999999999,Sad
0.07,0.08599999999999997,Sad,1.0070094339180742,False,0.20717384004743447,disillusioned,69.52261385425983,0.17499999999999993,Disgusted
0.3989999999999999,0.25399999999999995,Sad,1.0970669988656117,False,0.4865316022623812,dreadful,67.25714686281435,0.11399999999999999,Fear
0.243,0.371,Sad,1.3632945389753455,False,0.4647698355100081,grieved,67.43362509582333,0.139,Angry
0.364,0.38500000000000006,Sad,1.8834362213783613,False,1.1334571010849948,sorrowful,62.01086928711071,1.002,Surprised
0.427,0.02400000000000002,Sad,0.7071096096080154,True,0.6982900543470456,disappointed,65.53988015952413,0.5519999999999999,Neutral
0.406,0.16199999999999998,Disgusted,2.02881665016827,False,0.7820692104922684,smug,64.86046852867022,0.6485,Happy
0.352,0.02400000000000002,Disgusted,1.0070094339180742,False,0.3529886683733629,despondent,68.34012056029685,0.010999999999999899,Sad
0.01200000000000001,0.08800000000000002,Disgusted,0.0,False,0.13676256797823005,nauseated,70.09361790094793,0.10399999999999998,Disgusted
0.031000000000000028,0.514,Disgusted,0.14480331487918363,False,0.5782093046639772,appalled,66.5136815407999,0.263,Fear
0.509,0.26699999999999996,Disgusted,0.6009792009712149,True,0.6607919491034981,fed up,65.84397308680654,0.32600000000000007,Angry
0.5,0.517,Disgusted,1.7289927703723922,True,1.0015478021542457,grossed out,63.08059493290247,0.6970000000000001,Surprised
0.35500000000000004,0.020000000000000018,Disgusted,1.4488202096878688,False,0.3768952109008551,unimpressed,68.14624915129713,0.125,Neutral
0.17500000000000004,0.12000000000000002,Fear,2.018027997823618,True,0.5463856238957977,anxious,66.7717574136698,0.5035000000000001,Happy
0.5770000000000001,0.33000000000000007,Fear,1.0970669988656117,False,0.6737425324261488,hopeless,65.73894962583374,0.1100000000000001,Sad
0.15500000000000003,0.126,Fear,0.14480331487918363,True,0.20475839421132414,horrified,69.54220204385565,0.04500000000000004,Disgusted
0.43000000000000005,0.12200000000000005,Fear,0.0,False,0.5360970061472083,petrified,66.85519351980203,0.29599999999999993,Fear
0.134,0.12300000000000001,Fear,0.6299904761184887,False,0.1825102736834286,terrified,69.72262438930267,0.015000000000000013,Angry
0.38900000000000007,0.143,Fear,1.6932690276503615,False,0.5335410012360813,stunned,66.87592158087404,0.336,Surprised
0.134,0.384,Fear,1.5378530488964153,False,0.5690483283518193,cautious,66.58797297727209,0.39799999999999996,Neutral
0.0029999999999998916,0.7030000000000001,Angry,1.760768298215299,True,0.7726177903724455,sarcastic,64.93711533502338,0.3205,Happy
0.29700000000000004,0.193,Angry,1.3632945389753455,False,0.42069822913817934,frustration,67.79102618861464,0.22699999999999998,Sad
0.259,0.21499999999999997,Angry,0.6009792009712149,False,0.46444160020394387,repulsed,67.43628693791936,0.32000000000000006,Disgusted
0.08399999999999996,0.051,Angry,0.6299904761184887,True,0.2059563060457241,hostile,69.53248751257513,0.18099999999999994,Fear
0.246,0.011999999999999983,Angry,0.0,False,0.273970801363941,furious,68.98092025752,0.12,Angry
0.15900000000000003,0.416,Angry,1.5110234941919334,False,0.6073763248596376,shocked,66.27715000157153,0.413,Surprised
0.484,0.181,Angry,1.5475580764546446,False,0.7141890506021498,unaffected,65.4109463832529,0.49300000000000005,Neutral
0.051999999999999935,0.191,Surprised,0.45208516896708745,True,0.33924217013808877,amazed,68.45159853661316,0.27549999999999997,Happy
0.532,0.10100000000000003,Surprised,1.8834362213783613,False,1.0078318312099492,disturbed,63.02963425693591,0.85,Sad
0.5,0.517,Surprised,1.7289927703723922,False,1.0015478021542457,grossed out,63.08059493290247,0.6970000000000001,Disgusted
0.07100000000000006,0.129,Surprised,1.6932690276503615,False,0.590648795816939,alarmed,66.4128028096203,0.5720000000000001,Fear
0.02499999999999991,0.11399999999999999,Surprised,1.5110234941919334,True,0.3509729334293458,startled,68.35646727263793,0.331,Angry
0.4,0.176,Surprised,0.0,False,0.5255853879247406,astound,66.94043806042573,0.292,Surprised
1.059,0.9139999999999999,Surprised,1.654499320036125,False,1.4356900779764412,unfazed,59.559894496057495,0.32300000000000006,Neutral
0.5509999999999999,0.33799999999999997,Neutral,1.6636072252788516,False,0.8318036126394258,neutral,64.45714468504289,0.5235000000000001,Happy
0.20300000000000007,0.006000000000000005,Neutral,0.7071096096080154,False,0.22549722836434163,indifferent,69.37401933848814,0.09800000000000006,Sad
0.167,0.242,Neutral,1.4488202096878688,True,0.2966041132553627,detached,68.79737418172614,0.03899999999999998,Disgusted
0.134,0.384,Neutral,1.5378530488964153,False,0.5690483283518193,cautious,66.58797297727209,0.39799999999999996,Fear
0.977,0.5630000000000001,Neutral,1.5475580764546446,False,1.558612844807844,unbothered,58.563045621890815,1.076,Angry
1.059,0.15499999999999997,Neutral,1.654499320036125,False,1.124207276261811,unsurprised,62.08588124542334,0.344,Surprised
0.444,0.6559999999999999,Neutral,0.0,True,0.8017780241438399,impartial,64.70063883067232,0.124,Neutral
