consensus_exact,consensus_rate,face,face_a,face_v,fv_dist,mid_dev_norm,midpoint_a,midpoint_dist,midpoint_v,output_a,output_label,output_v,outside_segment,segment_dist,t_clipped,t_raw,thesis_label,voice,voice_a,voice_v
True,57.0,Happy,0.47,0.985,1.8509513769950847,0.35211588201501126,0.575,0.651749376677876,0.0655,0.64,Nervous,-0.583,False,0.008995374058410145,0.8520823427527151,0.8520823427527151,Nervous,Fear,0.68,-0.854
True,84.0,Happy,0.47,0.985,1.751336917900151,0.43497149008194086,0.565,0.7617816288149775,0.11449999999999999,0.862,Excited,0.816,False,0.37135173326888044,0.12021103417111675,0.12021103417111675,Excited,Angry,0.66,-0.756
True,78.0,Sad,-0.334,-0.55,0.0,460195610583.1519,-0.334,0.4601956105831519,-0.55,-0.11,Depressed,-0.952,False,0.4601956105831519,0.5,0.5,Depressed,Sad,-0.334,-0.55
False,63.0,Sad,-0.334,-0.55,0.5717936690800275,1.2205058120612682,-0.483,0.6978774964132315,-0.30600000000000005,-0.056,Disappointed,-0.858,True,0.41490721854409807,0.0,-0.7131042245250009,Disappointed,Neutral,-0.632,-0.062
False,45.0,Disgusted,0.55,-0.896,0.17804493814764855,3.3949164073832137,0.605,0.6044476817723764,-0.8260000000000001,0.096,Fed up,-0.5,False,0.6016458603904138,0.1735015772870666,0.1735015772870666,Fed up,Angry,0.66,-0.756
False,75.0,Disgusted,0.55,-0.896,1.6581061485924236,0.5173330424739658,0.65,0.8577930985966256,-0.07300000000000001,0.15,Grossed out,-0.77,False,0.41227758583508806,0.04633734354290304,0.04633734354290304,Grossed out,Surprised,0.75,0.75
False,55.0,Fear,0.68,-0.854,1.8509513769950847,0.2879844751014171,0.575,0.5330452607424627,0.0655,0.75,Anxious,-0.438,False,0.11674536818509515,0.2190074141401935,0.2190074141401935,Anxious,Happy,0.47,0.985
False,77.0,Fear,0.68,-0.854,0.13661625086350454,1.1814123348749026,0.615,0.16140012391568975,-0.875,0.77,Horrified,-0.92,True,0.11160645142642965,0.0,-0.47835405057865354,Horrified,Disgusted,0.55,-0.896
False,60.0,Angry,0.66,-0.756,1.751336917900151,0.18301106827474514,0.565,0.3205140402540893,0.11449999999999999,0.562,Sarcastic,-0.206,False,0.037752872861993525,0.3182629261201083,0.3182629261201083,Frustration,Happy,0.47,0.985
False,68.0,Angry,0.66,-0.756,0.10001999800039987,1.9950207910539892,0.67,0.1995419755339712,-0.8049999999999999,0.754,Hostile,-0.624,True,0.1620493751916372,0.0,-1.10515793682527,Hostile,Fear,0.68,-0.854
False,78.0,Surprised,0.75,0.75,0.36554753452868477,0.7669713742147634,0.61,0.28036449489905096,0.8674999999999999,0.558,Amazed,0.592,False,0.24445521186516944,0.12445275958840027,0.12445275958840027,Amazed,Happy,0.47,0.985
False,50.0,Surprised,0.75,0.75,1.5086868462341678,0.385664566768399,0.7050000000000001,0.5818470589424682,-0.0030000000000000027,0.35,Astound,0.458,False,0.38186851130706995,0.2090173873617394,0.2090173873617394,Astound,Angry,0.66,-0.756
False,67.0,Neutral,-0.632,-0.062,1.4466098299126824,0.11854851015218852,-0.04099999999999998,0.1714934401077779,-0.479,-0.208,Detached,-0.44,False,0.0644126688988587,0.3901313148689719,0.3901313148689719,Detached,Disgusted,0.55,-0.896
False,73.0,Neutral,-0.632,-0.062,0.0,460990238508.36584,-0.632,0.46099023850836585,-0.062,-0.188,Impartial,0.062,False,0.46099023850836585,0.5,0.5,Impartial,Neutral,-0.632,-0.062
