item_id,scope,construct,prompt_zh,min_value,min_label_zh,max_value,max_label_zh,required,analysis_role
LEX_V,lexical,valence,这个词本身通常带给你的情感联想有多愉悦？,1,非常不愉悦,9,非常愉悦,yes,primary_dimension
LEX_A,lexical,arousal,这个词本身通常带给你的情感联想有多激活？,1,非常平静或低激活,9,非常激动或高激活,yes,primary_dimension
LEX_D,lexical,dominance,这个词本身通常让你联想到的体验者有多能控制自身感受和局面？,1,完全被支配或无控制,9,完全掌控或有控制,yes,primary_dimension
PRO_V,prototype,valence,这种典型情绪体验通常有多愉悦？,1,非常不愉悦,9,非常愉悦,yes,primary_dimension
PRO_A,prototype,arousal,这种典型情绪体验通常有多激活？,1,非常平静或低激活,9,非常激动或高激活,yes,primary_dimension
PRO_D,prototype,dominance,处于这种典型情绪体验的人通常有多能控制自身感受和局面？,1,完全被支配或无控制,9,完全掌控或有控制,yes,primary_dimension
IND_V,induced,valence,观看刚才视频时你自己实际感受到的状态有多愉悦？,1,非常不愉悦,9,非常愉悦,yes,primary_dimension
IND_A,induced,arousal,观看刚才视频时你自己实际感受到的状态有多激活？,1,非常平静或低激活,9,非常激动或高激活,yes,primary_dimension
IND_D,induced,dominance,观看刚才视频时你自己实际感受到的状态中，你有多能控制自身感受和当前局面？,1,完全被支配或无控制,9,完全掌控或有控制,yes,primary_dimension
INT_JOY,induced,joy,刚才你感到喜悦的程度。,1,完全没有,9,非常强烈,yes,manipulation_check
INT_AMUSEMENT,induced,amusement,刚才你感到被逗乐或觉得好笑的程度。,1,完全没有,9,非常强烈,yes,manipulation_check
INT_TENDERNESS,induced,tenderness,刚才你感到温情的程度。,1,完全没有,9,非常强烈,yes,manipulation_check
INT_ANGER,induced,anger,刚才你感到愤怒的程度。,1,完全没有,9,非常强烈,yes,manipulation_check
INT_SADNESS,induced,sadness,刚才你感到悲伤的程度。,1,完全没有,9,非常强烈,yes,manipulation_check
INT_FEAR,induced,fear,刚才你感到恐惧的程度。,1,完全没有,9,非常强烈,yes,manipulation_check
INT_DISGUST,induced,disgust,刚才你感到厌恶的程度。,1,完全没有,9,非常强烈,yes,purity_check
FAMILIARITY,induced,familiarity,在本次实验之前，你对这段视频内容有多熟悉？,1,完全不熟悉,9,非常熟悉,yes,covariate
SELF_RELEVANCE,induced,self_relevance,这段视频内容与你个人经历或关注有多相关？,1,完全不相关,9,非常相关,yes,covariate
DISCOMFORT,induced,discomfort,你观看这段视频时感到多不适？,1,完全没有不适,9,极度不适,yes,safety_and_pilot
