stimulus_id,concept_id,title,source,citation_or_license,duration_s,norm_valence,norm_arousal,norm_dominance,target_intensity,norm_hit_rate,success_index,pilot_n,approved,access_status,rights_status,target_purity_risk,notes
VID_JOY_01,JOY,Singing When We Are Young,Ge et al. 2019,10.1080/02699931.2018.1530197,60,5.91,5.58,6.15,6.00,75.8,3.98,0,no,locate_lawful_copy,copyrighted_research_use_requires_clearance,low,Published Chinese norm candidate
VID_JOY_02,JOY,Better And Better Part I,Ge et al. 2019,10.1080/02699931.2018.1530197,85,6.97,6.49,6.36,6.79,51.3,3.18,0,no,locate_lawful_copy,copyrighted_research_use_requires_clearance,medium,Published Chinese norm candidate
VID_AMUSE_01,AMUSEMENT,Just Another Pandora's Box,Ge et al. 2019,10.1080/02699931.2018.1530197,67,7.03,7.09,5.91,7.38,59.4,5.44,0,no,locate_lawful_copy,copyrighted_research_use_requires_clearance,low,Chinese label needs cognitive interview
VID_AMUSE_02,AMUSEMENT,Love on Delivery,Ge et al. 2019,10.1080/02699931.2018.1530197,83,7.71,7.37,5.43,7.57,54.3,5.25,0,no,locate_lawful_copy,copyrighted_research_use_requires_clearance,low,Chinese label needs cognitive interview
VID_TENDER_01,TENDERNESS,Hear Me,Ge et al. 2019,10.1080/02699931.2018.1530197,60,7.00,6.29,5.97,7.20,68.6,5.44,0,no,locate_lawful_copy,copyrighted_research_use_requires_clearance,low,Published Chinese norm candidate
VID_TENDER_02,TENDERNESS,A Simple Life,Ge et al. 2019,10.1080/02699931.2018.1530197,99,5.55,5.53,6.03,7.11,68.4,5.38,0,no,locate_lawful_copy,copyrighted_research_use_requires_clearance,low,Published Chinese norm candidate
VID_ANGER_01,ANGER,YiP Man,Ge et al. 2019,10.1080/02699931.2018.1530197,59,2.14,7.14,4.63,6.83,31.4,4.81,0,no,locate_lawful_copy,copyrighted_research_use_requires_clearance,medium,Only anger clip reported to meet all authors' criteria
VID_ANGER_02,ANGER,City of Life and Death,Ge et al. 2019,10.1080/02699931.2018.1530197,73,1.26,7.24,3.85,7.12,32.4,5.05,0,no,locate_lawful_copy,copyrighted_research_use_requires_clearance,high,Mixed sadness and disgust likely; exclude if pilot purity fails
VID_SAD_01,SADNESS,Aftershock,Ge et al. 2019,10.1080/02699931.2018.1530197,77,1.91,6.34,5.14,6.40,54.3,4.40,0,no,locate_lawful_copy,copyrighted_research_use_requires_clearance,medium,Published Chinese norm candidate
VID_SAD_02,SADNESS,I Want to Be You,Ge et al. 2019,10.1080/02699931.2018.1530197,54,2.46,6.54,5.49,5.74,57.1,4.21,0,no,locate_lawful_copy,copyrighted_research_use_requires_clearance,medium,Published Chinese norm candidate
VID_FEAR_01,FEAR,Chrysalis,Ge et al. 2019,10.1080/02699931.2018.1530197,68,1.53,7.53,3.00,7.18,73.5,4.92,0,no,locate_lawful_copy,copyrighted_research_use_requires_clearance,low,Published Chinese norm candidate
VID_FEAR_02,FEAR,Inner Senses,Ge et al. 2019,10.1080/02699931.2018.1530197,92,1.69,7.22,4.03,6.63,68.8,4.44,0,no,locate_lawful_copy,copyrighted_research_use_requires_clearance,low,Published Chinese norm candidate
